region_kod,region_nazwa,region_typ,related_to,rok_zalozenia,id_unikalne,kategoria,nazwa_firmy,kraj,miasto,adres,nip_vat,rejestr_id,www,kanal_zamiennik,email,telefon,linkedin,facebook,instagram,tiktok,tier,marki_nabijarki,marka_wlasna_oem,sourcing,wolumen,confidence_wolumen,kanal_sprzedaży,powinowactwo_nabijarki,cross_sell_potential,decydent,stanowisko,email_decydent,zrodlo_danych,data_weryfikacji,flagi,notatki,rynek_skala
MZ,mazowieckie,województwo,,,PL-B-MZ-001,B8,Lima S.A.,PL,"Nationwide (Hq Warsaw, Branches Białystok, Jelenia Góra, Wrocław, Bydgoszcz, Lublin, Gorzów Wielkopolski (Marcinkowskiego 14E, Łódź, Kraków, Warsaw, Opole, Rzeszów, Białystok, Gdańsk, Katowice, Kielce, Olsztyn, Poznań, Koszalin","ul. Leonidasa 55/215 oraz ul. Deszczowa 2, Warszawa",,,https://lima-sa.pl,,hurtownia@lima-warszawa.com,+48 606 689 456; +48 574 666 624,,,,,reseller,,,,duży,🟢,B2B only,5,wysoki,Dział hurtowni,Sprzedaż hurtowa,,intake_PL_2026-08-10 | https://lima-warszawa.com/pl/page/kontakt | https://lima-sa.pl,,🔍,orig_uzasadnienie: Dostęp do sklepów tytoniowych i tradycyjnego handlu; zasięg ponadregionalny. | orig_uwagi: Nie potwierdzone | Status źródłowy: Niezweryfikowany | orig_next: Telefon do działu zakupów + personalizowany e-mail tego samego dnia | user_orig_priorytet='A1 — kontakt natychmiast' | user_orig_score=90 | user_orig_segment='S2 — Hurtownie tytoniowe/FMCG',duży
PD,podlaskie,województwo,,,PL-B-PD-001,B4,Eurus Sp. z o.o. / Clipper Polska,PL,Białystok,"ul. Hurtowa 8, 15-399 Białystok",5423094347,314581(?),https://www.clipperpolska.pl,,sklep@clipperpolska.pl,+48 798 522 522,,,,,autoryzowany,,,,duży,🟢,B2B only,3,średni,,,,intake_PL_2026-08-10 | https://www.clipperpolska.pl/ | https://www.eurus.com.pl/kontakt/ | https://www.clipperpolska.pl,,🔍,orig_uzasadnienie: Sprzedaż komplementarnych akcesoriów dla palaczy; kompetencje importowo-dystrybucyjne. | orig_uwagi: Status źródłowy: Zweryfikowany — aktywna strona/B2B | orig_next: Telefon do działu zakupów + personalizowany e-mail tego samego dnia | user_orig_priorytet='A1 — kontakt natychmiast' | user_orig_score=88 | user_orig_segment='S3 — Akcesoria dla palaczy/headshop',duży
SL,śląskie,województwo,,,PL-B-SL-001,B4,BetaFlame / Firma Handlowa BETA Katarzyna Ślifierz,PL,Tychy,"ul. Przemysłowa 60, 43-100 Tychy",6462019385,,https://betaflame.pl,,hurt@betaflame.pl,+48 606 920 076,,,,,autoryzowany,,,,duży,🟢,B2B only,3,średni,,,,intake_PL_2026-08-10 | https://betaflame.pl/pl/i/Regulaminy/2 | https://betaflame.pl/pl/c/Akcesoria-dla-palaczy/1198 | https://betaflame.pl,,🔍,orig_uzasadnienie: Sprzedaż komplementarnych akcesoriów dla palaczy; kompetencje importowo-dystrybucyjne. | orig_uwagi: Status źródłowy: Zweryfikowany — aktywna strona/B2B | orig_next: Telefon do działu zakupów + personalizowany e-mail tego samego dnia | user_orig_priorytet='A1 — kontakt natychmiast' | user_orig_score=88 | user_orig_segment='S3 — Akcesoria dla palaczy/headshop',duży
OP,opolskie,województwo,,,PL-B-OP-001,B4,TOM Polska Sp. z o.o.,PL,Kalisz,"ul. Drukarzy 5, 62-800 Kalisz",,,https://www.tompolska.pl,,biuro@tompolska.pl,+48 504 154 210,,,,,autoryzowany,,,,średni,🟢,B2B only,3,średni,,,,intake_PL_2026-08-10 | https://tompolska.pl/o-nas | https://tompolska.pl/kontakt | https://www.tompolska.pl,,🔍,orig_uzasadnienie: Sprzedaż komplementarnych akcesoriów dla palaczy; kompetencje importowo-dystrybucyjne. | orig_uwagi: Automatycznie pobrane przez skrypt.Rekord uzupełniony i sklasyfikowany w drugim etapie researchu. | Status źródłowy: Zweryfikowany — aktywna strona | orig_next: Telefon do działu zakupów + personalizowany e-mail tego samego dnia | user_orig_priorytet='A1 — kontakt natychmiast' | user_orig_score=84 | user_orig_segment='S3 — Akcesoria dla palaczy/headshop',duży
LB,lubuskie,województwo,,,PL-B-LB-001,B4,CK Complex B2B,PL,Ogólnopolska,"ul. Naftowa 4, 65-705 Zielona Góra",9291744080,,https://b2b.ckcomplex.pl/pl/li...,,monika.wachel@ckcomplex.pl; b2b@ckcomplex.pl,+48 511 881 411; +48 515 377 435,,,,,reseller,,,,średni,🟢,B2B only,3,średni,Monika Wachel,Dyrektor ds. sprzedaży hurtowej,,intake_PL_2026-08-10 | https://ckcomplex.pl/kontakt/ | https://b2b.ckcomplex.pl/ | https://b2b.ckcomplex.pl/pl/li...,,🔍,orig_uzasadnienie: Sprzedaż komplementarnych akcesoriów dla palaczy; zasięg ponadregionalny. | orig_uwagi: Status źródłowy: Niezweryfikowany | orig_next: Telefon do działu zakupów + personalizowany e-mail tego samego dnia | user_orig_priorytet='A1 — kontakt natychmiast' | user_orig_score=82 | user_orig_segment='S3 — Akcesoria dla palaczy/headshop',duży
SK,świętokrzyskie,województwo,,,PL-B-SK-001,B6,Fusion Labs Sp. z o.o.,PL,Masłów Pierwszy,"ul. Świętokrzyska 10A, 26-001 Masłów Pierwszy",6572968622,963058(?),https://fusion.pl,,biuro@fusion.pl,+48 530 312 326,,,,,producent,,,,duży,🟢,mix,2,średni,,,,intake_PL_2026-08-10 | https://fusion.pl/ | https://panel.fusion.pl/regulamin-platformy/ | https://fusion.pl,,🔍,orig_uzasadnienie: Kanał sąsiedni z bazą klientów zainteresowanych produktami nikotynowymi; kompetencje importowo-dystrybucyjne. | orig_uwagi: Status źródłowy: Zweryfikowany — aktywna strona/B2B | orig_next: E-mail handlowy + telefon follow-up w ciągu 48 godzin | user_orig_priorytet='A2 — kontakt w 7 dni' | user_orig_score=81 | user_orig_segment='S4 — Vape/e-papierosy',duży
MZ,mazowieckie,województwo,,,PL-B-MZ-002,B4,M&P PAVLINA Sp. z o.o. Sp.k. / M&P Alkohole Wina Cygara,PL,Marki / Karpin,"ul. Leonida Teligi 1A, 05-270 Marki; centrum logistyczne: ul. Warszawska 5, 05-252 Karpin",1251632608,578685(?),https://www.wina-mp.pl,,biuro@wina-mp.pl,+48 22 350 79 30,,,,,autoryzowany,,,,duży,🟢,B2B only,3,średni,,,,intake_PL_2026-08-10 | https://www.wina-mp.pl/index.php/pl/kontakt/klienci-biznesowi | https://wina-mp.pl/index.php/pl/kontakt/biuro | https://www.wina-mp.pl,,🔍,orig_uzasadnienie: Premium trafiki i specjalistyczne punkty sprzedaży; kompetencje importowo-dystrybucyjne. | orig_uwagi: Status źródłowy: Zweryfikowany — aktywna strona/B2B | orig_next: E-mail handlowy + telefon follow-up w ciągu 48 godzin | user_orig_priorytet='A2 — kontakt w 7 dni' | user_orig_score=80 | user_orig_segment='S5 — Cygara i trafiki premium',duży
,Ogólnopolska,,,,PL-B-XX-001,B6,Polski Tytoń PHP S.A.,PL,"Nationwide (Białystok, Bydgoszcz, Łódź, Warszawa, Lublin, +12 More)","Tartaczna 29, 26-612 Radom, Polska",9482622620,386390499,https://polskityton.pl,,sekretariat@polskityton.pl,+48 48 341 32 00,,,,,hurtownik,,,,duży,🟢,B2B only,2,średni,,,,intake_PL_2026-08-10 | https://polskityton.pl,,🔍,orig_uzasadnienie: Kanał sąsiedni z bazą klientów zainteresowanych produktami nikotynowymi; zasięg ponadregionalny. | orig_uwagi: Nie potwierdzone | Status źródłowy: Niezweryfikowany | orig_next: E-mail handlowy + telefon follow-up w ciągu 48 godzin | user_orig_priorytet='A2 — kontakt w 7 dni' | user_orig_score=79 | user_orig_segment='S4 — Vape/e-papierosy',duży
PM,pomorskie,województwo,,,PL-B-PM-001,B6,PGT — Polska Grupa Tytoniowa,PL,Myślibórz,"Multiple locations: Myślibórz, Bydgoszcz, Łódź, Warszawa, Piekary Śląskie",4980260426,,https://polskagt.pl,,biuro@polskagt.pl,+48 502 399 832,,,,,hurtownik,,,,duży,🟢,B2B only,2,średni,,,,intake_PL_2026-08-10 | https://polskagt.pl,,🔍,orig_uzasadnienie: Kanał sąsiedni z bazą klientów zainteresowanych produktami nikotynowymi; zasięg ponadregionalny. | orig_uwagi: Nie potwierdzone | Status źródłowy: Dostępny w katalogu | orig_next: E-mail handlowy + telefon follow-up w ciągu 48 godzin | user_orig_priorytet='A2 — kontakt w 7 dni' | user_orig_score=79 | user_orig_segment='S4 — Vape/e-papierosy',duży
MA,małopolskie,województwo,,,PL-B-MA-001,B8,ROCH — Hurtownia Papierosów i Kart GSM,PL,Kraków,"Powstańców 62c/1, 31-670 Kraków, Polska",,,https://roch.krakow.pl,,,+48 12 416 39 16,,,,,reseller,,,,średni,🟢,mix,5,wysoki,,,,intake_PL_2026-08-10 | https://roch.krakow.pl,,🔍,orig_uzasadnienie: Dostęp do sklepów tytoniowych i tradycyjnego handlu. | orig_uwagi: Nie potwierdzone | Status źródłowy: Niezweryfikowany | orig_next: E-mail handlowy + telefon follow-up w ciągu 48 godzin | user_orig_priorytet='A2 — kontakt w 7 dni' | user_orig_score=77 | user_orig_segment='S2 — Hurtownie tytoniowe/FMCG',duży
LU,lubelskie,województwo,,,PL-B-LU-001,B8,Lubelskie Zakłady Tytoniowe (LZT),PL,Lublin,"Mariana Smoluchowskiego 1, 20-469 Lublin, Polska",,,https://lubelskietytonie.pl,,,+48 789 477 907,,,,,reseller,,,,średni,🟢,mix,5,wysoki,,,,intake_PL_2026-08-10 | https://lubelskietytonie.pl,,🔍,orig_uzasadnienie: Dostęp do sklepów tytoniowych i tradycyjnego handlu. | orig_uwagi: Nie potwierdzone | Status źródłowy: Niezweryfikowany | orig_next: E-mail handlowy + telefon follow-up w ciągu 48 godzin | user_orig_priorytet='A2 — kontakt w 7 dni' | user_orig_score=77 | user_orig_segment='S2 — Hurtownie tytoniowe/FMCG',duży
SL,śląskie,województwo,,,PL-B-SL-002,B8,Carmen Sp. z o.o.,PL,Jasienica,"Strumieńska 63, 43-385 Jasienica, Polska",,,https://carmen-jasienica.pl,,,+48 33 817 24 00,,,,,reseller,,,,średni,🟢,mix,5,wysoki,,,,intake_PL_2026-08-10 | https://carmen-jasienica.pl,,🔍,orig_uzasadnienie: Dostęp do sklepów tytoniowych i tradycyjnego handlu. | orig_uwagi: Nie potwierdzone | Status źródłowy: Niezweryfikowany | orig_next: E-mail handlowy + telefon follow-up w ciągu 48 godzin | user_orig_priorytet='A2 — kontakt w 7 dni' | user_orig_score=77 | user_orig_segment='S2 — Hurtownie tytoniowe/FMCG',duży
,Ogólnopolska,,,,PL-B-XX-002,B8,Gmochowski Jacek — Hurtownia art. tytoniowych,PL,Wrocław,Wrocław (Tęczowa 83),,,https://po-godzinach.pl/firmy/...,,,,,,,,reseller,,,,średni,🟢,B2B only,5,wysoki,,,,intake_PL_2026-08-10 | https://po-godzinach.pl/firmy/...,,🔍,orig_uzasadnienie: Dostęp do sklepów tytoniowych i tradycyjnego handlu; zasięg ponadregionalny. | orig_uwagi: Nie potwierdzone | Status źródłowy: Niezweryfikowany | orig_next: E-mail handlowy + telefon follow-up w ciągu 48 godzin | user_orig_priorytet='A2 — kontakt w 7 dni' | user_orig_score=75 | user_orig_segment='S2 — Hurtownie tytoniowe/FMCG',duży
,Ogólnopolska,,,,PL-B-XX-003,B8,Augusto Limaro,PL,Jelenia Góra,"Jelenia Góra (serves Zgorzelec, Bolesławiec, Legnica)",,,https://augustolimaro.pl/o-nas,,,,,,,,reseller,,,,średni,🟢,B2B only,5,wysoki,,,,intake_PL_2026-08-10 | https://augustolimaro.pl/o-nas,,🔍,orig_uzasadnienie: Dostęp do sklepów tytoniowych i tradycyjnego handlu; zasięg ponadregionalny. | orig_uwagi: Nie potwierdzone | Status źródłowy: Niezweryfikowany | orig_next: E-mail handlowy + telefon follow-up w ciągu 48 godzin | user_orig_priorytet='A2 — kontakt w 7 dni' | user_orig_score=75 | user_orig_segment='S2 — Hurtownie tytoniowe/FMCG',duży
LU,lubelskie,województwo,,,PL-B-LU-002,B8,Trafica-Hurt s.c.,PL,Lublin,"ul. Krochmalna 22a, 20-401 Lublin",,,https://trafica-hurt.pl,,info@trafica-hurt.pl,793 467 060,,,,,reseller,,,,,🔴,B2B only,5,wysoki,,,,intake_PL_2026-08-10 | https://trafica-hurt.pl,,🔍,orig_uzasadnienie: Dostęp do sklepów tytoniowych i tradycyjnego handlu. | orig_next: E-mail handlowy + telefon follow-up w ciągu 48 godzin | user_orig_priorytet='A2 — kontakt w 7 dni' | user_orig_score=74 | user_orig_segment='S2 — Hurtownie tytoniowe/FMCG',duży
PD,podlaskie,województwo,,,PL-B-PD-002,B8,Top-Kart,PL,Białystok,"ul. Mickiewicza 82/1, 15-232 Białystok",,,https://topkart.vp.pl,,topkart@vp.pl,501 373 302,,,,,reseller,,,,,🔴,B2B only,5,wysoki,,,,intake_PL_2026-08-10 | https://topkart.vp.pl,,🔍,orig_uzasadnienie: Dostęp do sklepów tytoniowych i tradycyjnego handlu. | orig_uwagi: Najlepiej udokumentowana hurtownia w woj. podlaskim | orig_next: E-mail handlowy + telefon follow-up w ciągu 48 godzin | user_orig_priorytet='A2 — kontakt w 7 dni' | user_orig_score=74 | user_orig_segment='S2 — Hurtownie tytoniowe/FMCG',duży
,Nieustalony,,,,PL-B-XX-004,B4,Bista Standard,PL,Bydgoszcz,,5542559901,,https://www.bista.pl,,biuro@bista.pl,+48 52 360 71 15,,,,,hurtownik,,,,,🔴,mix,3,średni,,,,intake_PL_2026-08-10 | https://www.bista.pl,,🔍 🔧,orig_uzasadnienie: Sprzedaż komplementarnych akcesoriów dla palaczy. | orig_uwagi: Status źródłowy: Niezweryfikowany | orig_next: E-mail handlowy + telefon follow-up w ciągu 48 godzin | user_orig_priorytet='A2 — kontakt w 7 dni' | user_orig_score=73 | user_orig_segment='S3 — Akcesoria dla palaczy/headshop' | tier-fix: reseller→hurtownik per master,duży
PM,pomorskie,województwo,,,PL-B-PM-002,B4,Hurtownia Papierosów Jacek,PL,Gdynia,"Żwirki i Wigury 8, 81-393 Gdynia, Polska",,,https://hpjacek.pl,,,+48 58 620 70 55,,,,,reseller,,,,średni,🟢,mix,3,średni,,,,intake_PL_2026-08-10 | https://hpjacek.pl,,🔍,orig_uzasadnienie: Sprzedaż komplementarnych akcesoriów dla palaczy. | orig_uwagi: Nie potwierdzone | Status źródłowy: Niezweryfikowany | orig_next: E-mail handlowy + telefon follow-up w ciągu 48 godzin | user_orig_priorytet='A2 — kontakt w 7 dni' | user_orig_score=73 | user_orig_segment='S3 — Akcesoria dla palaczy/headshop',duży
OP,opolskie,województwo,,,PL-B-OP-002,B4,Almark,PL,Wielkopolskie,"57-300 Kłodzko, Polska",,,https://almark.pl/index.php/of...,,,+48 724 282 272,,,,,reseller,,,,średni,🟢,mix,3,średni,,,,intake_PL_2026-08-10 | https://almark.pl/index.php/of...,,🔍,orig_uzasadnienie: Sprzedaż komplementarnych akcesoriów dla palaczy. | orig_uwagi: Status źródłowy: Niezweryfikowany | orig_next: E-mail handlowy + telefon follow-up w ciągu 48 godzin | user_orig_priorytet='A2 — kontakt w 7 dni' | user_orig_score=73 | user_orig_segment='S3 — Akcesoria dla palaczy/headshop',duży
MZ,mazowieckie,województwo,,,PL-B-MZ-003,B6,Vape Arena,PL,Warszawa,"ul. Janiszowska 9B, 02-264 Warszawa",,,https://www.vapearena.pl,,b2b@vapearena.pl,+48 722 347 100,,,,,hurtownik,,,,średni,🟢,B2B only,2,średni,,,,intake_PL_2026-08-10 | https://www.vapearena.pl/o-nas/ | https://www.vapearena.pl,,🔍,orig_uzasadnienie: Kanał sąsiedni z bazą klientów zainteresowanych produktami nikotynowymi. | orig_uwagi: Status źródłowy: Zweryfikowany — aktywna strona/B2B | orig_next: E-mail handlowy + telefon follow-up w ciągu 48 godzin | user_orig_priorytet='A2 — kontakt w 7 dni' | user_orig_score=72 | user_orig_segment='S4 — Vape/e-papierosy',duży
KP,kujawsko-pomorskie,województwo,,,PL-B-KP-001,B6,CREAMEDIA Dawid Olejniczak / Liquidy.pl,PL,Włocławek,"ul. Zielna 55, 87-800 Włocławek",8882729350,,https://liquidy.pl/,,hurt@liquidy.pl,+48 791 654 545,,,,,hurtownik,,,,średni,🟢,mix,2,średni,,,,intake_PL_2026-08-10 | https://liquidy.pl/,,🔍,"orig_uzasadnienie: Kanał sąsiedni z bazą klientów zainteresowanych produktami nikotynowymi. | orig_uwagi: Potencjalny dystrybutor uzupełniający, zwłaszcza dla sklepów vape i convenience. | Status źródłowy: Zweryfikowany — aktywna strona | orig_next: E-mail handlowy + telefon follow-up w ciągu 48 godzin | user_orig_priorytet='A2 — kontakt w 7 dni' | user_orig_score=72 | user_orig_segment='S4 — Vape/e-papierosy'",duży
,Ogólnopolska,,,,PL-B-XX-005,B8,PHU Andrzej...,PL,Jelenia Góra,Jelenia Góra,,,,,,,,,,,reseller,,,,średni,🟢,B2B only,5,wysoki,,,,intake_PL_2026-08-10 (user_score=72),,🔍,orig_uzasadnienie: Dostęp do sklepów tytoniowych i tradycyjnego handlu; zasięg ponadregionalny. | orig_uwagi: Nie potwierdzone | Status źródłowy: Niezweryfikowany | orig_next: E-mail handlowy + telefon follow-up w ciągu 48 godzin | user_orig_priorytet='A2 — kontakt w 7 dni' | user_orig_score=72 | user_orig_segment='S2 — Hurtownie tytoniowe/FMCG',duży
,Ogólnopolska,,,,PL-B-XX-006,B8,Noban Sp. z o.o.,PL,Wrocław,Wrocław / Dolnośląskie,,,,,,,,,,,reseller,,,,średni,🟢,B2B only,5,wysoki,,,,intake_PL_2026-08-10 (user_score=72),,🔍,orig_uzasadnienie: Dostęp do sklepów tytoniowych i tradycyjnego handlu; zasięg ponadregionalny. | orig_uwagi: Nie potwierdzone | Status źródłowy: Niezweryfikowany | orig_next: E-mail handlowy + telefon follow-up w ciągu 48 godzin | user_orig_priorytet='A2 — kontakt w 7 dni' | user_orig_score=72 | user_orig_segment='S2 — Hurtownie tytoniowe/FMCG',duży
,Ogólnopolska,,,,PL-B-XX-007,B8,Fhu Patryk Koksztys,PL,Jelenia Góra,Jelenia Góra,,,,,,,,,,,reseller,,,,średni,🟢,B2B only,5,wysoki,,,,intake_PL_2026-08-10 (user_score=72),,🔍,orig_uzasadnienie: Dostęp do sklepów tytoniowych i tradycyjnego handlu; zasięg ponadregionalny. | orig_uwagi: Nie potwierdzone | Status źródłowy: Niezweryfikowany | orig_next: E-mail handlowy + telefon follow-up w ciągu 48 godzin | user_orig_priorytet='A2 — kontakt w 7 dni' | user_orig_score=72 | user_orig_segment='S2 — Hurtownie tytoniowe/FMCG',duży
,Ogólnopolska,,,,PL-B-XX-008,B8,Beata Hurtownia Papierosów,PL,Katowice,Katowice / Śląskie,,,,,,,,,,,reseller,,,,średni,🟢,B2B only,5,wysoki,,,,intake_PL_2026-08-10 (user_score=72),,🔍,orig_uzasadnienie: Dostęp do sklepów tytoniowych i tradycyjnego handlu; zasięg ponadregionalny. | orig_uwagi: Nie potwierdzone | Status źródłowy: Niezweryfikowany | orig_next: E-mail handlowy + telefon follow-up w ciągu 48 godzin | user_orig_priorytet='A2 — kontakt w 7 dni' | user_orig_score=72 | user_orig_segment='S2 — Hurtownie tytoniowe/FMCG',duży
,Ogólnopolska,,,,PL-B-XX-009,B8,"""Maxim"" FH Beata Kropielnicka",PL,Jelenia Góra,Jelenia Góra,,,,,,,,,,,reseller,,,,średni,🟢,B2B only,5,wysoki,,,,intake_PL_2026-08-10 (user_score=72),,🔍,orig_uzasadnienie: Dostęp do sklepów tytoniowych i tradycyjnego handlu; zasięg ponadregionalny. | orig_uwagi: Nie potwierdzone | Status źródłowy: Niezweryfikowany | orig_next: E-mail handlowy + telefon follow-up w ciągu 48 godzin | user_orig_priorytet='A2 — kontakt w 7 dni' | user_orig_score=72 | user_orig_segment='S2 — Hurtownie tytoniowe/FMCG',duży
,Ogólnopolska,,,,PL-B-XX-010,B8,"""Casiss""",PL,Wrocław,Wrocław / Dolnośląskie,,,,,,,,,,,reseller,,,,średni,🟢,B2B only,5,wysoki,,,,intake_PL_2026-08-10 (user_score=72),,🔍,orig_uzasadnienie: Dostęp do sklepów tytoniowych i tradycyjnego handlu; zasięg ponadregionalny. | orig_uwagi: Nie potwierdzone | Status źródłowy: Niezweryfikowany | orig_next: E-mail handlowy + telefon follow-up w ciągu 48 godzin | user_orig_priorytet='A2 — kontakt w 7 dni' | user_orig_score=72 | user_orig_segment='S2 — Hurtownie tytoniowe/FMCG',duży
,Ogólnopolska,,,,PL-B-XX-011,B8,"""Ampex"" S.C.",PL,Wrocław,Wrocław / Dolnośląskie,,,,,,,,,,,reseller,,,,średni,🟢,B2B only,5,wysoki,,,,intake_PL_2026-08-10 (user_score=72),,🔍,orig_uzasadnienie: Dostęp do sklepów tytoniowych i tradycyjnego handlu; zasięg ponadregionalny. | orig_uwagi: Nie potwierdzone | Status źródłowy: Niezweryfikowany | orig_next: E-mail handlowy + telefon follow-up w ciągu 48 godzin | user_orig_priorytet='A2 — kontakt w 7 dni' | user_orig_score=72 | user_orig_segment='S2 — Hurtownie tytoniowe/FMCG',duży
LU,lubelskie,województwo,,,PL-B-LU-003,B8,Torys — hurtownia papierosów i artykułów chemii gospodarczej,PL,Chełm,"ul. Lwowska 51, Chełm",,,,,,+48 82 565 91 57,,,,,reseller,,,,średni,🟢,B2B only,5,wysoki,,,,intake_PL_2026-08-10 | https://www.pkt.pl/szukaj/hurtownia-papierosow,,🔍,orig_uzasadnienie: Dostęp do sklepów tytoniowych i tradycyjnego handlu. | orig_uwagi: Status źródłowy: Do weryfikacji — katalog | orig_next: Dodać do kampanii regionalnej i wykonać follow-up telefoniczny | user_orig_priorytet='B — kampania regionalna' | user_orig_score=71 | user_orig_segment='S2 — Hurtownie tytoniowe/FMCG',duży
KP,kujawsko-pomorskie,województwo,,,PL-B-KP-002,B8,"Rela — hurtownia artykułów spożywczych, papierosów i chemii",PL,Rypin,"ul. Lipnowska 21A, Rypin",,,,,,+48 54 280 22 28,,,,,reseller,,,,średni,🟢,B2B only,5,wysoki,,,,intake_PL_2026-08-10 | https://www.pkt.pl/szukaj/hurtownia-papierosow,,🔍,orig_uzasadnienie: Dostęp do sklepów tytoniowych i tradycyjnego handlu. | orig_uwagi: Status źródłowy: Do weryfikacji — katalog | orig_next: Dodać do kampanii regionalnej i wykonać follow-up telefoniczny | user_orig_priorytet='B — kampania regionalna' | user_orig_score=71 | user_orig_segment='S2 — Hurtownie tytoniowe/FMCG',duży
LD,łódzkie,województwo,,,PL-B-LD-001,B8,Moto-Mix Hurtownia Papierosów,PL,Pabianice,"ul. Moniuszki 46A, 95-200 Pabianice",,,,,,+48 42 214 81 70,,,,,reseller,,,,średni,🟢,B2B only,5,wysoki,,,,intake_PL_2026-08-10 (user_score=71),,🔍,"orig_uzasadnienie: Dostęp do sklepów tytoniowych i tradycyjnego handlu. | orig_uwagi: Sprawdzić, czy podmiot nadal działa pod tą nazwą i czy prowadzi sprzedaż B2B. | Status źródłowy: Do weryfikacji — katalog | orig_next: Dodać do kampanii regionalnej i wykonać follow-up telefoniczny | user_orig_priorytet='B — kampania regionalna' | user_orig_score=71 | user_orig_segment='S2 — Hurtownie tytoniowe/FMCG'",duży
LD,łódzkie,województwo,,,PL-B-LD-002,B8,Gama — Hurtownia papierosów,PL,Sieradz,"ul. POW 46/48, Sieradz",,,,,,+48 43 827 40 00,,,,,reseller,,,,średni,🟢,B2B only,5,wysoki,,,,intake_PL_2026-08-10 | https://www.pkt.pl/szukaj/hurtownia-papierosow,,🔍,orig_uzasadnienie: Dostęp do sklepów tytoniowych i tradycyjnego handlu. | orig_uwagi: Status źródłowy: Do weryfikacji — katalog | orig_next: Dodać do kampanii regionalnej i wykonać follow-up telefoniczny | user_orig_priorytet='B — kampania regionalna' | user_orig_score=71 | user_orig_segment='S2 — Hurtownie tytoniowe/FMCG',duży
LB,lubuskie,województwo,,,PL-B-LB-002,B8,"Alfa s.c. — hurtownia artykułów biurowych, papierniczych i papierosów",PL,Drezdenko,"ul. Piłsudskiego 2, Drezdenko",,,,,,+48 95 762 16 72,,,,,reseller,,,,średni,🟢,B2B only,5,wysoki,,,,intake_PL_2026-08-10 | https://www.pkt.pl/szukaj/hurtownia-papierosow,,🔍,orig_uzasadnienie: Dostęp do sklepów tytoniowych i tradycyjnego handlu. | orig_uwagi: Status źródłowy: Do weryfikacji — katalog | orig_next: Dodać do kampanii regionalnej i wykonać follow-up telefoniczny | user_orig_priorytet='B — kampania regionalna' | user_orig_score=71 | user_orig_segment='S2 — Hurtownie tytoniowe/FMCG',duży
MZ,mazowieckie,województwo,,,PL-B-MZ-004,B8,Aksel FHU — hurtownia papierosów i artykułów chemicznych,PL,Ciechanów,"ul. Niechodzka 4A, Ciechanów",,,,,,+48 23 672 99 02,,,,,reseller,,,,średni,🟢,B2B only,5,wysoki,,,,intake_PL_2026-08-10 | https://www.pkt.pl/szukaj/hurtownia-papierosow,,🔍,orig_uzasadnienie: Dostęp do sklepów tytoniowych i tradycyjnego handlu. | orig_uwagi: Warto rozdzielić od rekordu ADGAR przy późniejszym czyszczeniu aliasów. | Status źródłowy: Do weryfikacji — katalog | orig_next: Dodać do kampanii regionalnej i wykonać follow-up telefoniczny | user_orig_priorytet='B — kampania regionalna' | user_orig_score=71 | user_orig_segment='S2 — Hurtownie tytoniowe/FMCG',duży
,Ogólnopolska,,,,PL-B-XX-012,B4,Świat Shishy,PL,Ogólnopolska,Poland-wide (online),,,https://swiatshishy.pl/content/...,,,,,,,,reseller,,,,średni,🟢,B2B only,3,średni,,,,intake_PL_2026-08-10 | https://swiatshishy.pl/content/...,,🔍,orig_uzasadnienie: Sprzedaż komplementarnych akcesoriów dla palaczy; zasięg ponadregionalny. | orig_uwagi: Nie potwierdzone | Status źródłowy: Niezweryfikowany | orig_next: Dodać do kampanii regionalnej i wykonać follow-up telefoniczny | user_orig_priorytet='B — kampania regionalna' | user_orig_score=71 | user_orig_segment='S3 — Akcesoria dla palaczy/headshop',duży
,Ogólnopolska,,,,PL-B-XX-013,B4,eMerkury,PL,Ogólnopolska,Poland-wide,,,https://emerkurysa.pl/manufact...,,,,,,,,reseller,,,,średni,🟢,B2B only,3,średni,,,,intake_PL_2026-08-10 | https://emerkurysa.pl/manufact...,,🔍,orig_uzasadnienie: Sprzedaż komplementarnych akcesoriów dla palaczy; zasięg ponadregionalny. | orig_uwagi: Status źródłowy: Niezweryfikowany | orig_next: Dodać do kampanii regionalnej i wykonać follow-up telefoniczny | user_orig_priorytet='B — kampania regionalna' | user_orig_score=71 | user_orig_segment='S3 — Akcesoria dla palaczy/headshop',duży
,Ogólnopolska,,,,PL-B-XX-014,B4,VAS Sp. z o.o.,PL,Chorzów,Chorzów / Śląskie (ul. Łagodna 15),,,https://vas.com.pl/oferta/zapa...,,,,,,,,reseller,,,,średni,🟢,B2B only,3,średni,,,,intake_PL_2026-08-10 | https://vas.com.pl/oferta/zapa...,,🔍,orig_uzasadnienie: Sprzedaż komplementarnych akcesoriów dla palaczy; zasięg ponadregionalny. | orig_uwagi: Status źródłowy: Niezweryfikowany | orig_next: Dodać do kampanii regionalnej i wykonać follow-up telefoniczny | user_orig_priorytet='B — kampania regionalna' | user_orig_score=71 | user_orig_segment='S3 — Akcesoria dla palaczy/headshop',duży
,Ogólnopolska,,,,PL-B-XX-015,B4,Hookahteka.com,PL,Ogólnopolska,Poland-wide (online),,,https://hookahteka.com/wspolpraca-hurtowa,,,,,,,,reseller,,,,,🔴,B2B only,3,średni,,,,intake_PL_2026-08-10 | https://hookahteka.com/wspolpraca-hurtowa,,🔍,orig_uzasadnienie: Sprzedaż komplementarnych akcesoriów dla palaczy; zasięg ponadregionalny. | orig_uwagi: Status źródłowy: Niezweryfikowany | orig_next: Dodać do kampanii regionalnej i wykonać follow-up telefoniczny | user_orig_priorytet='B — kampania regionalna' | user_orig_score=71 | user_orig_segment='S3 — Akcesoria dla palaczy/headshop',duży
,Ogólnopolska,,,,PL-B-XX-016,B4,Buszek.com / Hurt.Buszek.com,PL,Ogólnopolska,Poland-wide,,,https://buszek.com,,,,,,,,reseller,,,,średni,🟢,B2B only,3,średni,,,,intake_PL_2026-08-10 | https://buszek.com,,🔍,orig_uzasadnienie: Sprzedaż komplementarnych akcesoriów dla palaczy; zasięg ponadregionalny. | orig_uwagi: Nie potwierdzone | Status źródłowy: Niezweryfikowany | orig_next: Dodać do kampanii regionalnej i wykonać follow-up telefoniczny | user_orig_priorytet='B — kampania regionalna' | user_orig_score=71 | user_orig_segment='S3 — Akcesoria dla palaczy/headshop',duży
,Ogólnopolska,,,,PL-B-XX-017,B6,Smoke.pl / Smoke Shop,PL,Łódź,"Al. Marsz. Józefa Piłsudskiego 15/23, 90-307 Łódź, Polska",,,https://smoke.pl,,,+48 452 454 726,,,,,hurtownik,,,,średni,🟢,mix,2,średni,,,,intake_PL_2026-08-10 | https://smoke.pl,,🔍,orig_uzasadnienie: Kanał sąsiedni z bazą klientów zainteresowanych produktami nikotynowymi; zasięg ponadregionalny. | orig_uwagi: Nie potwierdzone | Status źródłowy: Niezweryfikowany | orig_next: Dodać do kampanii regionalnej i wykonać follow-up telefoniczny | user_orig_priorytet='B — kampania regionalna' | user_orig_score=70 | user_orig_segment='S4 — Vape/e-papierosy',duży
PD,podlaskie,województwo,,,PL-B-PD-003,B8,"Zefir Sp. z o.o. — hurtownia papierosów, chemii gospodarczej i kosmetyków",PL,Białystok,"ul. Jagienki 4, Białystok",,,https://www.zefirhurt.com.pl,,,,,,,,reseller,,,,średni,🟢,B2B only,5,wysoki,,,,intake_PL_2026-08-10 | https://www.pkt.pl/szukaj/hurtownia-papierosow | https://www.zefirhurt.com.pl,,🔍,orig_uzasadnienie: Dostęp do sklepów tytoniowych i tradycyjnego handlu. | orig_uwagi: Status źródłowy: Do weryfikacji — katalog | orig_next: Dodać do kampanii regionalnej i wykonać follow-up telefoniczny | user_orig_priorytet='B — kampania regionalna' | user_orig_score=70 | user_orig_segment='S2 — Hurtownie tytoniowe/FMCG',duży
LU,lubelskie,województwo,,,PL-B-LU-004,B8,Wojmar s.c.,PL,,,,,,,wojmarsc1@gmail.com,514 183 2xx,,,,,reseller,,,,,🔴,B2B only,5,wysoki,,,,intake_PL_2026-08-10 (user_score=69),,🔍,orig_uzasadnienie: Dostęp do sklepów tytoniowych i tradycyjnego handlu. | orig_uwagi: Z listy BISTA | orig_next: Dodać do kampanii regionalnej i wykonać follow-up telefoniczny | user_orig_priorytet='B — kampania regionalna' | user_orig_score=69 | user_orig_segment='S2 — Hurtownie tytoniowe/FMCG',duży
,Nieustalony,,,,PL-B-XX-018,B8,TOBACCO CONCEPT FACTORY,PL,,,,,,,biuro@tcfgroup.eu,508 101 7xx,,,,,reseller,,,,,🔴,B2B only,5,wysoki,,,,intake_PL_2026-08-10 (user_score=69),,🔍,orig_uzasadnienie: Dostęp do sklepów tytoniowych i tradycyjnego handlu. | orig_uwagi: Z listy BISTA; kujawsko-pomorskie i małopolskie | orig_next: Dodać do kampanii regionalnej i wykonać follow-up telefoniczny | user_orig_priorytet='B — kampania regionalna' | user_orig_score=69 | user_orig_segment='S2 — Hurtownie tytoniowe/FMCG',duży
LU,lubelskie,województwo,,,PL-B-LU-005,B8,P.H.U. TRANS,PL,,,,,,,phnatiuk@wp.pl,504 392 4xx,,,,,reseller,,,,,🔴,B2B only,5,wysoki,,,,intake_PL_2026-08-10 (user_score=69),,🔍,orig_uzasadnienie: Dostęp do sklepów tytoniowych i tradycyjnego handlu. | orig_uwagi: Z listy BISTA | orig_next: Dodać do kampanii regionalnej i wykonać follow-up telefoniczny | user_orig_priorytet='B — kampania regionalna' | user_orig_score=69 | user_orig_segment='S2 — Hurtownie tytoniowe/FMCG',duży
LU,lubelskie,województwo,,,PL-B-LU-006,B8,MATPIO Mariusz Wieliczko,PL,,,,,,,wieli@o2.pl,609 774 7xx,,,,,reseller,,,,,🔴,B2B only,5,wysoki,,,,intake_PL_2026-08-10 (user_score=69),,🔍,orig_uzasadnienie: Dostęp do sklepów tytoniowych i tradycyjnego handlu. | orig_uwagi: Z listy BISTA | orig_next: Dodać do kampanii regionalnej i wykonać follow-up telefoniczny | user_orig_priorytet='B — kampania regionalna' | user_orig_score=69 | user_orig_segment='S2 — Hurtownie tytoniowe/FMCG',duży
PM,pomorskie,województwo,,,PL-B-PM-003,B8,JABA Firma Handlowa,PL,,,,,,,jbalcer352@gmail.com,604 680 xxx,,,,,reseller,,,,,🔴,B2B only,5,wysoki,,,,intake_PL_2026-08-10 (user_score=69),,🔍,orig_uzasadnienie: Dostęp do sklepów tytoniowych i tradycyjnego handlu. | orig_uwagi: Z listy BISTA | orig_next: Dodać do kampanii regionalnej i wykonać follow-up telefoniczny | user_orig_priorytet='B — kampania regionalna' | user_orig_score=69 | user_orig_segment='S2 — Hurtownie tytoniowe/FMCG',duży
SL,śląskie,województwo,,,PL-B-SL-003,B4,Świat Alkoholi,PL,Mikołów,"Krakowska 11, 43-196 Mikołów, Polska",,,http://www.swiatalkoholipolska.pl/sklepy/swiat-alkoholi-mikolow,,,+48 32 738 08 93,,,,,reseller,,,,,🔴,mix,3,średni,,,,intake_PL_2026-08-10 | http://www.swiatalkoholipolska.pl/sklepy/swiat-alkoholi-mikolow,,🔍,orig_uzasadnienie: Sprzedaż komplementarnych akcesoriów dla palaczy. | orig_uwagi: Status źródłowy: Niezweryfikowany | orig_next: Dodać do kampanii regionalnej i wykonać follow-up telefoniczny | user_orig_priorytet='B — kampania regionalna' | user_orig_score=69 | user_orig_segment='S3 — Akcesoria dla palaczy/headshop',duży
KP,kujawsko-pomorskie,województwo,,,PL-B-KP-003,B4,Trafika Tabak IQOS Partner,PL,Inowrocław,"Poznańska 100, 88-100 Inowrocław, Polska",,,http://www.tabakpolska.com.pl,,,+48 516 187 681,,,,,reseller,,,,,🔴,mix,3,średni,,,,intake_PL_2026-08-10 | http://www.tabakpolska.com.pl,,🔍,orig_uzasadnienie: Sprzedaż komplementarnych akcesoriów dla palaczy. | orig_uwagi: Status źródłowy: Niezweryfikowany | orig_next: Dodać do kampanii regionalnej i wykonać follow-up telefoniczny | user_orig_priorytet='B — kampania regionalna' | user_orig_score=69 | user_orig_segment='S3 — Akcesoria dla palaczy/headshop',duży
MA,małopolskie,województwo,,,PL-B-MA-002,B4,Tobacco Trading International Poland Sp. z o.o.,PL,Modlnica,"Częstochowska 38, 32-085 Modlnica, Polska",,,http://ttipoland.pl,,,+48 12 420 91 30,,,,,reseller,,,,,🔴,mix,3,średni,,,,intake_PL_2026-08-10 | http://ttipoland.pl,,🔍,orig_uzasadnienie: Sprzedaż komplementarnych akcesoriów dla palaczy. | orig_uwagi: Status źródłowy: Niezweryfikowany | orig_next: Dodać do kampanii regionalnej i wykonać follow-up telefoniczny | user_orig_priorytet='B — kampania regionalna' | user_orig_score=69 | user_orig_segment='S3 — Akcesoria dla palaczy/headshop',duży
SK,świętokrzyskie,województwo,,,PL-B-SK-002,B4,Teks S.A.,PL,Radom,"Biznesowa 8, 26-600 Radom, Polska",,,http://www.tekssa.pl,,,+48 48 365 25 07,,,,,reseller,,,,,🔴,mix,3,średni,,,,intake_PL_2026-08-10 | http://www.tekssa.pl,,🔍,orig_uzasadnienie: Sprzedaż komplementarnych akcesoriów dla palaczy. | orig_uwagi: Status źródłowy: Niezweryfikowany | orig_next: Dodać do kampanii regionalnej i wykonać follow-up telefoniczny | user_orig_priorytet='B — kampania regionalna' | user_orig_score=69 | user_orig_segment='S3 — Akcesoria dla palaczy/headshop',duży
MA,małopolskie,województwo,,,PL-B-MA-003,B4,Supra - Papierosy dla klientów hurtowych,PL,Nowy Targ,"Ludźmierska 29, 34-400 Nowy Targ, Polska",,,https://e-supra.pl,,,+48 600 336 100,,,,,reseller,,,,,🔴,mix,3,średni,,,,intake_PL_2026-08-10 | https://e-supra.pl,,🔍,orig_uzasadnienie: Sprzedaż komplementarnych akcesoriów dla palaczy. | orig_uwagi: Status źródłowy: Niezweryfikowany | orig_next: Dodać do kampanii regionalnej i wykonać follow-up telefoniczny | user_orig_priorytet='B — kampania regionalna' | user_orig_score=69 | user_orig_segment='S3 — Akcesoria dla palaczy/headshop',duży
MZ,mazowieckie,województwo,,,PL-B-MZ-005,B4,"Sklep po schodkach - piwo, wino, tanie papierosy",PL,Warszawa,"Zamieniecka 92, 04-158 Warszawa, Polska",,,http://www.profinanceline.pl,,,+48 518 985 675,,,,,reseller,,,,,🔴,mix,3,średni,,,,intake_PL_2026-08-10 | http://www.profinanceline.pl,,🔍,orig_uzasadnienie: Sprzedaż komplementarnych akcesoriów dla palaczy. | orig_uwagi: Status źródłowy: Niezweryfikowany | orig_next: Dodać do kampanii regionalnej i wykonać follow-up telefoniczny | user_orig_priorytet='B — kampania regionalna' | user_orig_score=69 | user_orig_segment='S3 — Akcesoria dla palaczy/headshop',duży
MZ,mazowieckie,województwo,,,PL-B-MZ-006,B4,Sherlock Trafika,PL,Warszawa,"Centrum LIM hotelu Marriott (podziemia) poziom -1, Al. Jerozolimskie 65/79, 00-697 Warszawa, Polska",,,http://sherlocktrafika.pl,,,+48 606 163 537,,,,,reseller,,,,,🔴,mix,3,średni,,,,intake_PL_2026-08-10 | http://sherlocktrafika.pl,,🔍,orig_uzasadnienie: Sprzedaż komplementarnych akcesoriów dla palaczy. | orig_uwagi: Status źródłowy: Niezweryfikowany | orig_next: Dodać do kampanii regionalnej i wykonać follow-up telefoniczny | user_orig_priorytet='B — kampania regionalna' | user_orig_score=69 | user_orig_segment='S3 — Akcesoria dla palaczy/headshop',duży
SL,śląskie,województwo,,,PL-B-SL-004,B4,Selgros,PL,Bytom,"Chorzowska 88a, 41-910 Bytom, Polska",,,http://www.selgros.pl,,,+48 32 768 80 00,,,,,reseller,,,,,🔴,mix,3,średni,,,,intake_PL_2026-08-10 | http://www.selgros.pl,,🔍,orig_uzasadnienie: Sprzedaż komplementarnych akcesoriów dla palaczy. | orig_uwagi: Status źródłowy: Niezweryfikowany | orig_next: Dodać do kampanii regionalnej i wykonać follow-up telefoniczny | user_orig_priorytet='B — kampania regionalna' | user_orig_score=69 | user_orig_segment='S3 — Akcesoria dla palaczy/headshop',duży
DS,dolnośląskie,województwo,,,PL-B-DS-001,B4,SOFLY,PL,Świdnica,"Westerplatte 18, 58-100 Świdnica, Polska",,,https://sofly.club,,,+48 531 263 336,,,,,reseller,,,,,🔴,mix,3,średni,,,,intake_PL_2026-08-10 | https://sofly.club,,🔍,orig_uzasadnienie: Sprzedaż komplementarnych akcesoriów dla palaczy. | orig_uwagi: Status źródłowy: Niezweryfikowany | orig_next: Dodać do kampanii regionalnej i wykonać follow-up telefoniczny | user_orig_priorytet='B — kampania regionalna' | user_orig_score=69 | user_orig_segment='S3 — Akcesoria dla palaczy/headshop',duży
MA,małopolskie,województwo,,,PL-B-MA-004,B4,SAT Tomasz Sromek,PL,Nowy Sącz,"Romana Stramki 8/10, 33-300 Nowy Sącz, Polska",,,http://hurtowniasat.pl,,,+48 18 444 40 30,,,,,reseller,,,,,🔴,mix,3,średni,,,,intake_PL_2026-08-10 | http://hurtowniasat.pl,,🔍,orig_uzasadnienie: Sprzedaż komplementarnych akcesoriów dla palaczy. | orig_uwagi: Status źródłowy: Niezweryfikowany | orig_next: Dodać do kampanii regionalnej i wykonać follow-up telefoniczny | user_orig_priorytet='B — kampania regionalna' | user_orig_score=69 | user_orig_segment='S3 — Akcesoria dla palaczy/headshop',duży
PD,podlaskie,województwo,,,PL-B-PD-004,B4,Redo Sp. z o.o. Hurtownia alkoholu,PL,Augustów,"Tytoniowa 10, 16-300 Augustów, Polska",,,"http://www.redo.pl/?pl,kontakt",,,+48 87 643 23 62,,,,,reseller,,,,,🔴,mix,3,średni,,,,"intake_PL_2026-08-10 | http://www.redo.pl/?pl,kontakt",,🔍,orig_uzasadnienie: Sprzedaż komplementarnych akcesoriów dla palaczy. | orig_uwagi: Status źródłowy: Niezweryfikowany | orig_next: Dodać do kampanii regionalnej i wykonać follow-up telefoniczny | user_orig_priorytet='B — kampania regionalna' | user_orig_score=69 | user_orig_segment='S3 — Akcesoria dla palaczy/headshop',duży
KP,kujawsko-pomorskie,województwo,,,PL-B-KP-004,B4,Polska Grupa Tytoniowa,PL,Bydgoszcz,"Pińczowska 8, 85-877 Bydgoszcz, Polska",,,http://www.b2b.katalogpgt.pl,,,+48 502 494 942,,,,,reseller,,,,,🔴,mix,3,średni,,,,intake_PL_2026-08-10 | http://www.b2b.katalogpgt.pl,,🔍,orig_uzasadnienie: Sprzedaż komplementarnych akcesoriów dla palaczy. | orig_uwagi: Status źródłowy: Niezweryfikowany | orig_next: Dodać do kampanii regionalnej i wykonać follow-up telefoniczny | user_orig_priorytet='B — kampania regionalna' | user_orig_score=69 | user_orig_segment='S3 — Akcesoria dla palaczy/headshop',duży
OP,opolskie,województwo,,,PL-B-OP-003,B4,PHUP Gniezno Szeszycki sp.k.,PL,Gniezno,"Orcholska 41, 62-200 Gniezno, Polska",,,http://www.phupgniezno.pl,,,+48 512 984 347,,,,,reseller,,,,,🔴,mix,3,średni,,,,intake_PL_2026-08-10 | http://www.phupgniezno.pl,,🔍,orig_uzasadnienie: Sprzedaż komplementarnych akcesoriów dla palaczy. | orig_uwagi: Status źródłowy: Niezweryfikowany | orig_next: Dodać do kampanii regionalnej i wykonać follow-up telefoniczny | user_orig_priorytet='B — kampania regionalna' | user_orig_score=69 | user_orig_segment='S3 — Akcesoria dla palaczy/headshop',duży
DS,dolnośląskie,województwo,,,PL-B-DS-002,B4,P.H Mars sp.j,PL,Kamienna Góra,"58-400 Kamienna Góra, Polska",,,https://hurtowniamars.pl,,,+48 75 744 38 77,,,,,reseller,,,,,🔴,mix,3,średni,,,,intake_PL_2026-08-10 | https://hurtowniamars.pl,,🔍,orig_uzasadnienie: Sprzedaż komplementarnych akcesoriów dla palaczy. | orig_uwagi: Status źródłowy: Niezweryfikowany | orig_next: Dodać do kampanii regionalnej i wykonać follow-up telefoniczny | user_orig_priorytet='B — kampania regionalna' | user_orig_score=69 | user_orig_segment='S3 — Akcesoria dla palaczy/headshop',duży
MA,małopolskie,województwo,,,PL-B-MA-005,B4,Mona hurtownia papierosów,PL,Kraków,"Saska 27, 30-720 Kraków, Polska",,,http://www.mona.com.pl,,,+48 697 590 090,,,,,reseller,,,,,🔴,mix,3,średni,,,,intake_PL_2026-08-10 | http://www.mona.com.pl,,🔍,orig_uzasadnienie: Sprzedaż komplementarnych akcesoriów dla palaczy. | orig_uwagi: Status źródłowy: Niezweryfikowany | orig_next: Dodać do kampanii regionalnej i wykonać follow-up telefoniczny | user_orig_priorytet='B — kampania regionalna' | user_orig_score=69 | user_orig_segment='S3 — Akcesoria dla palaczy/headshop',duży
LU,lubelskie,województwo,,,PL-B-LU-008,B4,Lever Hurtownia Alkoholu i Papierosów,PL,Kraśnik,"Kolejowa 8, 23-200 Kraśnik, Polska",,,https://leverkrasnik.pl,,,+48 81 825 02 17,,,,,reseller,,,,,🔴,mix,3,średni,,,,intake_PL_2026-08-10 | https://leverkrasnik.pl,,🔍,orig_uzasadnienie: Sprzedaż komplementarnych akcesoriów dla palaczy. | orig_uwagi: Status źródłowy: Niezweryfikowany | orig_next: Dodać do kampanii regionalnej i wykonać follow-up telefoniczny | user_orig_priorytet='B — kampania regionalna' | user_orig_score=69 | user_orig_segment='S3 — Akcesoria dla palaczy/headshop',duży
PM,pomorskie,województwo,,,PL-B-PM-004,B4,JUKA AKCESORIA TYTONIOWE JACEK MULARCZYK,PL,Gdańsk,"Jabłoniowa 56B, 80-175 Gdańsk, Polska",,,https://jukaakcesoria.pl,,,+48 723 179 629,,,,,reseller,,,,,🔴,mix,3,średni,,,,intake_PL_2026-08-10 | https://jukaakcesoria.pl,,🔍,orig_uzasadnienie: Sprzedaż komplementarnych akcesoriów dla palaczy. | orig_uwagi: Status źródłowy: Niezweryfikowany | orig_next: Dodać do kampanii regionalnej i wykonać follow-up telefoniczny | user_orig_priorytet='B — kampania regionalna' | user_orig_score=69 | user_orig_segment='S3 — Akcesoria dla palaczy/headshop',duży
KP,kujawsko-pomorskie,województwo,,,PL-B-KP-005,B4,Hurtownia Papiernicza GRAFIT,PL,Inowrocław,"Poznańska 223, 88-100 Inowrocław, Polska",,,http://hpgrafit.pl,,,+48 52 391 24 17,,,,,reseller,,,,,🔴,mix,3,średni,,,,intake_PL_2026-08-10 | http://hpgrafit.pl,,🔍,orig_uzasadnienie: Sprzedaż komplementarnych akcesoriów dla palaczy. | orig_uwagi: Status źródłowy: Niezweryfikowany | orig_next: Dodać do kampanii regionalnej i wykonać follow-up telefoniczny | user_orig_priorytet='B — kampania regionalna' | user_orig_score=69 | user_orig_segment='S3 — Akcesoria dla palaczy/headshop',duży
MZ,mazowieckie,województwo,,,PL-B-MZ-007,B4,Hurtownia Centrum Wiesław Sacharski,PL,Ostrołęka,"Targowa 39G, 07-410 Ostrołęka, Polska",,,https://centrum-ws.pl,,,+48 29 766 42 22,,,,,reseller,,,,,🔴,mix,3,średni,,,,intake_PL_2026-08-10 | https://centrum-ws.pl,,🔍,orig_uzasadnienie: Sprzedaż komplementarnych akcesoriów dla palaczy. | orig_uwagi: Status źródłowy: Niezweryfikowany | orig_next: Dodać do kampanii regionalnej i wykonać follow-up telefoniczny | user_orig_priorytet='B — kampania regionalna' | user_orig_score=69 | user_orig_segment='S3 — Akcesoria dla palaczy/headshop',duży
KP,kujawsko-pomorskie,województwo,,,PL-B-KP-006,B4,Hero Sp. z o.o. PW. Hurtownia nabiałowo - spożywcza,PL,Nakło Nad Notecią,"Przecznica 1, 89-100 Nakło nad Notecią, Polska",,,http://www.hurtowniahero.pl,,,+48 52 385 42 04,,,,,reseller,,,,,🔴,mix,3,średni,,,,intake_PL_2026-08-10 | http://www.hurtowniahero.pl,,🔍,orig_uzasadnienie: Sprzedaż komplementarnych akcesoriów dla palaczy. | orig_uwagi: Status źródłowy: Niezweryfikowany | orig_next: Dodać do kampanii regionalnej i wykonać follow-up telefoniczny | user_orig_priorytet='B — kampania regionalna' | user_orig_score=69 | user_orig_segment='S3 — Akcesoria dla palaczy/headshop',duży
MA,małopolskie,województwo,,,PL-B-MA-006,B4,Frega Hurtownia Papierosów Oddział Tarnów,PL,Tarnów,"Czerwona 54A, 33-100 Tarnów, Polska",,,http://frega.com.pl,,,+48 14 626 87 17,,,,,reseller,,,,,🔴,mix,3,średni,,,,intake_PL_2026-08-10 | http://frega.com.pl,,🔍,orig_uzasadnienie: Sprzedaż komplementarnych akcesoriów dla palaczy. | orig_uwagi: Status źródłowy: Niezweryfikowany | orig_next: Dodać do kampanii regionalnej i wykonać follow-up telefoniczny | user_orig_priorytet='B — kampania regionalna' | user_orig_score=69 | user_orig_segment='S3 — Akcesoria dla palaczy/headshop',duży
MA,małopolskie,województwo,,,PL-B-MA-007,B4,Firma Handlowa Mariusz Kawa,PL,Tarnów,"Spokojna 20C, 33-100 Tarnów, Polska",,,http://www.squashtarnow.pl,,,+48 14 629 52 52,,,,,reseller,,,,,🔴,mix,3,średni,,,,intake_PL_2026-08-10 | http://www.squashtarnow.pl,,🔍,orig_uzasadnienie: Sprzedaż komplementarnych akcesoriów dla palaczy. | orig_uwagi: Status źródłowy: Niezweryfikowany | orig_next: Dodać do kampanii regionalnej i wykonać follow-up telefoniczny | user_orig_priorytet='B — kampania regionalna' | user_orig_score=69 | user_orig_segment='S3 — Akcesoria dla palaczy/headshop',duży
PD,podlaskie,województwo,,,PL-B-PD-005,B4,FLAJ | Sklep i Hurtownia w Augustowie,PL,Augustów,"Tytoniowa 7, 16-300 Augustów, Polska",,,https://flaj.com.pl,,,+48 87 644 53 58,,,,,reseller,,,,,🔴,mix,3,średni,,,,intake_PL_2026-08-10 | https://flaj.com.pl,,🔍,orig_uzasadnienie: Sprzedaż komplementarnych akcesoriów dla palaczy. | orig_uwagi: Status źródłowy: Niezweryfikowany | orig_next: Dodać do kampanii regionalnej i wykonać follow-up telefoniczny | user_orig_priorytet='B — kampania regionalna' | user_orig_score=69 | user_orig_segment='S3 — Akcesoria dla palaczy/headshop',duży
OP,opolskie,województwo,,,PL-B-OP-004,B4,Eurocash Cash & Carry Wągrowiec - Hurtownia spożywcza,PL,Wągrowiec,"Gnieźnieńska 72, 62-100 Wągrowiec, Polska",,,https://hurtownie.eurocash.pl/kontakt/mapa-hurtowni/hurtownie.html?provinceId=8&cityId=112,,,+48 67 268 52 12,,,,,reseller,,,,,🔴,mix,3,średni,,,,intake_PL_2026-08-10 | https://hurtownie.eurocash.pl/kontakt/mapa-hurtowni/hurtownie.html?provinceId=8&cityId=112,,🔍,orig_uzasadnienie: Sprzedaż komplementarnych akcesoriów dla palaczy. | orig_uwagi: Status źródłowy: Niezweryfikowany | orig_next: Dodać do kampanii regionalnej i wykonać follow-up telefoniczny | user_orig_priorytet='B — kampania regionalna' | user_orig_score=69 | user_orig_segment='S3 — Akcesoria dla palaczy/headshop',duży
KP,kujawsko-pomorskie,województwo,,,PL-B-KP-007,B4,Elroy sp.j. Biuro handlowe,PL,Włocławek,"Wojska Polskiego 18A, 87-810 Włocławek, Polska",,,http://www.elroy.pl,,,+48 54 231 17 10,,,,,reseller,,,,,🔴,mix,3,średni,,,,intake_PL_2026-08-10 | http://www.elroy.pl,,🔍,orig_uzasadnienie: Sprzedaż komplementarnych akcesoriów dla palaczy. | orig_uwagi: Status źródłowy: Niezweryfikowany | orig_next: Dodać do kampanii regionalnej i wykonać follow-up telefoniczny | user_orig_priorytet='B — kampania regionalna' | user_orig_score=69 | user_orig_segment='S3 — Akcesoria dla palaczy/headshop',duży
MZ,mazowieckie,województwo,,,PL-B-MZ-008,B4,Carmen Polska Sp. z o.o.,PL,Warszawa,"Łopuszańska 24D, 02-220 Warszawa, Polska",,,http://carmen.biz.pl,,,+48 22 868 14 49,,,,,reseller,,,,,🔴,mix,3,średni,,,,intake_PL_2026-08-10 | http://carmen.biz.pl,,🔍,orig_uzasadnienie: Sprzedaż komplementarnych akcesoriów dla palaczy. | orig_uwagi: Status źródłowy: Niezweryfikowany | orig_next: Dodać do kampanii regionalnej i wykonać follow-up telefoniczny | user_orig_priorytet='B — kampania regionalna' | user_orig_score=69 | user_orig_segment='S3 — Akcesoria dla palaczy/headshop',duży
KP,kujawsko-pomorskie,województwo,,,PL-B-KP-008,B4,ASW Trafika,PL,Bydgoszcz,"Jeremiego Przybory 1G, 85-791 Bydgoszcz, Polska",,,https://web.facebook.com/ASW-Trafika-Sklep-Tytoniowy-486411178214372,,,+48 730 720 551,,,,,reseller,,,,,🔴,mix,3,średni,,,,intake_PL_2026-08-10 | https://web.facebook.com/ASW-Trafika-Sklep-Tytoniowy-486411178214372,,🔍,orig_uzasadnienie: Sprzedaż komplementarnych akcesoriów dla palaczy. | orig_uwagi: Status źródłowy: Niezweryfikowany | orig_next: Dodać do kampanii regionalnej i wykonać follow-up telefoniczny | user_orig_priorytet='B — kampania regionalna' | user_orig_score=69 | user_orig_segment='S3 — Akcesoria dla palaczy/headshop',duży
PM,pomorskie,województwo,,,PL-B-PM-005,B4,"ABC. Hurtownia papierosów, art. chemiczno - kosmetyczno - higienicznych, Krówka Kaszubska",PL,Władysławowo,"Harcerska 8, 84-120 Władysławowo, Polska",,,http://www.hurtabc.pl,,,+48 58 674 24 40,,,,,reseller,,,,,🔴,mix,3,średni,,,,intake_PL_2026-08-10 | http://www.hurtabc.pl,,🔍,orig_uzasadnienie: Sprzedaż komplementarnych akcesoriów dla palaczy. | orig_uwagi: Status źródłowy: Niezweryfikowany | orig_next: Dodać do kampanii regionalnej i wykonać follow-up telefoniczny | user_orig_priorytet='B — kampania regionalna' | user_orig_score=69 | user_orig_segment='S3 — Akcesoria dla palaczy/headshop',duży
OP,opolskie,województwo,,,PL-B-OP-005,B6,Liquider Poland Sp. z o.o. Sp.k.,PL,Jasin,"ul. Poznańska 21, 62-020 Jasin",,,https://b2b.liquider.pl,,b2b@liquider.pl,+48 694 577 879,,,,,producent,,,,duży,🟢,B2B only,2,średni,,,,intake_PL_2026-08-10 | https://b2b.liquider.pl/o-nas | https://liquider.eu/ | https://b2b.liquider.pl,,🔍,orig_uzasadnienie: Kanał sąsiedni z bazą klientów zainteresowanych produktami nikotynowymi. | orig_uwagi: Status źródłowy: Zweryfikowany — aktywna strona/B2B | orig_next: Dodać do kampanii regionalnej i wykonać follow-up telefoniczny | user_orig_priorytet='B — kampania regionalna' | user_orig_score=68 | user_orig_segment='S4 — Vape/e-papierosy',duży
WM,warmińsko-mazurskie,województwo,,,PL-B-WM-001,B8,Hurtownia papierosów — Szczytno,PL,Szczytno,"ul. Osuchowskiego 15, Szczytno",,,,,,+48 89 624 07 57,,,,,reseller,,,,średni,🟡,B2B only,5,wysoki,,,,intake_PL_2026-08-10 | https://www.pkt.pl/szukaj/hurtownia-papierosow,,🔍,orig_uzasadnienie: Dostęp do sklepów tytoniowych i tradycyjnego handlu. | orig_uwagi: Status źródłowy: Do weryfikacji — katalog | orig_next: Dodać do kampanii regionalnej i wykonać follow-up telefoniczny | user_orig_priorytet='B — kampania regionalna' | user_orig_score=68 | user_orig_segment='S2 — Hurtownie tytoniowe/FMCG',duży
LB,lubuskie,województwo,,,PL-B-LB-003,B8,Hurtownia papierosów — Mostki,PL,Mostki,Mostki 15,,,,,,+48 68 381 12 26,,,,,reseller,,,,średni,🟡,B2B only,5,wysoki,,,,intake_PL_2026-08-10 | https://www.pkt.pl/szukaj/hurtownia-papierosow,,🔍,orig_uzasadnienie: Dostęp do sklepów tytoniowych i tradycyjnego handlu. | orig_uwagi: Status źródłowy: Do weryfikacji — katalog | orig_next: Dodać do kampanii regionalnej i wykonać follow-up telefoniczny | user_orig_priorytet='B — kampania regionalna' | user_orig_score=68 | user_orig_segment='S2 — Hurtownie tytoniowe/FMCG',duży
LD,łódzkie,województwo,,,PL-B-LD-003,B8,Hurtownia papierosów — Koluszki,PL,Koluszki,"ul. Sikorskiego 11, Koluszki",,,,,,+48 601 153 355,,,,,reseller,,,,średni,🟡,B2B only,5,wysoki,,,,intake_PL_2026-08-10 | https://www.pkt.pl/szukaj/hurtownia-papierosow,,🔍,orig_uzasadnienie: Dostęp do sklepów tytoniowych i tradycyjnego handlu. | orig_uwagi: Status źródłowy: Do weryfikacji — katalog | orig_next: Dodać do kampanii regionalnej i wykonać follow-up telefoniczny | user_orig_priorytet='B — kampania regionalna' | user_orig_score=68 | user_orig_segment='S2 — Hurtownie tytoniowe/FMCG',duży
SL,śląskie,województwo,,,PL-B-SL-005,B8,Hurtownia papierosów — Czerwionka-Leszczyny,PL,Czerwionka-Leszczyny,"ul. Kwiatowa 17, Czerwionka-Leszczyny",,,,,,+48 32 431 37 62,,,,,reseller,,,,średni,🟡,B2B only,5,wysoki,,,,intake_PL_2026-08-10 | https://www.pkt.pl/szukaj/hurtownia-papierosow,,🔍,orig_uzasadnienie: Dostęp do sklepów tytoniowych i tradycyjnego handlu. | orig_uwagi: Status źródłowy: Do weryfikacji — katalog | orig_next: Dodać do kampanii regionalnej i wykonać follow-up telefoniczny | user_orig_priorytet='B — kampania regionalna' | user_orig_score=68 | user_orig_segment='S2 — Hurtownie tytoniowe/FMCG',duży
LD,łódzkie,województwo,,,PL-B-LD-004,B8,"EM — hurtownia papierosów, artykułów przemysłowych i spożywczych",PL,Łęczyca,"ul. Tumska, Łęczyca",,,,,,+48 24 721 22 97,,,,,reseller,,,,średni,🟡,B2B only,5,wysoki,,,,intake_PL_2026-08-10 | https://www.pkt.pl/szukaj/hurtownia-papierosow,,🔍,orig_uzasadnienie: Dostęp do sklepów tytoniowych i tradycyjnego handlu. | orig_uwagi: Status źródłowy: Do weryfikacji — katalog | orig_next: Dodać do kampanii regionalnej i wykonać follow-up telefoniczny | user_orig_priorytet='B — kampania regionalna' | user_orig_score=68 | user_orig_segment='S2 — Hurtownie tytoniowe/FMCG',duży
PM,pomorskie,województwo,,,PL-B-PM-006,B8,"Dzidek — Hurtownia papierosów, oddział Gdańsk",PL,Gdańsk,"ul. Kościuszki 116, Gdańsk",,,,,,+48 58 341 88 38,,,,,reseller,,,,średni,🟢,B2B only,5,wysoki,,,,intake_PL_2026-08-10 | https://www.pkt.pl/szukaj/hurtownia-papierosow,,🔍,"orig_uzasadnienie: Dostęp do sklepów tytoniowych i tradycyjnego handlu. | orig_uwagi: Dodano jako osobny lead, ponieważ w starszej bazie nazwa była ukryta w niepowiązanym polu name_alt. | Status źródłowy: Do weryfikacji — katalog | orig_next: Dodać do kampanii regionalnej i wykonać follow-up telefoniczny | user_orig_priorytet='B — kampania regionalna' | user_orig_score=68 | user_orig_segment='S2 — Hurtownie tytoniowe/FMCG'",duży
PM,pomorskie,województwo,,,PL-B-PM-007,B8,"ABC — Hurtownia papierosów, Z. Bonkowski",PL,Kościerzyna,"Rynek 8, Kościerzyna",,,,,,+48 58 686 33 02,,,,,reseller,,,,średni,🟡,B2B only,5,wysoki,,,,intake_PL_2026-08-10 | https://www.pkt.pl/szukaj/hurtownia-papierosow,,🔍,orig_uzasadnienie: Dostęp do sklepów tytoniowych i tradycyjnego handlu. | orig_uwagi: Status źródłowy: Do weryfikacji — katalog | orig_next: Dodać do kampanii regionalnej i wykonać follow-up telefoniczny | user_orig_priorytet='B — kampania regionalna' | user_orig_score=68 | user_orig_segment='S2 — Hurtownie tytoniowe/FMCG',duży
MZ,mazowieckie,województwo,,,PL-B-MZ-009,B8,Mewa Hurtownia Marciniak Jerzy,PL,Mińsk Mazowiecki,Mińsk Mazowiecki (Chełmońskiego 6),,,https://minskmaz.com/firmy/pap...,,,,,,,,reseller,,,,średni,🟢,mix,5,wysoki,,,,intake_PL_2026-08-10 | https://minskmaz.com/firmy/pap...,,🔍,orig_uzasadnienie: Dostęp do sklepów tytoniowych i tradycyjnego handlu. | orig_uwagi: Nie potwierdzone | Status źródłowy: Niezweryfikowany | orig_next: Dodać do kampanii regionalnej i wykonać follow-up telefoniczny | user_orig_priorytet='B — kampania regionalna' | user_orig_score=68 | user_orig_segment='S2 — Hurtownie tytoniowe/FMCG',duży
OP,opolskie,województwo,,,PL-B-OP-006,B8,KDWT S.A.,PL,Opole,Opole,,,https://biznesfinder.pl/opole/...,,,,,,,,reseller,,,,średni,🟢,mix,5,wysoki,,,,intake_PL_2026-08-10 | https://biznesfinder.pl/opole/...,,🔍,orig_uzasadnienie: Dostęp do sklepów tytoniowych i tradycyjnego handlu. | orig_uwagi: Nie potwierdzone | Status źródłowy: Niezweryfikowany | orig_next: Dodać do kampanii regionalnej i wykonać follow-up telefoniczny | user_orig_priorytet='B — kampania regionalna' | user_orig_score=68 | user_orig_segment='S2 — Hurtownie tytoniowe/FMCG',duży
LU,lubelskie,województwo,,,PL-B-LU-009,B8,JAR — Hurtownia Papierosów i Chemii Gospodarczej,PL,Lublin,Lublin (Zamenhofa 125 / Gazowa 9),,,https://w-lubelskie.pl/jar-hur...,,,,,,,,reseller,,,,średni,🟢,mix,5,wysoki,,,,intake_PL_2026-08-10 | https://w-lubelskie.pl/jar-hur...,,🔍,orig_uzasadnienie: Dostęp do sklepów tytoniowych i tradycyjnego handlu. | orig_uwagi: Nie potwierdzone | Status źródłowy: Niezweryfikowany | orig_next: Dodać do kampanii regionalnej i wykonać follow-up telefoniczny | user_orig_priorytet='B — kampania regionalna' | user_orig_score=68 | user_orig_segment='S2 — Hurtownie tytoniowe/FMCG',duży
DS,dolnośląskie,województwo,,,PL-B-DS-003,B8,Irba — Zakład Obrotu Towarowego,PL,Jelenia Góra,"Jelenia Góra (serves Głogów, Bolesławiec, Zgorzelec, Kłodzko)",,,https://gowork.pl/dyl-jaroslaw...,,,,,,,,reseller,,,,średni,🟢,mix,5,wysoki,,,,intake_PL_2026-08-10 | https://gowork.pl/dyl-jaroslaw...,,🔍,orig_uzasadnienie: Dostęp do sklepów tytoniowych i tradycyjnego handlu. | orig_uwagi: Nie potwierdzone | Status źródłowy: Niezweryfikowany | orig_next: Dodać do kampanii regionalnej i wykonać follow-up telefoniczny | user_orig_priorytet='B — kampania regionalna' | user_orig_score=68 | user_orig_segment='S2 — Hurtownie tytoniowe/FMCG',duży
LU,lubelskie,województwo,,,PL-B-LU-010,B8,Hurtownia Papierosów Mars,PL,Lublin,Lublin (Namysłowskiego 41),,,https://yelp.com/biz/hurtownia...,,,,,,,,reseller,,,,średni,🟢,mix,5,wysoki,,,,intake_PL_2026-08-10 | https://yelp.com/biz/hurtownia...,,🔍,orig_uzasadnienie: Dostęp do sklepów tytoniowych i tradycyjnego handlu. | orig_uwagi: Nie potwierdzone | Status źródłowy: Niezweryfikowany | orig_next: Dodać do kampanii regionalnej i wykonać follow-up telefoniczny | user_orig_priorytet='B — kampania regionalna' | user_orig_score=68 | user_orig_segment='S2 — Hurtownie tytoniowe/FMCG',duży
MA,małopolskie,województwo,,,PL-B-MA-008,B8,Dymek — Hurtownia Papierosów,PL,Kraków,Kraków,,,https://dymek.com.pl,,,,,,,,reseller,,,,średni,🟢,mix,5,wysoki,,,,intake_PL_2026-08-10 | https://dymek.com.pl,,🔍,orig_uzasadnienie: Dostęp do sklepów tytoniowych i tradycyjnego handlu. | orig_uwagi: Nie potwierdzone | Status źródłowy: Niezweryfikowany | orig_next: Dodać do kampanii regionalnej i wykonać follow-up telefoniczny | user_orig_priorytet='B — kampania regionalna' | user_orig_score=68 | user_orig_segment='S2 — Hurtownie tytoniowe/FMCG',duży
DS,dolnośląskie,województwo,,,PL-B-DS-004,B8,Czechomax,PL,Wrocław,Wrocław,,,https://czechomax.pl,,,,,,,,reseller,,,,średni,🟢,mix,5,wysoki,,,,intake_PL_2026-08-10 | https://czechomax.pl,,🔍,orig_uzasadnienie: Dostęp do sklepów tytoniowych i tradycyjnego handlu. | orig_uwagi: Nie potwierdzone | Status źródłowy: Niezweryfikowany | orig_next: Dodać do kampanii regionalnej i wykonać follow-up telefoniczny | user_orig_priorytet='B — kampania regionalna' | user_orig_score=68 | user_orig_segment='S2 — Hurtownie tytoniowe/FMCG',duży
PK,podkarpackie,województwo,,,PL-B-PK-001,B8,BESTMAR — Hurtownia Wielobranżowa,PL,Rzeszów,Rzeszów (Wspólna 4),,,https://agrohurtsa.pl/kontrahe...,,,,,,,,reseller,,,,średni,🟢,mix,5,wysoki,,,,intake_PL_2026-08-10 | https://agrohurtsa.pl/kontrahe...,,🔍,orig_uzasadnienie: Dostęp do sklepów tytoniowych i tradycyjnego handlu. | orig_uwagi: Nie potwierdzone | Status źródłowy: Niezweryfikowany | orig_next: Dodać do kampanii regionalnej i wykonać follow-up telefoniczny | user_orig_priorytet='B — kampania regionalna' | user_orig_score=68 | user_orig_segment='S2 — Hurtownie tytoniowe/FMCG',duży
KP,kujawsko-pomorskie,województwo,,,PL-B-KP-009,B8,Artus FHU,PL,Kujawsko-Pomorskie,Kujawsko-Pomorskie,,,https://pkt.pl/szukaj/hurtowni...,,,,,,,,reseller,,,,średni,🟢,mix,5,wysoki,,,,intake_PL_2026-08-10 | https://pkt.pl/szukaj/hurtowni...,,🔍,orig_uzasadnienie: Dostęp do sklepów tytoniowych i tradycyjnego handlu. | orig_uwagi: Nie potwierdzone | Status źródłowy: Niezweryfikowany | orig_next: Dodać do kampanii regionalnej i wykonać follow-up telefoniczny | user_orig_priorytet='B — kampania regionalna' | user_orig_score=68 | user_orig_segment='S2 — Hurtownie tytoniowe/FMCG',duży
PK,podkarpackie,województwo,,,PL-B-PK-002,B8,ANIA Sp. z o.o.,PL,Rzeszów,Rzeszów,,,https://ania.rze.pl,,,,,,,,reseller,,,,średni,🟢,mix,5,wysoki,,,,intake_PL_2026-08-10 | https://ania.rze.pl,,🔍,orig_uzasadnienie: Dostęp do sklepów tytoniowych i tradycyjnego handlu. | orig_uwagi: Nie potwierdzone | Status źródłowy: Niezweryfikowany | orig_next: Dodać do kampanii regionalnej i wykonać follow-up telefoniczny | user_orig_priorytet='B — kampania regionalna' | user_orig_score=68 | user_orig_segment='S2 — Hurtownie tytoniowe/FMCG',duży
MZ,mazowieckie,województwo,,,PL-B-MZ-010,B8,ADGAR Hurtownia,PL,Olsztyn,Mazowieckie,,,"https://hurtownie.pl/hurtownie,...",,,,,,,,reseller,,,,średni,🟢,mix,5,wysoki,,,,"intake_PL_2026-08-10 | https://hurtownie.pl/hurtownie,...",,🔍,orig_uzasadnienie: Dostęp do sklepów tytoniowych i tradycyjnego handlu. | orig_uwagi: Nie potwierdzone | Status źródłowy: Niezweryfikowany | orig_next: Dodać do kampanii regionalnej i wykonać follow-up telefoniczny | user_orig_priorytet='B — kampania regionalna' | user_orig_score=68 | user_orig_segment='S2 — Hurtownie tytoniowe/FMCG',duży
KP,kujawsko-pomorskie,województwo,,,PL-B-KP-010,B8,7&7 Hurtownia Wielobranżowa,PL,Rypin,Rypin,,,https://hurt77.pl/hurtownia,,,,,,,,reseller,,,,średni,🟢,mix,5,wysoki,,,,intake_PL_2026-08-10 | https://hurt77.pl/hurtownia,,🔍,orig_uzasadnienie: Dostęp do sklepów tytoniowych i tradycyjnego handlu. | orig_uwagi: Nie potwierdzone | Status źródłowy: Niezweryfikowany | orig_next: Dodać do kampanii regionalnej i wykonać follow-up telefoniczny | user_orig_priorytet='B — kampania regionalna' | user_orig_score=68 | user_orig_segment='S2 — Hurtownie tytoniowe/FMCG',duży
OP,opolskie,województwo,,,PL-B-OP-007,B8,"""Wir"" Hurtownia Papierosów i Kawy",PL,Strzelce Opolskie,Strzelce Opolskie (Pl. Targowy 9),,,"https://24opole.pl/21262,Wir._...",,,,,,,,reseller,,,,średni,🟢,mix,5,wysoki,,,,"intake_PL_2026-08-10 | https://24opole.pl/21262,Wir._...",,🔍,orig_uzasadnienie: Dostęp do sklepów tytoniowych i tradycyjnego handlu. | orig_uwagi: Nie potwierdzone | Status źródłowy: Niezweryfikowany | orig_next: Dodać do kampanii regionalnej i wykonać follow-up telefoniczny | user_orig_priorytet='B — kampania regionalna' | user_orig_score=68 | user_orig_segment='S2 — Hurtownie tytoniowe/FMCG',duży
,Ogólnopolska,,,,PL-B-XX-019,B8,Zas-Pol,PL,"Kraków, Poznań, Piła, Zielona Góra",,,,https://zas-pol.pl,,,,,,,,reseller,,,,średni,🟢,B2B only,5,wysoki,,,,intake_PL_2026-08-10 | https://zas-pol.pl,,🔍,orig_uzasadnienie: Dostęp do sklepów tytoniowych i tradycyjnego handlu; zasięg ponadregionalny. | orig_uwagi: Nie potwierdzone | orig_next: Dodać do kampanii regionalnej i wykonać follow-up telefoniczny | user_orig_priorytet='B — kampania regionalna' | user_orig_score=68 | user_orig_segment='S2 — Hurtownie tytoniowe/FMCG',duży
MA,małopolskie,województwo,,,PL-B-MA-009,B8,"SUŻYW Hurtownia artykułów spożywczych, alkoholi i papierosów",PL,Sucha Beskidzka,"ul. Nad Skawą 4, 34-200 Sucha Beskidzka",,,,,,,,,,,reseller,,,,średni,🟢,B2B only,5,wysoki,,,,intake_PL_2026-08-10 (user_score=67),,🔍,orig_uzasadnienie: Dostęp do sklepów tytoniowych i tradycyjnego handlu. | orig_uwagi: Lead regionalny; wymaga sprawdzenia CEIDG/KRS i telefonu. | Status źródłowy: Do weryfikacji — katalog | orig_next: Dodać do kampanii regionalnej i wykonać follow-up telefoniczny | user_orig_priorytet='B — kampania regionalna' | user_orig_score=67 | user_orig_segment='S2 — Hurtownie tytoniowe/FMCG',duży
PM,pomorskie,województwo,,,PL-B-PM-008,B8,KRYMAR Dystrybutor wyrobów tytoniowych,PL,Słupsk,"ul. Armii Krajowej 16, 76-200 Słupsk",,,,,,,,,,,reseller,,,,średni,🟢,B2B only,5,wysoki,,,,intake_PL_2026-08-10 (user_score=67),,🔍,orig_uzasadnienie: Dostęp do sklepów tytoniowych i tradycyjnego handlu. | orig_uwagi: Regionalny lead dystrybucyjny; brak potwierdzonej strony i danych rejestrowych. | Status źródłowy: Do weryfikacji — katalog | orig_next: Dodać do kampanii regionalnej i wykonać follow-up telefoniczny | user_orig_priorytet='B — kampania regionalna' | user_orig_score=67 | user_orig_segment='S2 — Hurtownie tytoniowe/FMCG',duży
SK,świętokrzyskie,województwo,,,PL-B-SK-003,B8,"Hurtownia KIM K. Krzemiński, M. Krzemiński, A. Chrząszcz Sp.j.",PL,Busko-Zdrój,"ul. Bohaterów Warszawy 106, 28-100 Busko-Zdrój",,,,,,,,,,,reseller,,,,średni,🟢,B2B only,5,wysoki,,,,intake_PL_2026-08-10 (user_score=67),,🔍,orig_uzasadnienie: Dostęp do sklepów tytoniowych i tradycyjnego handlu. | orig_uwagi: Lead regionalny do weryfikacji telefonicznej i rejestrowej. | Status źródłowy: Do weryfikacji — katalog | orig_next: Dodać do kampanii regionalnej i wykonać follow-up telefoniczny | user_orig_priorytet='B — kampania regionalna' | user_orig_score=67 | user_orig_segment='S2 — Hurtownie tytoniowe/FMCG',duży
SL,śląskie,województwo,,,PL-B-SL-006,B6,Hurtownia Papierosów Śląsk i Zagłębie,PL,"Katowice, Sosnowiec, Dąbrowa Górnicza, Siemianowice, Czeladź, Będzin","Modrzejowska 19, 41-250 Czeladź, Polska",,,https://hurtownia-papierosow.pl,,,+48 500 804 824,,,,,hurtownik,,,,średni,🟢,mix,2,średni,,,,intake_PL_2026-08-10 | https://hurtownia-papierosow.pl,,🔍,orig_uzasadnienie: Kanał sąsiedni z bazą klientów zainteresowanych produktami nikotynowymi. | orig_uwagi: Nie potwierdzone | Status źródłowy: Niezweryfikowany | orig_next: Dodać do kampanii regionalnej i wykonać follow-up telefoniczny | user_orig_priorytet='B — kampania regionalna' | user_orig_score=66 | user_orig_segment='S4 — Vape/e-papierosy',duży
SL,śląskie,województwo,,,PL-B-SL-007,B6,F.H. Alans — Hurtownia Artykułów Tytoniowych,PL,Ruda Śląska,Ruda Śląska (Pionierów 31),,,https://alans.pl,,,32 240 22 26,,,,,hurtownik,,,,średni,🟢,mix,2,średni,,,,intake_PL_2026-08-10 | https://alans.pl,,🔍,orig_uzasadnienie: Kanał sąsiedni z bazą klientów zainteresowanych produktami nikotynowymi. | orig_uwagi: Nie potwierdzone | Status źródłowy: Niezweryfikowany | orig_next: Dodać do kampanii regionalnej i wykonać follow-up telefoniczny | user_orig_priorytet='B — kampania regionalna' | user_orig_score=66 | user_orig_segment='S4 — Vape/e-papierosy',duży
MZ,mazowieckie,województwo,,,PL-B-MZ-011,B8,Drek Hurtownia Gilz,PL,Radom,,,,,,,504 083 360,,,,,reseller,,,,,🔴,B2B only,5,wysoki,,,,intake_PL_2026-08-10 (user_score=66),,🔍,orig_uzasadnienie: Dostęp do sklepów tytoniowych i tradycyjnego handlu; zasięg ponadregionalny. | orig_uwagi: Dostawy ogólnopolskie | orig_next: Dodać do kampanii regionalnej i wykonać follow-up telefoniczny | user_orig_priorytet='B — kampania regionalna' | user_orig_score=66 | user_orig_segment='S2 — Hurtownie tytoniowe/FMCG',duży
SK,świętokrzyskie,województwo,,,PL-B-SK-004,B8,VIVOPLAST,PL,Ostrowiec Świętokrzyski,"ul. Sienkiewicza 32, 27-400 Ostrowiec Świętokrzyski",,,"https://www.hurtownie.pl/hurtownie-wyroby-tytoniowe,10611.html?p=13",,,,,,,,reseller,,,,,🔴,B2B only,5,wysoki,,,,"intake_PL_2026-08-10 | https://www.hurtownie.pl/hurtownie-wyroby-tytoniowe,10611.html?p=13",,🔍,orig_uzasadnienie: Dostęp do sklepów tytoniowych i tradycyjnego handlu. | orig_next: Dodać do kampanii regionalnej i wykonać follow-up telefoniczny | user_orig_priorytet='B — kampania regionalna' | user_orig_score=64 | user_orig_segment='S2 — Hurtownie tytoniowe/FMCG',duży
LB,lubuskie,województwo,,,PL-B-LB-004,B8,"Tabak — hurtownia papierosów i chemii gospodarczej, D. Łożyniak",PL,Kożuchów,"ul. Szprotawska 18A, Kożuchów",,,,,,,,,,,reseller,,,,średni,🟡,B2B only,5,wysoki,,,,intake_PL_2026-08-10 | https://www.pkt.pl/szukaj/hurtownia-papierosow,,🔍,orig_uzasadnienie: Dostęp do sklepów tytoniowych i tradycyjnego handlu. | orig_uwagi: Status źródłowy: Do weryfikacji — katalog | orig_next: Dodać do kampanii regionalnej i wykonać follow-up telefoniczny | user_orig_priorytet='B — kampania regionalna' | user_orig_score=64 | user_orig_segment='S2 — Hurtownie tytoniowe/FMCG',duży
DS,dolnośląskie,województwo,,,PL-B-DS-005,B6,Tabak - Hurtownia papierosów i wyrobów tytoniowych.,PL,Wrocław,"Wierzchowicka 7, 51-127 Wrocław, Polska",,,http://tabak.wroclaw.pl,,,+48 71 349 10 10,,,,,hurtownik,,,,,🔴,mix,2,średni,,,,intake_PL_2026-08-10 | http://tabak.wroclaw.pl,,🔍,orig_uzasadnienie: Kanał sąsiedni z bazą klientów zainteresowanych produktami nikotynowymi. | orig_uwagi: Status źródłowy: Niezweryfikowany | orig_next: Dodać do kampanii regionalnej i wykonać follow-up telefoniczny | user_orig_priorytet='B — kampania regionalna' | user_orig_score=62 | user_orig_segment='S4 — Vape/e-papierosy',duży
PD,podlaskie,województwo,,,PL-B-PD-006,B6,LokiVape E-papierosy Vape Shop Ełk,PL,Ełk,"Armii Krajowej 9/U11, 19-300 Ełk, Polska",,,https://www.lokivape.com/sklepy/lokivape-elk-ul-armii-krajowej-9-U11,,,+48 690 527 835,,,,,hurtownik,,,,,🔴,mix,2,średni,,,,intake_PL_2026-08-10 | https://www.lokivape.com/sklepy/lokivape-elk-ul-armii-krajowej-9-U11,,🔍,orig_uzasadnienie: Kanał sąsiedni z bazą klientów zainteresowanych produktami nikotynowymi. | orig_uwagi: Status źródłowy: Niezweryfikowany | orig_next: Dodać do kampanii regionalnej i wykonać follow-up telefoniczny | user_orig_priorytet='B — kampania regionalna' | user_orig_score=62 | user_orig_segment='S4 — Vape/e-papierosy',duży
MZ,mazowieckie,województwo,,,PL-B-MZ-012,B6,E-papierosy.pl,PL,Ostrołęka,"ul. Generała Augusta Emila, Generala Augusta Emila Fieldorfa ""Nila"" 7B/12, 07-400 Ostrołęka, Polska",,,https://e-papierosy.pl/pl/?utm_medium=organic&utm_source=google_maps&utm_campaign=google_maps&utm_content=web_url,,,+48 571 552 187,,,,,hurtownik,,,,,🔴,mix,2,średni,,,,intake_PL_2026-08-10 | https://e-papierosy.pl/pl/?utm_medium=organic&utm_source=google_maps&utm_campaign=google_maps&utm_content=web_url,,🔍,orig_uzasadnienie: Kanał sąsiedni z bazą klientów zainteresowanych produktami nikotynowymi. | orig_uwagi: Status źródłowy: Niezweryfikowany | orig_next: Dodać do kampanii regionalnej i wykonać follow-up telefoniczny | user_orig_priorytet='B — kampania regionalna' | user_orig_score=62 | user_orig_segment='S4 — Vape/e-papierosy',duży
,Ogólnopolska,,,,PL-B-XX-020,B6,JarajTo,PL,,,,,https://jarajto.pl,,,,,,,,hurtownik,,,,średni,🟢,B2B only,2,średni,,,,intake_PL_2026-08-10 | https://jarajto.pl,,🔍,"orig_uzasadnienie: Kanał sąsiedni z bazą klientów zainteresowanych produktami nikotynowymi; zasięg ponadregionalny. | orig_uwagi: Wholesale headshop focusing on premium papers, glass, CBD, and vapes. | orig_next: Dodać do kampanii regionalnej i wykonać follow-up telefoniczny | user_orig_priorytet='B — kampania regionalna' | user_orig_score=62 | user_orig_segment='S4 — Vape/e-papierosy'",duży
MA,małopolskie,województwo,,,PL-B-MA-010,B4,KentDruk (P.W. Kentdruk),PL,Kęty,"ul. Marii Konopnickiej 6, 32-650 Kęty",,,https://kentdruk.pl,,biuro@kentdruk.pl,+48 33 845 30 10,,,,,producent,,,,średni,🟢,B2B only,3,średni,,,,intake_PL_2026-08-10 | https://kentdruk.pl,,🔍,orig_uzasadnienie: Premium trafiki i specjalistyczne punkty sprzedaży. | orig_uwagi: Nie potwierdzone | Status źródłowy: Dostępny w katalogu | orig_next: Dodać do kampanii regionalnej i wykonać follow-up telefoniczny | user_orig_priorytet='B — kampania regionalna' | user_orig_score=61 | user_orig_segment='S5 — Cygara i trafiki premium',duży
,Nieustalony,,,,PL-B-XX-021,B6,E-Tabak,PL,,,1231543801,1068075(?),https://www.e-tabak.pl,,biuro@e-tabak.pl,178443665,,,,,hurtownik,,,,,🔴,B2B only,2,średni,,,,intake_PL_2026-08-10 | https://www.e-tabak.pl,,🔍,orig_uzasadnienie: Kanał sąsiedni z bazą klientów zainteresowanych produktami nikotynowymi. | orig_uwagi: Z listy top 10 vape hurtowni PL | orig_next: Dodać do kampanii regionalnej i wykonać follow-up telefoniczny | user_orig_priorytet='B — kampania regionalna' | user_orig_score=61 | user_orig_segment='S4 — Vape/e-papierosy',duży
SK,świętokrzyskie,województwo,,,PL-B-SK-005,B4,Markowe cygara,PL,Radom,"Biznesowa 8, 26-612 Radom, Polska",,,https://markowecygara.pl,,,+48 570 305 007,,,,,hurtownik,,,,,🔴,mix,3,średni,,,,intake_PL_2026-08-10 | https://markowecygara.pl,,🔍,orig_uzasadnienie: Premium trafiki i specjalistyczne punkty sprzedaży. | orig_uwagi: Status źródłowy: Niezweryfikowany | orig_next: Dodać do kampanii regionalnej i wykonać follow-up telefoniczny | user_orig_priorytet='B — kampania regionalna' | user_orig_score=61 | user_orig_segment='S5 — Cygara i trafiki premium',duży
,Ogólnopolska,,,,PL-B-XX-022,B6,Merkandi.pl,PL,Platform,Platform,,,https://merkandi.pl/hurt/zapalniczki,,,,,,,,hurtownik,,,,średni,🟢,B2B only,2,średni,,,,intake_PL_2026-08-10 | https://merkandi.pl/hurt/zapalniczki,,🔍,orig_uzasadnienie: Kanał sąsiedni z bazą klientów zainteresowanych produktami nikotynowymi; zasięg ponadregionalny. | orig_uwagi: Dodano z hurtownicy_pl_127.html; Asortyment: Lighters wholesale — various B2B sellers | Status źródłowy: Aktywny | orig_next: Dodać do kampanii regionalnej i wykonać follow-up telefoniczny | user_orig_priorytet='B — kampania regionalna' | user_orig_score=61 | user_orig_segment='S4 — Vape/e-papierosy',duży
SK,świętokrzyskie,województwo,,,PL-B-SK-006,B8,W.O.Z. S.C.,PL,Ostrowiec Świętokrzyski,"ul. Sienkiewicza 26, 27-400 Ostrowiec Świętokrzyski",,,,,,,,,,,reseller,,,,,🔴,B2B only,5,wysoki,,,,intake_PL_2026-08-10 (user_score=61),,🔍,orig_uzasadnienie: Dostęp do sklepów tytoniowych i tradycyjnego handlu. | orig_next: Dodać do kampanii regionalnej i wykonać follow-up telefoniczny | user_orig_priorytet='B — kampania regionalna' | user_orig_score=61 | user_orig_segment='S2 — Hurtownie tytoniowe/FMCG',duży
PD,podlaskie,województwo,,,PL-B-PD-007,B4,Trafika Nord,PL,Białystok,Białystok,,,,,,,,,,,reseller,,,,średni,🟢,mix,3,średni,,,,intake_PL_2026-08-10 (user_score=61),,🔍,orig_uzasadnienie: Sprzedaż komplementarnych akcesoriów dla palaczy. | orig_uwagi: Nie potwierdzone | Status źródłowy: Niezweryfikowany | orig_next: Dodać do kampanii regionalnej i wykonać follow-up telefoniczny | user_orig_priorytet='B — kampania regionalna' | user_orig_score=61 | user_orig_segment='S3 — Akcesoria dla palaczy/headshop',duży
SK,świętokrzyskie,województwo,,,PL-B-SK-007,B8,OGRODNICZAK ARTUR Hurtownia,PL,Skarżysko-Kamienna,"ul. Paryska 84, 26-100 Skarżysko-Kamienna",,,,,,,,,,,reseller,,,,,🔴,B2B only,5,wysoki,,,,intake_PL_2026-08-10 (user_score=61),,🔍,orig_uzasadnienie: Dostęp do sklepów tytoniowych i tradycyjnego handlu. | orig_next: Dodać do kampanii regionalnej i wykonać follow-up telefoniczny | user_orig_priorytet='B — kampania regionalna' | user_orig_score=61 | user_orig_segment='S2 — Hurtownie tytoniowe/FMCG',duży
SK,świętokrzyskie,województwo,,,PL-B-SK-008,B8,MILO S.A.,PL,Kielce,"ul. Magazynowa 4, 25-565 Kielce",,,,,,,,,,,reseller,,,,,🔴,B2B only,5,wysoki,,,,intake_PL_2026-08-10 (user_score=61),,🔍,orig_uzasadnienie: Dostęp do sklepów tytoniowych i tradycyjnego handlu. | orig_next: Dodać do kampanii regionalnej i wykonać follow-up telefoniczny | user_orig_priorytet='B — kampania regionalna' | user_orig_score=61 | user_orig_segment='S2 — Hurtownie tytoniowe/FMCG',duży
SK,świętokrzyskie,województwo,,,PL-B-SK-009,B8,KIREX BIS PHU M. Kycia,PL,Starachowice,"ul. Radomska 17, 27-200 Starachowice",,,,,,,,,,,reseller,,,,,🔴,B2B only,5,wysoki,,,,intake_PL_2026-08-10 (user_score=61),,🔍,orig_uzasadnienie: Dostęp do sklepów tytoniowych i tradycyjnego handlu. | orig_next: Dodać do kampanii regionalnej i wykonać follow-up telefoniczny | user_orig_priorytet='B — kampania regionalna' | user_orig_score=61 | user_orig_segment='S2 — Hurtownie tytoniowe/FMCG',duży
SK,świętokrzyskie,województwo,,,PL-B-SK-010,B8,JOLBEX Firma Handlowa Zygmunt Wangler,PL,Skarżysko-Kamienna,"ul. Rzemieślnicza 1, 26-110 Skarżysko-Kamienna",,,,,,,,,,,reseller,,,,,🔴,B2B only,5,wysoki,,,,intake_PL_2026-08-10 (user_score=61),,🔍,orig_uzasadnienie: Dostęp do sklepów tytoniowych i tradycyjnego handlu. | orig_next: Dodać do kampanii regionalnej i wykonać follow-up telefoniczny | user_orig_priorytet='B — kampania regionalna' | user_orig_score=61 | user_orig_segment='S2 — Hurtownie tytoniowe/FMCG',duży
SK,świętokrzyskie,województwo,,,PL-B-SK-011,B8,CORA Zakład Handlowo-Usługowy,PL,Kielce,"ul. Jana III Sobieskiego 63, 25-132 Kielce",,,,,,,,,,,reseller,,,,,🔴,B2B only,5,wysoki,,,,intake_PL_2026-08-10 (user_score=61),,🔍,orig_uzasadnienie: Dostęp do sklepów tytoniowych i tradycyjnego handlu. | orig_next: Dodać do kampanii regionalnej i wykonać follow-up telefoniczny | user_orig_priorytet='B — kampania regionalna' | user_orig_score=61 | user_orig_segment='S2 — Hurtownie tytoniowe/FMCG',duży
SK,świętokrzyskie,województwo,,,PL-B-SK-012,B8,CARO Sp.j. R. i R. Niewczas,PL,Ostrowiec Świętokrzyski,"al. Jana Pawła II 63 b, 27-400 Ostrowiec Świętokrzyski",,,,,,,,,,,reseller,,,,,🔴,B2B only,5,wysoki,,,,intake_PL_2026-08-10 (user_score=61),,🔍,orig_uzasadnienie: Dostęp do sklepów tytoniowych i tradycyjnego handlu. | orig_next: Dodać do kampanii regionalnej i wykonać follow-up telefoniczny | user_orig_priorytet='B — kampania regionalna' | user_orig_score=61 | user_orig_segment='S2 — Hurtownie tytoniowe/FMCG',duży
SK,świętokrzyskie,województwo,,,PL-B-SK-013,B8,CARMEN S.C.,PL,Starachowice,"ul. Wspólna 1, 27-200 Starachowice",,,,,,,,,,,reseller,,,,,🔴,B2B only,5,wysoki,,,,intake_PL_2026-08-10 (user_score=61),,🔍,orig_uzasadnienie: Dostęp do sklepów tytoniowych i tradycyjnego handlu. | orig_next: Dodać do kampanii regionalnej i wykonać follow-up telefoniczny | user_orig_priorytet='B — kampania regionalna' | user_orig_score=61 | user_orig_segment='S2 — Hurtownie tytoniowe/FMCG',duży
SK,świętokrzyskie,województwo,,,PL-B-SK-014,B8,BONUS Hurtownia Papierosów,PL,Starachowice,"ul. Spółdzielcza 49, 27-200 Starachowice",,,,,,,,,,,reseller,,,,,🔴,B2B only,5,wysoki,,,,intake_PL_2026-08-10 (user_score=61),,🔍,orig_uzasadnienie: Dostęp do sklepów tytoniowych i tradycyjnego handlu. | orig_next: Dodać do kampanii regionalnej i wykonać follow-up telefoniczny | user_orig_priorytet='B — kampania regionalna' | user_orig_score=61 | user_orig_segment='S2 — Hurtownie tytoniowe/FMCG',duży
OP,opolskie,województwo,,,PL-B-OP-008,B8,ACORD Sp. z o.o.,PL,Nysa,"ul. Stanisławowska 30, Nysa",,,,,,,,,,,reseller,,,,,🔴,B2B only,5,wysoki,,,,intake_PL_2026-08-10 (user_score=61),,🔍,orig_uzasadnienie: Dostęp do sklepów tytoniowych i tradycyjnego handlu. | orig_next: Dodać do kampanii regionalnej i wykonać follow-up telefoniczny | user_orig_priorytet='B — kampania regionalna' | user_orig_score=61 | user_orig_segment='S2 — Hurtownie tytoniowe/FMCG',duży
LD,łódzkie,województwo,,,PL-B-LD-005,B6,"Hurtownia Papierosów ""DANA""",PL,Pabianice,"ul. Łaska 46/48, 95-200 Pabianice",,,,,,+48 42 214 97 55,,,,,hurtownik,,,,średni,🟢,B2B only,2,średni,,,,intake_PL_2026-08-10 (user_score=60),,🔍,"orig_uzasadnienie: Kanał sąsiedni z bazą klientów zainteresowanych produktami nikotynowymi. | orig_uwagi: Może mieć klientów zarówno tradycyjnych, jak i vape; należy potwierdzić aktywność. | Status źródłowy: Do weryfikacji — katalog | orig_next: Dodać do kampanii regionalnej i wykonać follow-up telefoniczny | user_orig_priorytet='B — kampania regionalna' | user_orig_score=60 | user_orig_segment='S4 — Vape/e-papierosy'",duży
,Nieustalony,,,,PL-B-XX-023,B4,Rafani 2 Tomasz Kitkowski,PL,Olsztyn (Feliksa Nowowiejskiego 1/110),Olsztyn (Feliksa Nowowiejskiego 1/110),,,https://m.yelp.com/search?find_desc=Tobacco+Shops&find_loc=Olsztyn%2C+WN,,,,,,,,reseller,,,,,🔴,mix,3,średni,,,,intake_PL_2026-08-10 | https://m.yelp.com/search?find_desc=Tobacco+Shops&find_loc=Olsztyn%2C+WN,,🔍,orig_uzasadnienie: Sprzedaż komplementarnych akcesoriów dla palaczy. | orig_uwagi: Status źródłowy: Niezweryfikowany | orig_next: Dodać do kampanii regionalnej i wykonać follow-up telefoniczny | user_orig_priorytet='B — kampania regionalna' | user_orig_score=60 | user_orig_segment='S3 — Akcesoria dla palaczy/headshop',duży
MZ,mazowieckie,województwo,,,PL-B-MZ-013,B6,E-nilsen.pl,PL,Pruszków,"ul. Prusa 45, Pruszków",,,,,,+48 22 487 70 88,,,,,producent,,,,,🔴,mix,2,średni,,,,intake_PL_2026-08-10 (user_score=59),,🔍,orig_uzasadnienie: Kanał sąsiedni z bazą klientów zainteresowanych produktami nikotynowymi; kompetencje importowo-dystrybucyjne. | orig_next: Dodać do kampanii regionalnej i wykonać follow-up telefoniczny | user_orig_priorytet='B — kampania regionalna' | user_orig_score=59 | user_orig_segment='S4 — Vape/e-papierosy',duży
MZ,mazowieckie,województwo,,,PL-B-MZ-014,B6,Caro. Hurtownia papierosów. Żach K.,PL,Ostrów Mazowiecka,"Lubiejewska 51, 07-300 Ostrów Mazowiecka, Polska",,,,,,+48 29 745 29 33,,,,,hurtownik,,,,,🔴,B2B only,2,średni,,,,intake_PL_2026-08-10 (user_score=59),,🔍,orig_uzasadnienie: Kanał sąsiedni z bazą klientów zainteresowanych produktami nikotynowymi. | orig_uwagi: Dodano z Hurtownicy-Wszystkie-Dane-Zebrane_matrix_v10.html; Map link: https://www.google.com/maps/search/?api=1&query=Caro.%20Hurtownia%20papieros%C3%B3w.%20%C5%BBach%20K.&query_place_id=ChIJ57cTD0erH0cROZwd1Cm6oJU | Status źródłowy: Niezweryfikowany | orig_next: Dodać do kampanii regionalnej i wykonać follow-up telefoniczny | user_orig_priorytet='B — kampania regionalna' | user_orig_score=59 | user_orig_segment='S4 — Vape/e-papierosy',duży
SL,śląskie,województwo,,,PL-B-SL-008,B8,Tanie Palenie POINT,PL,Gliwice,,,,https://baza-firm.com.pl/tyton-...,,,,,,,,reseller,,,,średni,🟢,B2B only,5,wysoki,,,,intake_PL_2026-08-10 | https://baza-firm.com.pl/tyton-...,,🔍,orig_uzasadnienie: Dostęp do sklepów tytoniowych i tradycyjnego handlu. | orig_uwagi: Nie potwierdzone | orig_next: Dodać do kampanii regionalnej i wykonać follow-up telefoniczny | user_orig_priorytet='B — kampania regionalna' | user_orig_score=59 | user_orig_segment='S2 — Hurtownie tytoniowe/FMCG',duży
DS,dolnośląskie,województwo,,,PL-B-DS-006,B8,Pol-Ta,PL,Jelcz-Laskowice,,,,https://pol-ta.pl,,,,,,,,reseller,,,,średni,🟢,B2B only,5,wysoki,,,,intake_PL_2026-08-10 | https://pol-ta.pl,,🔍,orig_uzasadnienie: Dostęp do sklepów tytoniowych i tradycyjnego handlu. | orig_uwagi: Nie potwierdzone | orig_next: Dodać do kampanii regionalnej i wykonać follow-up telefoniczny | user_orig_priorytet='B — kampania regionalna' | user_orig_score=59 | user_orig_segment='S2 — Hurtownie tytoniowe/FMCG',duży
DS,dolnośląskie,województwo,,,PL-B-DS-007,B8,Milo Sp. z o.o.,PL,Lubin,,,,https://milo.lubin.pl,,,,,,,,reseller,,,,średni,🟢,B2B only,5,wysoki,,,,intake_PL_2026-08-10 | https://milo.lubin.pl,,🔍,orig_uzasadnienie: Dostęp do sklepów tytoniowych i tradycyjnego handlu. | orig_uwagi: Nie potwierdzone | orig_next: Dodać do kampanii regionalnej i wykonać follow-up telefoniczny | user_orig_priorytet='B — kampania regionalna' | user_orig_score=59 | user_orig_segment='S2 — Hurtownie tytoniowe/FMCG',duży
DS,dolnośląskie,województwo,,,PL-B-DS-008,B8,Hurtownia Papierosów Grażyna Baltadzi,PL,Lubin,,,,https://papierosy.lubin.pl,,,,,,,,reseller,,,,średni,🟢,B2B only,5,wysoki,,,,intake_PL_2026-08-10 | https://papierosy.lubin.pl,,🔍,orig_uzasadnienie: Dostęp do sklepów tytoniowych i tradycyjnego handlu. | orig_uwagi: Nie potwierdzone | orig_next: Dodać do kampanii regionalnej i wykonać follow-up telefoniczny | user_orig_priorytet='B — kampania regionalna' | user_orig_score=59 | user_orig_segment='S2 — Hurtownie tytoniowe/FMCG',duży
LD,łódzkie,województwo,,,PL-B-LD-006,B8,Efekt Łódź,PL,Łódź,,,,https://efekt-lodz.pl,,,,,,,,reseller,,,,średni,🟢,B2B only,5,wysoki,,,,intake_PL_2026-08-10 | https://efekt-lodz.pl,,🔍,orig_uzasadnienie: Dostęp do sklepów tytoniowych i tradycyjnego handlu. | orig_uwagi: Nie potwierdzone | orig_next: Dodać do kampanii regionalnej i wykonać follow-up telefoniczny | user_orig_priorytet='B — kampania regionalna' | user_orig_score=59 | user_orig_segment='S2 — Hurtownie tytoniowe/FMCG',duży
LD,łódzkie,województwo,,,PL-B-LD-007,B8,Carmen Polska,PL,Kraków,,,,https://carmenpolska.pl,,,,,,,,reseller,,,,średni,🟢,B2B only,5,wysoki,,,,intake_PL_2026-08-10 | https://carmenpolska.pl,,🔍,orig_uzasadnienie: Dostęp do sklepów tytoniowych i tradycyjnego handlu. | orig_uwagi: Nie potwierdzone | orig_next: Dodać do kampanii regionalnej i wykonać follow-up telefoniczny | user_orig_priorytet='B — kampania regionalna' | user_orig_score=59 | user_orig_segment='S2 — Hurtownie tytoniowe/FMCG',duży
MA,małopolskie,województwo,,,PL-B-MA-011,B8,Tabak Kraków,PL,Kraków,,,,,,,,,,,,reseller,,,,,🔴,B2B only,5,wysoki,,,,intake_PL_2026-08-10 (user_score=59),,🔍,orig_uzasadnienie: Dostęp do sklepów tytoniowych i tradycyjnego handlu. | orig_next: Dodać do kampanii regionalnej i wykonać follow-up telefoniczny | user_orig_priorytet='B — kampania regionalna' | user_orig_score=59 | user_orig_segment='S2 — Hurtownie tytoniowe/FMCG',duży
,Nieustalony,,,,PL-B-XX-024,B8,Step Two,PL,,,6342812402,,,,,,,,,,reseller,,,,,🔴,B2B only,5,wysoki,,,,intake_PL_2026-08-10 (user_score=59),,🔍,orig_uzasadnienie: Dostęp do sklepów tytoniowych i tradycyjnego handlu. | orig_uwagi: Z listy BISTA; pomorskie i wielkopolskie | orig_next: Dodać do kampanii regionalnej i wykonać follow-up telefoniczny | user_orig_priorytet='B — kampania regionalna' | user_orig_score=59 | user_orig_segment='S2 — Hurtownie tytoniowe/FMCG',duży
,Nieustalony,,,,PL-B-XX-025,B4,Tytoniowo,PL,,,,,https://www.tytoniowo.pl,,,,,,,,reseller,,,,,🔴,mix,3,średni,,,,intake_PL_2026-08-10 | https://www.tytoniowo.pl,,🔍,orig_uzasadnienie: Sprzedaż komplementarnych akcesoriów dla palaczy. | orig_uwagi: Status źródłowy: Niezweryfikowany | orig_next: Dodać do kampanii regionalnej i wykonać follow-up telefoniczny | user_orig_priorytet='B — kampania regionalna' | user_orig_score=58 | user_orig_segment='S3 — Akcesoria dla palaczy/headshop',duży
,Nieustalony,,,,PL-B-XX-026,B4,Trafika u Jakuba,PL,,,,,http://www.jakubphu.pl,,,,,,,,reseller,,,,,🔴,mix,3,średni,,,,intake_PL_2026-08-10 | http://www.jakubphu.pl,,🔍,orig_uzasadnienie: Sprzedaż komplementarnych akcesoriów dla palaczy. | orig_uwagi: Status źródłowy: Niezweryfikowany | orig_next: Dodać do kampanii regionalnej i wykonać follow-up telefoniczny | user_orig_priorytet='B — kampania regionalna' | user_orig_score=58 | user_orig_segment='S3 — Akcesoria dla palaczy/headshop',duży
,Nieustalony,,,,PL-B-XX-027,B4,Smok,PL,,,,,https://smok.pl,,,,,,,,reseller,,,,,🔴,mix,3,średni,,,,intake_PL_2026-08-10 | https://smok.pl,,🔍,orig_uzasadnienie: Sprzedaż komplementarnych akcesoriów dla palaczy. | orig_uwagi: Status źródłowy: Niezweryfikowany | orig_next: Dodać do kampanii regionalnej i wykonać follow-up telefoniczny | user_orig_priorytet='B — kampania regionalna' | user_orig_score=58 | user_orig_segment='S3 — Akcesoria dla palaczy/headshop',duży
,Nieustalony,,,,PL-B-XX-028,B4,Elso,PL,,,,,https://www.elso.pl,,,,,,,,reseller,,,,,🔴,mix,3,średni,,,,intake_PL_2026-08-10 | https://www.elso.pl,,🔍,orig_uzasadnienie: Sprzedaż komplementarnych akcesoriów dla palaczy. | orig_uwagi: Status źródłowy: Niezweryfikowany | orig_next: Dodać do kampanii regionalnej i wykonać follow-up telefoniczny | user_orig_priorytet='B — kampania regionalna' | user_orig_score=58 | user_orig_segment='S3 — Akcesoria dla palaczy/headshop',duży
,Ogólnopolska,,,,PL-B-XX-029,B4,PPHU HITPOL / Zapalniczka.pl,PL,Świlcza,"Świlcza 145F, 36-072 Świlcza",,,https://www.zapalniczka.pl,,max@zapalniczka.pl,+48 17 856 08 04; +48 785 065 675,,,,,reseller,,,,średni,🟢,B2B only,3,średni,,,,intake_PL_2026-08-10 | https://www.zapalniczka.pl,,🔍,"orig_uzasadnienie: Sprzedaż komplementarnych akcesoriów dla palaczy; zasięg ponadregionalny. | orig_uwagi: Istniejący rekord został wzbogacony 2026-07-19. Firma deklaruje sprzedaż hurtową; importer akcesoriów i zapalniczek. | Status źródłowy: Zweryfikowany — aktywna strona | orig_next: Zweryfikować dane, produkty i status B2B przed kontaktem | user_orig_priorytet='C — weryfikacja i nurturing' | user_orig_score=56 | user_orig_segment='S3 — Akcesoria dla palaczy/headshop'",duży
DS,dolnośląskie,województwo,,,PL-B-DS-009,B6,VAPE POINT Sp. z o.o.,PL,Wrocław,"ul. Powstańców Śląskich 95, 53-332 Wrocław",,,https://vapepoint.pl,,kontakt@vapepoint.pl,+48 729 411 684,,,,,hurtownik,,,,,🔴,własny e-commerce,2,średni,,,,intake_PL_2026-08-10 | https://vapepoint.pl,,🔍,"orig_uzasadnienie: Kanał sąsiedni z bazą klientów zainteresowanych produktami nikotynowymi. | orig_next: Zweryfikować dane, produkty i status B2B przed kontaktem | user_orig_priorytet='C — weryfikacja i nurturing' | user_orig_score=55 | user_orig_segment='S4 — Vape/e-papierosy'",duży
MZ,mazowieckie,województwo,,,PL-B-MZ-015,B9,AlkoNaWesele.pl,PL,Warszawa,,,,alkonawesele.pl,,info@alkonawesele.pl,729919919,,,,,marketplace,,,,średni,🟢,B2B only,4,średni,,,,intake_PL_2026-08-10 | alkonawesele.pl,,🔍,"orig_uzasadnienie: . | orig_uwagi: Model: Hurtownia. Asortyment: Specjalistyczna hurtownia alkoholi weselnych oferująca wódki, wina, szampany, whisky, piwa, napoje bezalkoholowe, duże pojemności, personalizowane etykiety oraz gotowe pakiety na weselne bary i imprezy. Dystrybucja krajowa, darmowa dostawa przy zamówieniu min. 30 win lu | orig_next: Zweryfikować dane, produkty i status B2B przed kontaktem | user_orig_priorytet='C — weryfikacja i nurturing' | user_orig_score=55 | user_orig_segment='S7 — Pozostałe/niezweryfikowane'",duży
MA,małopolskie,województwo,,,PL-B-MA-012,B4,Królestwo Tytoniu,PL,Kraków,Poland,,,https://krolestwotytoniu.pl,,,888 370 999,,,,,reseller,,,,średni,🟢,własny e-commerce,3,średni,,,,intake_PL_2026-08-10 | https://krolestwotytoniu.pl,,🔍,"orig_uzasadnienie: Sprzedaż komplementarnych akcesoriów dla palaczy. | orig_uwagi: Nie potwierdzone | Status źródłowy: Aktywny | orig_next: Zweryfikować dane, produkty i status B2B przed kontaktem | user_orig_priorytet='C — weryfikacja i nurturing' | user_orig_score=55 | user_orig_segment='S3 — Akcesoria dla palaczy/headshop'",duży
SK,świętokrzyskie,województwo,,,PL-B-SK-015,B6,Viva S.j. — Hurtownia Papierosów,PL,Ostrowiec Świętokrzyski,"Ostrowiec Świętokrzyski, Polska",,,https://www.cylex-polska.pl/firmy/viva--s-j--hurtownia-papieros%C3%B3w-10504502.html,,,,,,,,hurtownik,,,,średni,🟢,B2B only,2,średni,,,,intake_PL_2026-08-10 | https://www.cylex-polska.pl/firmy/viva--s-j--hurtownia-papieros%C3%B3w-10504502.html,,🔍,"orig_uzasadnienie: Kanał sąsiedni z bazą klientów zainteresowanych produktami nikotynowymi. | orig_uwagi: Dodano z hurtownicy_pl_127.html; Asortyment: Cigarettes, tobacco | Status źródłowy: Aktywny | orig_next: Zweryfikować dane, produkty i status B2B przed kontaktem | user_orig_priorytet='C — weryfikacja i nurturing' | user_orig_score=54 | user_orig_segment='S4 — Vape/e-papierosy'",duży
MZ,mazowieckie,województwo,,,PL-B-MZ-016,B6,Smok Hurtownia Papierosów,PL,Zielonka,"Zielonka, Polska",,,https://mapa.targeo.pl/smok-hurtownia-papierosow-armii-krajowej-32-05-220-zielonka~5523255/przedsiebiorstwo-firma/adres,,,,,,,,hurtownik,,,,średni,🟢,B2B only,2,średni,,,,intake_PL_2026-08-10 | https://mapa.targeo.pl/smok-hurtownia-papierosow-armii-krajowej-32-05-220-zielonka~5523255/przedsiebiorstwo-firma/adres,,🔍,"orig_uzasadnienie: Kanał sąsiedni z bazą klientów zainteresowanych produktami nikotynowymi. | orig_uwagi: Dodano z hurtownicy_pl_127.html; Asortyment: Cigarettes, tobacco | Status źródłowy: Aktywny | orig_next: Zweryfikować dane, produkty i status B2B przed kontaktem | user_orig_priorytet='C — weryfikacja i nurturing' | user_orig_score=54 | user_orig_segment='S4 — Vape/e-papierosy'",duży
OP,opolskie,województwo,,,PL-B-OP-009,B6,PAKO FW H. Komorowska i J. Komorowski,PL,Koło,"Koło, Polska",,,"https://www.hurtownie.pl/hurtownie,.html?q=papierosy\&p=15",,,,,,,,hurtownik,,,,średni,🟢,B2B only,2,średni,,,,"intake_PL_2026-08-10 | https://www.hurtownie.pl/hurtownie,.html?q=papierosy\&p=15",,🔍,"orig_uzasadnienie: Kanał sąsiedni z bazą klientów zainteresowanych produktami nikotynowymi. | orig_uwagi: Dodano z hurtownicy_pl_127.html; Asortyment: Tobacco products | Status źródłowy: Aktywny | orig_next: Zweryfikować dane, produkty i status B2B przed kontaktem | user_orig_priorytet='C — weryfikacja i nurturing' | user_orig_score=54 | user_orig_segment='S4 — Vape/e-papierosy'",duży
MA,małopolskie,województwo,,,PL-B-MA-013,B6,Hurtownia Wielobranżowa ROCH Sp. z o.o. Sp.k.,PL,Kraków,"Kraków, Polska",,,https://www.baza-firm.com.pl/tyton-i-artykuly-tytoniowe/krakow/hurtownia-wielobranzowa-roch-sp-z-oo-spkomandytowa/pl/210664.html,,,,,,,,hurtownik,,,,średni,🟢,B2B only,2,średni,,,,intake_PL_2026-08-10 | https://www.baza-firm.com.pl/tyton-i-artykuly-tytoniowe/krakow/hurtownia-wielobranzowa-roch-sp-z-oo-spkomandytowa/pl/210664.html,,🔍,"orig_uzasadnienie: Kanał sąsiedni z bazą klientów zainteresowanych produktami nikotynowymi. | orig_uwagi: Dodano z hurtownicy_pl_127.html; Asortyment: Cigarettes, tobacco | Status źródłowy: Aktywny | orig_next: Zweryfikować dane, produkty i status B2B przed kontaktem | user_orig_priorytet='C — weryfikacja i nurturing' | user_orig_score=54 | user_orig_segment='S4 — Vape/e-papierosy'",duży
PM,pomorskie,województwo,,,PL-B-PM-009,B6,Hurtownia Papierosów Sklep Przemysłowy,PL,Starogard Gdański,"Starogard Gdański, Polska",,,https://mapa.targeo.pl/hurtownia-papierosow-sklep-przemyslowy-83-200-starogard-gdanski~13569129/przedsiebiorstwo-firma/adres,,,,,,,,hurtownik,,,,średni,🟢,B2B only,2,średni,,,,intake_PL_2026-08-10 | https://mapa.targeo.pl/hurtownia-papierosow-sklep-przemyslowy-83-200-starogard-gdanski~13569129/przedsiebiorstwo-firma/adres,,🔍,"orig_uzasadnienie: Kanał sąsiedni z bazą klientów zainteresowanych produktami nikotynowymi. | orig_uwagi: Dodano z hurtownicy_pl_127.html; Asortyment: Cigarettes, tobacco | Status źródłowy: Aktywny | orig_next: Zweryfikować dane, produkty i status B2B przed kontaktem | user_orig_priorytet='C — weryfikacja i nurturing' | user_orig_score=54 | user_orig_segment='S4 — Vape/e-papierosy'",duży
OP,opolskie,województwo,,,PL-B-OP-010,B6,Golden FHU Anna Bohusz,PL,Głubczyce,"Głubczyce, Polska",,,"https://www.hurtownie.pl/hurtownie,.html?q=papierosy\&p=8",,,,,,,,hurtownik,,,,średni,🟢,B2B only,2,średni,,,,"intake_PL_2026-08-10 | https://www.hurtownie.pl/hurtownie,.html?q=papierosy\&p=8",,🔍,"orig_uzasadnienie: Kanał sąsiedni z bazą klientów zainteresowanych produktami nikotynowymi. | orig_uwagi: Dodano z hurtownicy_pl_127.html; Asortyment: Tobacco products | Status źródłowy: Aktywny | orig_next: Zweryfikować dane, produkty i status B2B przed kontaktem | user_orig_priorytet='C — weryfikacja i nurturing' | user_orig_score=54 | user_orig_segment='S4 — Vape/e-papierosy'",duży
OP,opolskie,województwo,,,PL-B-OP-011,B6,EDMAR PH Hurtownia Papierosów,PL,Koło,"Koło, Polska",,,"https://www.hurtownie.pl/hurtownie,.html?q=papierosy\&p=15",,,,,,,,hurtownik,,,,średni,🟢,B2B only,2,średni,,,,"intake_PL_2026-08-10 | https://www.hurtownie.pl/hurtownie,.html?q=papierosy\&p=15",,🔍,"orig_uzasadnienie: Kanał sąsiedni z bazą klientów zainteresowanych produktami nikotynowymi. | orig_uwagi: Dodano z hurtownicy_pl_127.html; Asortyment: Cigarettes, tobacco | Status źródłowy: Aktywny | orig_next: Zweryfikować dane, produkty i status B2B przed kontaktem | user_orig_priorytet='C — weryfikacja i nurturing' | user_orig_score=54 | user_orig_segment='S4 — Vape/e-papierosy'",duży
LU,lubelskie,województwo,,,PL-B-LU-011,B6,Dymek Krzysztof Kasperek,PL,Lublin,"Lublin, Polska",,,"https://panoramafirm.pl/papierosy_i_tyto%C5%84/lubelskie,,lublin",,,,,,,,hurtownik,,,,średni,🟢,B2B only,2,średni,,,,"intake_PL_2026-08-10 | https://panoramafirm.pl/papierosy_i_tyto%C5%84/lubelskie,,lublin",,🔍,"orig_uzasadnienie: Kanał sąsiedni z bazą klientów zainteresowanych produktami nikotynowymi. | orig_uwagi: Dodano z hurtownicy_pl_127.html; Asortyment: Tobacco products | Status źródłowy: Aktywny | orig_next: Zweryfikować dane, produkty i status B2B przed kontaktem | user_orig_priorytet='C — weryfikacja i nurturing' | user_orig_score=54 | user_orig_segment='S4 — Vape/e-papierosy'",duży
WM,warmińsko-mazurskie,województwo,,,PL-B-WM-002,B6,Aleksander Ostrowski,PL,Olsztyn,"Olsztyn, Polska",,,https://panoramafirm.pl/papierosy_i_tyto%C5%84/warmi%C5%84sko_mazurskie,,,,,,,,hurtownik,,,,średni,🟢,B2B only,2,średni,,,,intake_PL_2026-08-10 | https://panoramafirm.pl/papierosy_i_tyto%C5%84/warmi%C5%84sko_mazurskie,,🔍,"orig_uzasadnienie: Kanał sąsiedni z bazą klientów zainteresowanych produktami nikotynowymi. | orig_uwagi: Dodano z hurtownicy_pl_127.html; Asortyment: Tobacco products | Status źródłowy: Aktywny | orig_next: Zweryfikować dane, produkty i status B2B przed kontaktem | user_orig_priorytet='C — weryfikacja i nurturing' | user_orig_score=54 | user_orig_segment='S4 — Vape/e-papierosy'",duży
PK,podkarpackie,województwo,,,PL-B-PK-003,B6,Aga — Hurtownia Papierosów i Art. Chemicznych,PL,Rzeszów,"Rzeszów, Polska",,,https://www.cylex-polska.pl/firmy/aga--hurtownia-papieros%C3%B3w-i-art--chemicznych-10405470.html,,,,,,,,hurtownik,,,,średni,🟢,B2B only,2,średni,,,,intake_PL_2026-08-10 | https://www.cylex-polska.pl/firmy/aga--hurtownia-papieros%C3%B3w-i-art--chemicznych-10405470.html,,🔍,"orig_uzasadnienie: Kanał sąsiedni z bazą klientów zainteresowanych produktami nikotynowymi. | orig_uwagi: Dodano z hurtownicy_pl_127.html; Asortyment: Cigarettes, tobacco, chemicals | Status źródłowy: Aktywny | orig_next: Zweryfikować dane, produkty i status B2B przed kontaktem | user_orig_priorytet='C — weryfikacja i nurturing' | user_orig_score=54 | user_orig_segment='S4 — Vape/e-papierosy'",duży
PD,podlaskie,województwo,,,PL-B-PD-008,B6,"ALFA — Hurtownia Papierosów, Chemii Gospodarczej i Kart Telefonicznych",PL,Białystok,"Białystok, Polska",,,"https://www.bialystokonline.pl/alfa-hurtownia-papierosow-chemii-gospodarczej-kart-telefonicznych,firma,2688,244,17,0,1.html",,,,,,,,hurtownik,,,,średni,🟢,B2B only,2,średni,,,,"intake_PL_2026-08-10 | https://www.bialystokonline.pl/alfa-hurtownia-papierosow-chemii-gospodarczej-kart-telefonicznych,firma,2688,244,17,0,1.html",,🔍,"orig_uzasadnienie: Kanał sąsiedni z bazą klientów zainteresowanych produktami nikotynowymi. | orig_uwagi: Dodano z hurtownicy_pl_127.html; Asortyment: Cigarettes, tobacco, household chemicals, phone cards | Status źródłowy: Aktywny | orig_next: Zweryfikować dane, produkty i status B2B przed kontaktem | user_orig_priorytet='C — weryfikacja i nurturing' | user_orig_score=54 | user_orig_segment='S4 — Vape/e-papierosy'",duży
MA,małopolskie,województwo,,,PL-B-MA-014,B6,ALF2 — Hurtownia Papierosów i Chemii Gospodarczej,PL,Bochnia,"Bochnia, Polska",,,https://alf2spj.wixsite.com/alf2,,,,,,,,hurtownik,,,,średni,🟢,B2B only,2,średni,,,,intake_PL_2026-08-10 | https://alf2spj.wixsite.com/alf2,,🔍,"orig_uzasadnienie: Kanał sąsiedni z bazą klientów zainteresowanych produktami nikotynowymi. | orig_uwagi: Dodano z hurtownicy_pl_127.html; Asortyment: Cigarettes, tobacco, tubes, accessories, household chemicals | Status źródłowy: Aktywny | orig_next: Zweryfikować dane, produkty i status B2B przed kontaktem | user_orig_priorytet='C — weryfikacja i nurturing' | user_orig_score=54 | user_orig_segment='S4 — Vape/e-papierosy'",duży
SL,śląskie,województwo,,,PL-B-SL-009,B6,"""Lorbad"" Sp. z o.o.",PL,Śląskie,"Śląskie, Polska",,,https://panoramafirm.pl/hurtownia_papieros%C3%B3w/%C5%9Bl%C4%85skie,,,,,,,,hurtownik,,,,średni,🟢,B2B only,2,średni,,,,intake_PL_2026-08-10 | https://panoramafirm.pl/hurtownia_papieros%C3%B3w/%C5%9Bl%C4%85skie,,🔍,"orig_uzasadnienie: Kanał sąsiedni z bazą klientów zainteresowanych produktami nikotynowymi. | orig_uwagi: Dodano z hurtownicy_pl_127.html; Asortyment: Tobacco products | Status źródłowy: Aktywny | orig_next: Zweryfikować dane, produkty i status B2B przed kontaktem | user_orig_priorytet='C — weryfikacja i nurturing' | user_orig_score=54 | user_orig_segment='S4 — Vape/e-papierosy'",duży
OP,opolskie,województwo,,,PL-B-OP-012,B6,"""Kamel"" Sp.j. Hurtownia Papierosów",PL,Konin,"Konin, Polska",,,"https://panoramafirm.pl/wielkopolskie,,konin,wio%C5%9Blarska,16/kamel_sp.j._hurtownia_papierosow-ssfip_sin.html",,,,,,,,hurtownik,,,,średni,🟢,B2B only,2,średni,,,,"intake_PL_2026-08-10 | https://panoramafirm.pl/wielkopolskie,,konin,wio%C5%9Blarska,16/kamel_sp.j._hurtownia_papierosow-ssfip_sin.html",,🔍,"orig_uzasadnienie: Kanał sąsiedni z bazą klientów zainteresowanych produktami nikotynowymi. | orig_uwagi: Dodano z hurtownicy_pl_127.html; Asortyment: Cigarettes, tobacco | Status źródłowy: Aktywny | orig_next: Zweryfikować dane, produkty i status B2B przed kontaktem | user_orig_priorytet='C — weryfikacja i nurturing' | user_orig_score=54 | user_orig_segment='S4 — Vape/e-papierosy'",duży
MZ,mazowieckie,województwo,,,PL-B-MZ-017,B6,"Minos. Hurtownia papierosów, wyrobów tytoniowych, chemii gospodarczej",PL,Radom,"Radom, Polska",,,https://www.misterwhat.pl/company/196155-minos-sp-z-oo-hurtownia-papierosow-wyrobow-tytoniowych-chemii-gospodarczej-radom,,,,,,,,hurtownik,,,,,🔴,B2B only,2,średni,,,,intake_PL_2026-08-10 | https://www.misterwhat.pl/company/196155-minos-sp-z-oo-hurtownia-papierosow-wyrobow-tytoniowych-chemii-gospodarczej-radom,,🔍,"orig_uzasadnienie: Kanał sąsiedni z bazą klientów zainteresowanych produktami nikotynowymi. | orig_uwagi: Dodano z Hurtownicy-Wszystkie-Dane-Zebrane_matrix_v10.html | Status źródłowy: Niezweryfikowany | orig_next: Zweryfikować dane, produkty i status B2B przed kontaktem | user_orig_priorytet='C — weryfikacja i nurturing' | user_orig_score=53 | user_orig_segment='S4 — Vape/e-papierosy'",duży
MZ,mazowieckie,województwo,,,PL-B-MZ-018,B6,Sklep Tytoniowy Dobry Tytoń,PL,Warszawa,"ul. Elbro 4/9/5, Warszawa",4792425041,,,,,535 062 684,,,,,hurtownik,,,,,🔴,własny e-commerce,2,średni,,,,intake_PL_2026-08-10 (user_score=51),,🔍,"orig_uzasadnienie: Kanał sąsiedni z bazą klientów zainteresowanych produktami nikotynowymi. | orig_uwagi: Dodano z final_turn_001.md; Potencjał: Niski | Status źródłowy: Niezweryfikowany | orig_next: Zweryfikować dane, produkty i status B2B przed kontaktem | user_orig_priorytet='C — weryfikacja i nurturing' | user_orig_score=51 | user_orig_segment='S4 — Vape/e-papierosy'",duży
,Nieustalony,,,,PL-B-XX-030,B6,Vapetech Poland,PL,,,,,https://vapetechpoland.pl,,,,,,,,hurtownik,,,,,🔴,B2B only,2,średni,,,,intake_PL_2026-08-10 | https://vapetechpoland.pl,,🔍,"orig_uzasadnienie: Kanał sąsiedni z bazą klientów zainteresowanych produktami nikotynowymi. | orig_next: Zweryfikować dane, produkty i status B2B przed kontaktem | user_orig_priorytet='C — weryfikacja i nurturing' | user_orig_score=51 | user_orig_segment='S4 — Vape/e-papierosy'",duży
,Nieustalony,,,,PL-B-XX-031,B6,E-LIQ Distribution,PL,,,,,https://b2b-eliq.pl,,,,,,,,hurtownik,,,,,🔴,B2B only,2,średni,,,,intake_PL_2026-08-10 | https://b2b-eliq.pl,,🔍,"orig_uzasadnienie: Kanał sąsiedni z bazą klientów zainteresowanych produktami nikotynowymi. | orig_uwagi: €946 tys. rocznego przychodu | orig_next: Zweryfikować dane, produkty i status B2B przed kontaktem | user_orig_priorytet='C — weryfikacja i nurturing' | user_orig_score=51 | user_orig_segment='S4 — Vape/e-papierosy'",duży
,Nieustalony,,,,PL-B-XX-032,B6,Vape Drop,PL,,,,,,,,,,,,,hurtownik,,,,,🔴,B2B only,2,średni,,,,intake_PL_2026-08-10 (user_score=51),,🔍,"orig_uzasadnienie: Kanał sąsiedni z bazą klientów zainteresowanych produktami nikotynowymi; zasięg ponadregionalny. | orig_uwagi: 103 mln zł rocznego przychodu, ogólnopolska | orig_next: Zweryfikować dane, produkty i status B2B przed kontaktem | user_orig_priorytet='C — weryfikacja i nurturing' | user_orig_score=51 | user_orig_segment='S4 — Vape/e-papierosy'",duży
DS,dolnośląskie,województwo,,,PL-B-DS-010,B6,PHU Mars,PL,Lubin,"Mielec, Polska",,,https://mars.lubin.pl,,,,,,,,hurtownik,,,,średni,🟢,B2B only,2,średni,,,,intake_PL_2026-08-10 | https://mars.lubin.pl,,🔍,"orig_uzasadnienie: Kanał sąsiedni z bazą klientów zainteresowanych produktami nikotynowymi. | orig_uwagi: Nie potwierdzone | orig_next: Zweryfikować dane, produkty i status B2B przed kontaktem | user_orig_priorytet='C — weryfikacja i nurturing' | user_orig_score=50 | user_orig_segment='S4 — Vape/e-papierosy'",duży
,Nieustalony,,,,PL-B-XX-033,B4,EDDcom,PL,,Poland,,,https://eddcom.pl,,,,,,,,detalista,,,,,🔴,mix,3,średni,,,,intake_PL_2026-08-10 | https://eddcom.pl,,🔍,"orig_uzasadnienie: Możliwość szybkiego testu sprzedaży internetowej. | orig_uwagi: Status źródłowy: Aktywny | orig_next: Zweryfikować dane, produkty i status B2B przed kontaktem | user_orig_priorytet='C — weryfikacja i nurturing' | user_orig_score=50 | user_orig_segment='S6 — Retail/e-commerce'",duży
OP,opolskie,województwo,,,PL-B-OP-013,B6,eSmoking World / CHIC Sp. z o.o. Sp.k.,PL,Ostrzeszów,"al. Wojska Polskiego 23c, 63-500 Ostrzeszów",9721147850,908623(?),https://www.esmokingworld.com/pl,,,+48 62 738 88 88,,,,,producent,,,,,🔴,B2B only,2,średni,,,,intake_PL_2026-08-10 | https://www.esmokingworld.com/pl,,🔍,"orig_uzasadnienie: Kanał sąsiedni z bazą klientów zainteresowanych produktami nikotynowymi. | orig_uwagi: 400 punktów w 200 miastach, fabryka i centrum R&D w Ostrzeszowie | orig_next: Zweryfikować dane, produkty i status B2B przed kontaktem | user_orig_priorytet='C — weryfikacja i nurturing' | user_orig_score=49 | user_orig_segment='S4 — Vape/e-papierosy'",duży
,Nieustalony,,,,PL-B-XX-034,B6,JUKA,PL,,,,,,,,,,,,,hurtownik,,,,,🔴,B2B only,2,średni,,,,intake_PL_2026-08-10 (user_score=48),,🔍,"orig_uzasadnienie: Kanał sąsiedni z bazą klientów zainteresowanych produktami nikotynowymi. | orig_uwagi: Z listy BISTA i top 10 vape hurtowni PL | orig_next: Zweryfikować dane, produkty i status B2B przed kontaktem | user_orig_priorytet='C — weryfikacja i nurturing' | user_orig_score=48 | user_orig_segment='S4 — Vape/e-papierosy'",duży
,Nieustalony,,,,PL-B-XX-035,B6,Arlgroup,PL,,,,,,,,,,,,,hurtownik,,,,,🔴,B2B only,2,średni,,,,intake_PL_2026-08-10 (user_score=48),,🔍,"orig_uzasadnienie: Kanał sąsiedni z bazą klientów zainteresowanych produktami nikotynowymi. | orig_uwagi: Z listy top 10 vape hurtowni PL | orig_next: Zweryfikować dane, produkty i status B2B przed kontaktem | user_orig_priorytet='C — weryfikacja i nurturing' | user_orig_score=48 | user_orig_segment='S4 — Vape/e-papierosy'",duży
,Nieustalony,,,,PL-B-XX-036,B6,ATG,PL,,,,,,,,,,,,,hurtownik,,,,,🔴,B2B only,2,średni,,,,intake_PL_2026-08-10 (user_score=48),,🔍,"orig_uzasadnienie: Kanał sąsiedni z bazą klientów zainteresowanych produktami nikotynowymi. | orig_uwagi: Z listy top 10 vape hurtowni PL | orig_next: Zweryfikować dane, produkty i status B2B przed kontaktem | user_orig_priorytet='C — weryfikacja i nurturing' | user_orig_score=48 | user_orig_segment='S4 — Vape/e-papierosy'",duży
SL,śląskie,województwo,,,PL-B-SL-010,B4,Tobacco Corner / ELITE Edyta Stefanek,PL,Katowice,"ul. Mariacka 37, 40-014 Katowice",6252115510,,https://www.tobaccocorner.pl,,,+48 600 432 108,,,,,detalista,,,,,🔴,własny e-commerce,3,średni,,,,intake_PL_2026-08-10 | https://www.tobaccocorner.pl,,🔍,"orig_uzasadnienie: Możliwość szybkiego testu sprzedaży internetowej. | orig_next: Zweryfikować dane, produkty i status B2B przed kontaktem | user_orig_priorytet='C — weryfikacja i nurturing' | user_orig_score=46 | user_orig_segment='S6 — Retail/e-commerce'",duży
MZ,mazowieckie,województwo,,,PL-B-MZ-019,B6,Bliq Sp. z o.o.,PL,Warszawa,"ul. Suwak 4/13, Warszawa",,,,,,882 00 89 89,,,,,producent,,,,,🔴,B2B only,2,średni,,,,intake_PL_2026-08-10 (user_score=46),,🔍,"orig_uzasadnienie: Kanał sąsiedni z bazą klientów zainteresowanych produktami nikotynowymi. | orig_next: Zweryfikować dane, produkty i status B2B przed kontaktem | user_orig_priorytet='C — weryfikacja i nurturing' | user_orig_score=46 | user_orig_segment='S4 — Vape/e-papierosy'",duży
MZ,mazowieckie,województwo,,,PL-B-MZ-020,B4,Dom Cygar / Cigar House Stores,PL,Warszawa,Warszawa; dodatkowe salony deklarowane w Krakowie i Wrocławiu,,,https://www.cigarhousestores.com,,,,,,,,hurtownik,,,,średni,🟢,mix,3,średni,,,,intake_PL_2026-08-10 | https://www.cigarhousestores.com/o-nas | https://www.cigarhousestores.com/kontakt | https://www.cigarhousestores.com/lokalizacje | https://www.cigarhousestores.com,,🔍,"orig_uzasadnienie: Premium trafiki i specjalistyczne punkty sprzedaży. | orig_uwagi: Nie używać danych NIP/KRS z witryny bez potwierdzenia w rejestrze; wyglądają na placeholdery. | Status źródłowy: Do weryfikacji — katalog | orig_next: Zweryfikować dane, produkty i status B2B przed kontaktem | user_orig_priorytet='C — weryfikacja i nurturing' | user_orig_score=46 | user_orig_segment='S5 — Cygara i trafiki premium'",duży
DS,dolnośląskie,województwo,,,PL-B-DS-011,B9,FHPD,PL,Wrocław,"UL. KOŻUCHOWSKA 12/, 51-631 WROCŁAW",8942893752,276323(?),https://fhpd.pl,,,534 922 566,,,,,marketplace,,,,,🔴,B2B only,4,średni,,,,intake_PL_2026-08-10 | https://fhpd.pl,,🔍,"orig_uzasadnienie: . | orig_uwagi: Status źródłowy: Inny | orig_next: Zweryfikować dane, produkty i status B2B przed kontaktem | user_orig_priorytet='C — weryfikacja i nurturing' | user_orig_score=45 | user_orig_segment='S7 — Pozostałe/niezweryfikowane'",duży
SL,śląskie,województwo,,,PL-B-SL-011,B9,Vaporshop.pl / ULTI-PRO Sp. z o.o.,PL,Rybnik,"ul. Skłodowskiej 7, 44-200 Rybnik",6422974472,,https://vaporshop.pl/pl,,sklep@vaporshop.pl,793 936 707,,,,,marketplace,,,,,🔴,własny e-commerce,4,średni,,,,intake_PL_2026-08-10 | https://vaporshop.pl/pl,,🔍,"orig_uzasadnienie: . | orig_next: Zweryfikować dane, produkty i status B2B przed kontaktem | user_orig_priorytet='C — weryfikacja i nurturing' | user_orig_score=43 | user_orig_segment='S7 — Pozostałe/niezweryfikowane'",duży
OP,opolskie,województwo,,,PL-B-OP-014,B9,Paso Polska Sp. z o.o. Sp.k,PL,Tarnowo Podgórne,"Sierosław, ul. Skrajna 1, 62-080 Tarnowo Podgórne",,,https://hurtownia.paso.pl/kontakt,,hurt@paso.pl,61 89 666 61,,,,,marketplace,,,,,🔴,własny e-commerce,4,średni,,,,intake_PL_2026-08-10 | https://hurtownia.paso.pl/kontakt,,🔍,"orig_uzasadnienie: . | orig_next: Zweryfikować dane, produkty i status B2B przed kontaktem | user_orig_priorytet='C — weryfikacja i nurturing' | user_orig_score=43 | user_orig_segment='S7 — Pozostałe/niezweryfikowane'",duży
,Nieustalony,,,,PL-B-XX-037,B6,Doctor Vape,PL,,,,,https://b2b-doctorvape.pl,,,,,,,,hurtownik,,,,,🔴,własny e-commerce,2,średni,,,,intake_PL_2026-08-10 | https://b2b-doctorvape.pl,,🔍,"orig_uzasadnienie: Kanał sąsiedni z bazą klientów zainteresowanych produktami nikotynowymi. | orig_uwagi: Dostawy z Francji do PL i UE | orig_next: Zweryfikować dane, produkty i status B2B przed kontaktem | user_orig_priorytet='C — weryfikacja i nurturing' | user_orig_score=43 | user_orig_segment='S4 — Vape/e-papierosy'",duży
MZ,mazowieckie,województwo,,,PL-B-MZ-021,B4,eCygaretka,PL,Warszawa,,8222172711,,https://www.ecygaretka.pl/witamy-w-sklepie-pm-21.html,,,,,,,,detalista,,,,,🔴,własny e-commerce,3,średni,,,,intake_PL_2026-08-10 | https://www.ecygaretka.pl/witamy-w-sklepie-pm-21.html,,🔍,orig_uzasadnienie: Możliwość szybkiego testu sprzedaży internetowej. | orig_next: Archiwum lub weryfikacja przy okazji | user_orig_priorytet='D — niski priorytet/wykluczyć' | user_orig_score=40 | user_orig_segment='S6 — Retail/e-commerce',duży
,Nieustalony,,,,PL-B-XX-038,B4,Wszystkodopalenia,PL,,,6181914183,119343(?),https://www.wszystkodopalenia.pl,,biuro@wszystkodopalenia.pl,177339408,,,,,hurtownik,,,,,🔴,B2B only,3,średni,,,,intake_PL_2026-08-10 | https://www.wszystkodopalenia.pl,,🔍 🔧,orig_uzasadnienie: Sprzedaż komplementarnych akcesoriów dla palaczy. | orig_uwagi: Dodane na prośbę użytkownika z wyników wyszukiwania (maszynki do skręcania). | Status źródłowy: Aktywny | orig_next: Archiwum lub weryfikacja przy okazji | user_orig_priorytet='D — niski priorytet/wykluczyć' | user_orig_score=38 | user_orig_segment='S3 — Akcesoria dla palaczy/headshop' | tier-fix: reseller→hurtownik per master,duży
,Nieustalony,,,,PL-B-XX-039,B4,Weedpol,PL,,,9542835071,922075(?),https://www.weedpol.pl,,biuro@weedpol.pl,178432489,,,,,hurtownik,,,,,🔴,B2B only,3,średni,,,,intake_PL_2026-08-10 | https://www.weedpol.pl,,🔍 🔧,orig_uzasadnienie: Sprzedaż komplementarnych akcesoriów dla palaczy. | orig_uwagi: Automatycznie pobrane przez skrypt. | Status źródłowy: Aktywny | orig_next: Archiwum lub weryfikacja przy okazji | user_orig_priorytet='D — niski priorytet/wykluczyć' | user_orig_score=38 | user_orig_segment='S3 — Akcesoria dla palaczy/headshop' | tier-fix: reseller→hurtownik per master,duży
,Nieustalony,,,,PL-B-XX-040,B4,Videodruk,PL,,,8981550803,,https://www.videodruk.pl,,videodruk@videodruk.pl,178343010,,,,,reseller,,,,,🔴,B2B only,3,średni,,,,intake_PL_2026-08-10 | https://www.videodruk.pl,,🔍,orig_uzasadnienie: Sprzedaż komplementarnych akcesoriów dla palaczy. | orig_uwagi: Automatycznie pobrane przez skrypt. | Status źródłowy: Aktywny | orig_next: Archiwum lub weryfikacja przy okazji | user_orig_priorytet='D — niski priorytet/wykluczyć' | user_orig_score=38 | user_orig_segment='S3 — Akcesoria dla palaczy/headshop',duży
,Nieustalony,,,,PL-B-XX-041,B4,Taniegadzety,PL,,,9241900827,,https://www.taniegadzety.pl,,sklep@taniegadzety.pl,962319812,,,,,reseller,,,,,🔴,B2B only,3,średni,,,,intake_PL_2026-08-10 | https://www.taniegadzety.pl,,🔍,orig_uzasadnienie: Sprzedaż komplementarnych akcesoriów dla palaczy. | orig_uwagi: Automatycznie pobrane przez skrypt. | Status źródłowy: Aktywny | orig_next: Archiwum lub weryfikacja przy okazji | user_orig_priorytet='D — niski priorytet/wykluczyć' | user_orig_score=38 | user_orig_segment='S3 — Akcesoria dla palaczy/headshop',duży
,Nieustalony,,,,PL-B-XX-042,B4,Swiatsloikow,PL,,,7722429012,990224(?),https://www.swiatsloikow.pl,,biuro@swiatsloikow.pl,176423836,,,,,reseller,,,,,🔴,B2B only,3,średni,,,,intake_PL_2026-08-10 | https://www.swiatsloikow.pl,,🔍,orig_uzasadnienie: Sprzedaż komplementarnych akcesoriów dla palaczy. | orig_uwagi: Automatycznie pobrane przez skrypt. | Status źródłowy: Aktywny | orig_next: Archiwum lub weryfikacja przy okazji | user_orig_priorytet='D — niski priorytet/wykluczyć' | user_orig_score=38 | user_orig_segment='S3 — Akcesoria dla palaczy/headshop',duży
,Nieustalony,,,,PL-B-XX-043,B4,Reklamydrukarnia,PL,,,6731895871,420974(?),https://www.reklamydrukarnia.pl,,sklep@reklamydrukarnia.pl,178443772,,,,,reseller,,,,,🔴,B2B only,3,średni,,,,intake_PL_2026-08-10 | https://www.reklamydrukarnia.pl,,🔍,orig_uzasadnienie: Sprzedaż komplementarnych akcesoriów dla palaczy. | orig_uwagi: Automatycznie pobrane przez skrypt. | Status źródłowy: Aktywny | orig_next: Archiwum lub weryfikacja przy okazji | user_orig_priorytet='D — niski priorytet/wykluczyć' | user_orig_score=38 | user_orig_segment='S3 — Akcesoria dla palaczy/headshop',duży
,Nieustalony,,,,PL-B-XX-044,B4,Promoshop,PL,,,8511116127,,https://www.promoshop.pl,,zapytania@promoshop.pl,+48914040557,,,,,reseller,,,,,🔴,B2B only,3,średni,,,,intake_PL_2026-08-10 | https://www.promoshop.pl,,🔍,orig_uzasadnienie: Sprzedaż komplementarnych akcesoriów dla palaczy. | orig_uwagi: Automatycznie pobrane przez skrypt. | Status źródłowy: Aktywny | orig_next: Archiwum lub weryfikacja przy okazji | user_orig_priorytet='D — niski priorytet/wykluczyć' | user_orig_score=38 | user_orig_segment='S3 — Akcesoria dla palaczy/headshop',duży
,Nieustalony,,,,PL-B-XX-045,B4,Pozytywnekonopie,PL,,,7011140820,1031334(?),https://www.pozytywnekonopie.pl,,info@pozytywnekonopie.pl,177909333,,,,,reseller,,,,,🔴,B2B only,3,średni,,,,intake_PL_2026-08-10 | https://www.pozytywnekonopie.pl,,🔍,orig_uzasadnienie: Sprzedaż komplementarnych akcesoriów dla palaczy. | orig_uwagi: Automatycznie pobrane przez skrypt. | Status źródłowy: Aktywny | orig_next: Archiwum lub weryfikacja przy okazji | user_orig_priorytet='D — niski priorytet/wykluczyć' | user_orig_score=38 | user_orig_segment='S3 — Akcesoria dla palaczy/headshop',duży
,Nieustalony,,,,PL-B-XX-046,B4,Palender,PL,,,5742077383,,https://www.palender.pl,,palender@wp.pl,574207738,,,,,reseller,,,,,🔴,B2B only,3,średni,,,,intake_PL_2026-08-10 | https://www.palender.pl,,🔍,orig_uzasadnienie: Sprzedaż komplementarnych akcesoriów dla palaczy. | orig_uwagi: Dodane na prośbę użytkownika z wyników wyszukiwania (maszynki do skręcania). | Status źródłowy: Aktywny | orig_next: Archiwum lub weryfikacja przy okazji | user_orig_priorytet='D — niski priorytet/wykluczyć' | user_orig_score=38 | user_orig_segment='S3 — Akcesoria dla palaczy/headshop',duży
,Nieustalony,,,,PL-B-XX-047,B4,Opengift,PL,,,9721331588,993557(?),https://www.opengift.pl,,biuro@opengift.pl,607662386,,,,,reseller,,,,,🔴,B2B only,3,średni,,,,intake_PL_2026-08-10 | https://www.opengift.pl,,🔍,orig_uzasadnienie: Sprzedaż komplementarnych akcesoriów dla palaczy. | orig_uwagi: Automatycznie pobrane przez skrypt. | Status źródłowy: Aktywny | orig_next: Archiwum lub weryfikacja przy okazji | user_orig_priorytet='D — niski priorytet/wykluczyć' | user_orig_score=38 | user_orig_segment='S3 — Akcesoria dla palaczy/headshop',duży
,Nieustalony,,,,PL-B-XX-048,B4,Nicosta,PL,,,5272837683,716982(?),https://www.nicosta.pl,,office@nicosta.pl,164665703,,,,,reseller,,,,,🔴,B2B only,3,średni,,,,intake_PL_2026-08-10 | https://www.nicosta.pl,,🔍,orig_uzasadnienie: Sprzedaż komplementarnych akcesoriów dla palaczy. | orig_uwagi: Automatycznie pobrane przez skrypt. | Status źródłowy: Aktywny | orig_next: Archiwum lub weryfikacja przy okazji | user_orig_priorytet='D — niski priorytet/wykluczyć' | user_orig_score=38 | user_orig_segment='S3 — Akcesoria dla palaczy/headshop',duży
,Nieustalony,,,,PL-B-XX-049,B4,Mountaingold,PL,,,9372617871,,https://www.mountaingold.pl,,mountaingoldcbd@gmail.com,169169314,,,,,reseller,,,,,🔴,B2B only,3,średni,,,,intake_PL_2026-08-10 | https://www.mountaingold.pl,,🔍,orig_uzasadnienie: Sprzedaż komplementarnych akcesoriów dla palaczy. | orig_uwagi: Automatycznie pobrane przez skrypt. | Status źródłowy: Aktywny | orig_next: Archiwum lub weryfikacja przy okazji | user_orig_priorytet='D — niski priorytet/wykluczyć' | user_orig_score=38 | user_orig_segment='S3 — Akcesoria dla palaczy/headshop',duży
,Nieustalony,,,,PL-B-XX-050,B4,Lakihurt,PL,,,6252245721,,https://www.lakihurt.pl,,biuro@lakihurt.pl,108238605,,,,,reseller,,,,,🔴,B2B only,3,średni,,,,intake_PL_2026-08-10 | https://www.lakihurt.pl,,🔍,orig_uzasadnienie: Sprzedaż komplementarnych akcesoriów dla palaczy. | orig_uwagi: Automatycznie pobrane przez skrypt. | Status źródłowy: Aktywny | orig_next: Archiwum lub weryfikacja przy okazji | user_orig_priorytet='D — niski priorytet/wykluczyć' | user_orig_score=38 | user_orig_segment='S3 — Akcesoria dla palaczy/headshop',duży
,Nieustalony,,,,PL-B-XX-051,B4,Konopnysklep,PL,,,5423228026,,https://www.konopnysklep.com.pl,,info@konopnysklep.com.pl,167119884,,,,,hurtownik,,,,,🔴,B2B only,3,średni,,,,intake_PL_2026-08-10 | https://www.konopnysklep.com.pl,,🔍 🔧,orig_uzasadnienie: Sprzedaż komplementarnych akcesoriów dla palaczy. | orig_uwagi: Automatycznie pobrane przez skrypt. | Status źródłowy: Aktywny | orig_next: Archiwum lub weryfikacja przy okazji | user_orig_priorytet='D — niski priorytet/wykluczyć' | user_orig_score=38 | user_orig_segment='S3 — Akcesoria dla palaczy/headshop' | tier-fix: reseller→hurtownik per master,duży
,Nieustalony,,,,PL-B-XX-052,B4,Kolporter,PL,,,9591452482,840148(?),https://www.kolporter.com.pl,,biuro@kolporter.com.pl,178290427,,,,,reseller,,,,,🔴,B2B only,3,średni,,,,intake_PL_2026-08-10 | https://www.kolporter.com.pl,,🔍,orig_uzasadnienie: Sprzedaż komplementarnych akcesoriów dla palaczy. | orig_uwagi: Automatycznie pobrane przez skrypt. | Status źródłowy: Aktywny | orig_next: Archiwum lub weryfikacja przy okazji | user_orig_priorytet='D — niski priorytet/wykluczyć' | user_orig_score=38 | user_orig_segment='S3 — Akcesoria dla palaczy/headshop',duży
,Nieustalony,,,,PL-B-XX-053,B4,Jamaicanshop,PL,,,5361835065,,https://www.jamaicanshop.pl,,sklep@jamaicanshop.pl,167456464,,,,,reseller,,,,,🔴,B2B only,3,średni,,,,intake_PL_2026-08-10 | https://www.jamaicanshop.pl,,🔍,orig_uzasadnienie: Sprzedaż komplementarnych akcesoriów dla palaczy. | orig_uwagi: Automatycznie pobrane przez skrypt. | Status źródłowy: Aktywny | orig_next: Archiwum lub weryfikacja przy okazji | user_orig_priorytet='D — niski priorytet/wykluczyć' | user_orig_score=38 | user_orig_segment='S3 — Akcesoria dla palaczy/headshop',duży
,Nieustalony,,,,PL-B-XX-054,B4,Ismoking,PL,,,5223217609,,https://www.ismoking.pl,,bok@ismoking.pl,943405170,,,,,hurtownik,,,,,🔴,B2B only,3,średni,,,,intake_PL_2026-08-10 | https://www.ismoking.pl,,🔍 🔧,orig_uzasadnienie: Sprzedaż komplementarnych akcesoriów dla palaczy. | orig_uwagi: Automatycznie pobrane przez skrypt. | Status źródłowy: Aktywny | orig_next: Archiwum lub weryfikacja przy okazji | user_orig_priorytet='D — niski priorytet/wykluczyć' | user_orig_score=38 | user_orig_segment='S3 — Akcesoria dla palaczy/headshop' | tier-fix: reseller→hurtownik per master,duży
,Nieustalony,,,,PL-B-XX-055,B4,Hempplant,PL,,,6381839121,806740(?),https://www.hempplant.pl,,cropped-2023-03-10_elgrafica@elgrafica.pl,330867 100,,,,,reseller,,,,,🔴,B2B only,3,średni,,,,intake_PL_2026-08-10 | https://www.hempplant.pl,,🔍,orig_uzasadnienie: Sprzedaż komplementarnych akcesoriów dla palaczy. | orig_uwagi: Automatycznie pobrane przez skrypt. | Status źródłowy: Aktywny | orig_next: Archiwum lub weryfikacja przy okazji | user_orig_priorytet='D — niski priorytet/wykluczyć' | user_orig_score=38 | user_orig_segment='S3 — Akcesoria dla palaczy/headshop',duży
,Nieustalony,,,,PL-B-XX-056,B4,Glas Pak,PL,,,8561932969,,https://www.glas-pak.pl,,logo-green-dark@2x.png,914182435,,,,,reseller,,,,,🔴,B2B only,3,średni,,,,intake_PL_2026-08-10 | https://www.glas-pak.pl,,🔍,orig_uzasadnienie: Sprzedaż komplementarnych akcesoriów dla palaczy. | orig_uwagi: Automatycznie pobrane przez skrypt. | Status źródłowy: Aktywny | orig_next: Archiwum lub weryfikacja przy okazji | user_orig_priorytet='D — niski priorytet/wykluczyć' | user_orig_score=38 | user_orig_segment='S3 — Akcesoria dla palaczy/headshop',duży
,Nieustalony,,,,PL-B-XX-057,B4,Flowrolls,PL,,,5252782453,774565(?),https://www.flowrolls.pl,,info@flowrolls.pl,178161513,,,,,hurtownik,,,,,🔴,B2B only,3,średni,,,,intake_PL_2026-08-10 | https://www.flowrolls.pl,,🔍 🔧,orig_uzasadnienie: Sprzedaż komplementarnych akcesoriów dla palaczy. | orig_uwagi: Automatycznie pobrane przez skrypt. | Status źródłowy: Aktywny | orig_next: Archiwum lub weryfikacja przy okazji | user_orig_priorytet='D — niski priorytet/wykluczyć' | user_orig_score=38 | user_orig_segment='S3 — Akcesoria dla palaczy/headshop' | tier-fix: reseller→hurtownik per master,duży
,Nieustalony,,,,PL-B-XX-058,B4,Fajowo,PL,,,7822308319,512707(?),https://www.fajowo.eu,,fajowo@fajowo.eu,407003443,,,,,reseller,,,,,🔴,B2B only,3,średni,,,,intake_PL_2026-08-10 | https://www.fajowo.eu,,🔍,orig_uzasadnienie: Sprzedaż komplementarnych akcesoriów dla palaczy. | orig_uwagi: Automatycznie pobrane przez skrypt. | Status źródłowy: Aktywny | orig_next: Archiwum lub weryfikacja przy okazji | user_orig_priorytet='D — niski priorytet/wykluczyć' | user_orig_score=38 | user_orig_segment='S3 — Akcesoria dla palaczy/headshop',duży
,Nieustalony,,,,PL-B-XX-059,B4,Fajkizbajki,PL,,,1132681658,,https://www.fajkizbajki.pl,,kontakt@fajkizbajki.pl,+48888807300,,,,,reseller,,,,,🔴,B2B only,3,średni,,,,intake_PL_2026-08-10 | https://www.fajkizbajki.pl,,🔍,orig_uzasadnienie: Sprzedaż komplementarnych akcesoriów dla palaczy. | orig_uwagi: Automatycznie pobrane przez skrypt. | Status źródłowy: Aktywny | orig_next: Archiwum lub weryfikacja przy okazji | user_orig_priorytet='D — niski priorytet/wykluczyć' | user_orig_score=38 | user_orig_segment='S3 — Akcesoria dla palaczy/headshop',duży
,Nieustalony,,,,PL-B-XX-060,B4,Cbdremedium,PL,,,6381758977,,https://www.cbdremedium.pl,,kontakt@cbdremedium.pl,699 713 842,,,,,reseller,,,,,🔴,B2B only,3,średni,,,,intake_PL_2026-08-10 | https://www.cbdremedium.pl,,🔍,orig_uzasadnienie: Sprzedaż komplementarnych akcesoriów dla palaczy. | orig_uwagi: Automatycznie pobrane przez skrypt. | Status źródłowy: Aktywny | orig_next: Archiwum lub weryfikacja przy okazji | user_orig_priorytet='D — niski priorytet/wykluczyć' | user_orig_score=38 | user_orig_segment='S3 — Akcesoria dla palaczy/headshop',duży
,Nieustalony,,,,PL-B-XX-061,B4,Cbdking,PL,,,8992889830,,https://www.cbdking.pl,,kontakt@cbdking.pl,+48728104685,,,,,reseller,,,,,🔴,B2B only,3,średni,,,,intake_PL_2026-08-10 | https://www.cbdking.pl,,🔍,orig_uzasadnienie: Sprzedaż komplementarnych akcesoriów dla palaczy. | orig_uwagi: Automatycznie pobrane przez skrypt. | Status źródłowy: Aktywny | orig_next: Archiwum lub weryfikacja przy okazji | user_orig_priorytet='D — niski priorytet/wykluczyć' | user_orig_score=38 | user_orig_segment='S3 — Akcesoria dla palaczy/headshop',duży
,Nieustalony,,,,PL-B-XX-062,B4,Cannabis Spot,PL,,,6342974613,833590(?),https://www.cannabis-spot.pl,,kontakt@cannabis-spot.pl,175805544,,,,,reseller,,,,,🔴,B2B only,3,średni,,,,intake_PL_2026-08-10 | https://www.cannabis-spot.pl,,🔍,orig_uzasadnienie: Sprzedaż komplementarnych akcesoriów dla palaczy. | orig_uwagi: Automatycznie pobrane przez skrypt. | Status źródłowy: Aktywny | orig_next: Archiwum lub weryfikacja przy okazji | user_orig_priorytet='D — niski priorytet/wykluczyć' | user_orig_score=38 | user_orig_segment='S3 — Akcesoria dla palaczy/headshop',duży
,Nieustalony,,,,PL-B-XX-063,B4,Mrcook,PL,,,6342932974,,https://www.mrcook.pl,,,171698694,,,,,reseller,,,,,🔴,B2B only,3,średni,,,,intake_PL_2026-08-10 | https://www.mrcook.pl,,🔍,orig_uzasadnienie: Sprzedaż komplementarnych akcesoriów dla palaczy. | orig_uwagi: Automatycznie pobrane przez skrypt. | Status źródłowy: Aktywny | orig_next: Archiwum lub weryfikacja przy okazji | user_orig_priorytet='D — niski priorytet/wykluczyć' | user_orig_score=32 | user_orig_segment='S3 — Akcesoria dla palaczy/headshop',duży
,Nieustalony,,,,PL-B-XX-064,B4,Hempmont,PL,,,8393082771,,https://www.hempmont.pl,,,100459133,,,,,reseller,,,,,🔴,B2B only,3,średni,,,,intake_PL_2026-08-10 | https://www.hempmont.pl,,🔍,orig_uzasadnienie: Sprzedaż komplementarnych akcesoriów dla palaczy. | orig_uwagi: Automatycznie pobrane przez skrypt. | Status źródłowy: Aktywny | orig_next: Archiwum lub weryfikacja przy okazji | user_orig_priorytet='D — niski priorytet/wykluczyć' | user_orig_score=32 | user_orig_segment='S3 — Akcesoria dla palaczy/headshop',duży
,Nieustalony,,,,PL-B-XX-065,B4,Premiumcigars,PL,,,6762304405,,https://www.premiumcigars.pl,,kontakt@premiumcigars.pl,166921423,,,,,hurtownik,,,,,🔴,B2B only,3,średni,,,,intake_PL_2026-08-10 | https://www.premiumcigars.pl,,🔍,orig_uzasadnienie: Premium trafiki i specjalistyczne punkty sprzedaży. | orig_uwagi: Automatycznie pobrane przez skrypt. | Status źródłowy: Aktywny | orig_next: Archiwum lub weryfikacja przy okazji | user_orig_priorytet='D — niski priorytet/wykluczyć' | user_orig_score=30 | user_orig_segment='S5 — Cygara i trafiki premium',duży
,Ogólnopolska,,,,PL-A-XX-001,B4,BongoGo.pl,PL,Szczecin,"ul. Bolesława Krzywoustego 51, 70-317 Szczecin",9551541914,,https://bongogo.pl/hurtownia-b...,,kontakt@bongogo.pl,+48 601 779 697,,,,,detalista,,,mix,średni,🟢,B2B only,,,,,,intake_PL_2026-08-10 | https://bongogo.pl/hurtownia-b...,,🔍 🔧,"orig_uzasadnienie: Bezpośrednie dopasowanie do ryo/myo, gilz lub nabijarek; zasięg ponadregionalny. | orig_uwagi: Likely | Status źródłowy: Niezweryfikowany | orig_next: Telefon do działu zakupów + personalizowany e-mail tego samego dnia | user_orig_priorytet='A1 — kontakt natychmiast' | user_orig_score=98 | user_orig_segment='S1 — RYO/MYO, gilzy i nabijarki' | reclass: A4/reseller→B4/detalista per master verified",duży
MA,małopolskie,województwo,,,PL-A-MA-001,B4,Elenpipe,PL,Przemyśl,"Chodkiewicza 35A, 37-700 Przemyśl",7952526523,,https://elenpipe.com,,elenpipe.pl@gmail.com,+48 91 570 53 60,,,,,hurt-detal,,,mix,duży,🟢,B2B only,,,,,,intake_PL_2026-08-10 | https://elenpipe.com,,🔍 🔧,"orig_uzasadnienie: Bezpośrednie dopasowanie do ryo/myo, gilz lub nabijarek; zasięg ponadregionalny. | orig_uwagi: Nie potwierdzone | Status źródłowy: Aktywny | orig_next: Telefon do działu zakupów + personalizowany e-mail tego samego dnia | user_orig_priorytet='A1 — kontakt natychmiast' | user_orig_score=95 | user_orig_segment='S1 — RYO/MYO, gilzy i nabijarki' | reclass: A4/reseller→B4/hurt-detal per master verified",duży
LD,łódzkie,województwo,,,PL-A-LD-002,B4,Dopalenia.pl,PL,Konstantynów Łódzki,Poland,7311693836,,https://dopalenia.pl/nabijarki...,,sklep@dopalenia.pl,665-852-033,,,,,detalista,"PowerMatic, Zen, OCB",Zen,mix,mały,🟢,mix,,,,,,intake_PL_2026-08-10 | https://dopalenia.pl/nabijarki...,,🟡🔍 🔧,"orig_uzasadnienie: Bezpośrednie dopasowanie do ryo/myo, gilz lub nabijarek. | orig_uwagi: TAK | Status źródłowy: Dostępny w katalogu | orig_next: Telefon do działu zakupów + personalizowany e-mail tego samego dnia | user_orig_priorytet='A1 — kontakt natychmiast' | user_orig_score=86 | user_orig_segment='S1 — RYO/MYO, gilzy i nabijarki' | reclass: A1/reseller→B4/detalista per master verified",duży
,Nieustalony,,,,PL-A-XX-044,B8,Cloudshop,PL,,,9571110560,998700(?),https://www.cloudshop.pl,,biuro@cloudshop.pl,157311162,,,,,hurtownik,,,mix,,🔴,B2B only,,,,,,intake_PL_2026-08-10 | https://www.cloudshop.pl,,🔍 🔧,"orig_uzasadnienie: Bezpośrednie dopasowanie do ryo/myo, gilz lub nabijarek. | orig_uwagi: Dodane na prośbę użytkownika z wyników wyszukiwania (e-papierosy / nabijarki). | Status źródłowy: Aktywny | orig_next: Zweryfikować dane, produkty i status B2B przed kontaktem | user_orig_priorytet='C — weryfikacja i nurturing' | user_orig_score=50 | user_orig_segment='S1 — RYO/MYO, gilzy i nabijarki' | reclass: A4/reseller→B8/hurtownik per master verified",duży
PM,pomorskie,województwo,,,PL-A-PM-001,B4,King Hurt — HQ + Branches,PL,Szczecin,Poland,,,https://kinghurt.pl,,bok@kinghurt.pl,+48 609 641 400,,,,,hurtownik,,,mix,duży,🟢,B2B only,3,średni,,,,intake_PL_2026-08-10 | https://kinghurt.pl,,🔍 🔍,"orig_uzasadnienie: Bezpośrednie dopasowanie do ryo/myo, gilz lub nabijarek; zasięg ponadregionalny. | orig_uwagi: Nie potwierdzone | Status źródłowy: Dostępny w katalogu | orig_next: Telefon do działu zakupów + personalizowany e-mail tego samego dnia | user_orig_priorytet='A1 — kontakt natychmiast' | user_orig_score=98 | user_orig_segment='S1 — RYO/MYO, gilzy i nabijarki' | ex-A4 → B4 (no NIP, L1 research needed)",duży
LD,łódzkie,województwo,,,PL-A-LD-001,B4,TOPartner,PL,Pabianice,"ul. Warszawska 44/50, 95-200 Pabianice",,,https://topartner.pl,,kontakt@topartner.pl,+48 42 214 53 98,,,,,hurtownik,"MOODS, Al Capone, Smoking, Retro",,Chiny,średni,🟢,B2B only,3,średni,Dział handlowy,Sprzedaż hurtowa,,intake_PL_2026-08-10 | https://topartner.pl/ | https://topartner.pl,,🔍 🔍,"orig_uzasadnienie: Bezpośrednie dopasowanie do ryo/myo, gilz lub nabijarek; kompetencje importowo-dystrybucyjne. | orig_uwagi: Dobre dopasowanie produktowe; konieczne potwierdzenie aktualnej działalności i danych prawnych. | Status źródłowy: Do weryfikacji — źródło katalogowe | orig_next: Telefon do działu zakupów + personalizowany e-mail tego samego dnia | user_orig_priorytet='A1 — kontakt natychmiast' | user_orig_score=95 | user_orig_segment='S1 — RYO/MYO, gilzy i nabijarki' | ex-A4 → B4 (no NIP, L1 research needed)",duży
ZP,zachodniopomorskie,województwo,,,PL-A-ZP-002,B4,West Trading,PL,Szczecin,"Limonkowa 1, 70-001 Ustowo (Szczecin)",,,https://westtrading.pl,,zamowienia.szczecin@westtrading.pl; zamowienia.swinoujscie@westtrading.pl,+48 515 739 764; +48 91 460 00 34; +48 695 870 780,,,,,hurtownik,,,mix,średni,🟢,mix,3,średni,Dział zamówień / współpracy B2B,Dział handlowy,,intake_PL_2026-08-10 | https://westtrading.pl/kontakt/ | https://westtrading.pl,,🔍 🔍,"orig_uzasadnienie: Bezpośrednie dopasowanie do ryo/myo, gilz lub nabijarek. | orig_uwagi: Dystrybucja wyrobów tytoniowych i akcesoriów; dostawy do punktów detalicznych. | TAK | Status źródłowy: Niezweryfikowany | orig_next: Telefon do działu zakupów + personalizowany e-mail tego samego dnia | user_orig_priorytet='A1 — kontakt natychmiast' | user_orig_score=91 | user_orig_segment='S1 — RYO/MYO, gilzy i nabijarki' | ex-A4 → B4 (no NIP, L1 research needed)",duży
SL,śląskie,województwo,,,PL-A-SL-001,B4,Pavolt.pl,PL,Ogólnopolska,"Główna 8, 42-256 Zrębice",,,https://pavolt.pl/nabijarki-c-...,,sklep@pavolt.pl,+48 735 222 777,,,,,hurtownik,,,mix,średni,🟢,B2B only,3,średni,Właściciel / dział sprzedaży,Sprzedaż internetowa,,intake_PL_2026-08-10 | https://pavolt.pl/kontakt-f-1.html | https://pavolt.pl/nabijarki-c-...,,🔍 🔍,"orig_uzasadnienie: Bezpośrednie dopasowanie do ryo/myo, gilz lub nabijarek; zasięg ponadregionalny. | orig_uwagi: TAK | Status źródłowy: Niezweryfikowany | orig_next: Telefon do działu zakupów + personalizowany e-mail tego samego dnia | user_orig_priorytet='A1 — kontakt natychmiast' | user_orig_score=89 | user_orig_segment='S1 — RYO/MYO, gilzy i nabijarki' | ex-A4 → B4 (no NIP, L1 research needed)",duży
DS,dolnośląskie,województwo,,,PL-A-DS-001,B4,Hawana Tabacco / Golden Filter,PL,Kamienna Góra,"ul. Wałbrzyska 18, 58-400 Kamienna Góra",,,https://www.goldenfilter.pl/,,hawanatabacco@o2.pl,+48 75 744 50 34,,,,,hurtownik,,,Chiny,średni,🟢,mix,3,średni,,,,intake_PL_2026-08-10 | https://www.goldenfilter.pl/,,🔴🔍 🔍,"orig_uzasadnienie: Bezpośrednie dopasowanie do ryo/myo, gilz lub nabijarek; kompetencje importowo-dystrybucyjne; wymaga rozmowy strategicznej zamiast standardowej oferty. | orig_uwagi: Jeden z najlepszych potencjalnych partnerów produktowych dla Powermatic/Hawk-Matic. | Status źródłowy: Zweryfikowany — aktywna strona | orig_next: Rozmowa strategiczna z dyrektorem handlowym; bez standardowego cold maila | user_orig_priorytet='A1 — kontakt natychmiast' | user_orig_score=88 | user_orig_segment='S1 — RYO/MYO, gilzy i nabijarki' | ex-A4 → B4 (no NIP, L1 research needed)",duży
WP,wielkopolskie,województwo,,,PL-A-WP-001,B4,SklepTytoniowy.pl,PL,,"ul. Złota 126, 62-800 Kalisz",,,https://skleptytoniowy.pl,,biuro@skleptytoniowy.pl,+48 62 767 46 07; +48 515 230 341,,,,,hurtownik,,,mix,średni,🟢,mix,3,średni,Dział handlowy Tabak Grupa,Internetowa hurtownia tytoniowa,,intake_PL_2026-08-10 | https://www.skleptytoniowy.pl/logowanie | https://skleptytoniowy.pl,,🔍 🔍,"orig_uzasadnienie: Bezpośrednie dopasowanie do ryo/myo, gilz lub nabijarek. | orig_uwagi: Deklaruje około 40 sklepów stacjonarnych i sprzedaż wyrobów tytoniowych wyłącznie firmom. | Nie potwierdzone | Status źródłowy: Niezweryfikowany | orig_next: Telefon do działu zakupów + personalizowany e-mail tego samego dnia | user_orig_priorytet='A1 — kontakt natychmiast' | user_orig_score=86 | user_orig_segment='S1 — RYO/MYO, gilzy i nabijarki' | ex-A4 → B4 (no NIP, L1 research needed)",duży
PM,pomorskie,województwo,,,PL-A-PM-003,B4,Don Marco International Sp. z o.o.,PL,,"ul. Jodłowa 20, 80-633 Gdańsk; magazyn: ul. Budowlanych 15A, Gdańsk",,,https://donmarco.pl,,donmarco@donmarco.pl,+48 882 551 017; +48 602 264 080,,,,,hurtownik,,,mix,mały,🟢,B2B only,3,średni,Dział zamówień i wysyłek,Importer i dystrybutor,,intake_PL_2026-08-10 | https://www.donmarco.pl/pl/text/27-KONTAKT.php | https://donmarco.pl,,🔍 🔍,"orig_uzasadnienie: Bezpośrednie dopasowanie do ryo/myo, gilz lub nabijarek; zasięg ponadregionalny. | orig_uwagi: Importer zapalniczek, akcesoriów trafikowych i artykułów impulsowych. | Nie potwierdzone | Status źródłowy: Dostępny w katalogu | orig_next: Telefon do działu zakupów + personalizowany e-mail tego samego dnia | user_orig_priorytet='A1 — kontakt natychmiast' | user_orig_score=84 | user_orig_segment='S1 — RYO/MYO, gilzy i nabijarki' | ex-A4 → B4 (no NIP, L1 research needed)",duży
KP,kujawsko-pomorskie,województwo,,,PL-A-KP-001,B4,MRC Trade,PL,,"ul. Włocławska 171A, 87-100 Toruń",,,https://mrctrade.pl,,biuro@mrctrade.pl; export@mrctrade.pl,+48 797 724 344; +48 784 901 554,,,,,hurtownik,,,Chiny,duży,🟢,mix,3,średni,Dział sprzedaży / przedstawiciele regionalni,Sprzedaż krajowa i vanselling,,intake_PL_2026-08-10 | https://mrctrade.pl/kontakt/ | https://mrctrade.pl/oferta/ | https://mrctrade.pl,,🔴🔍 🔍,"orig_uzasadnienie: Bezpośrednie dopasowanie do ryo/myo, gilz lub nabijarek; kompetencje importowo-dystrybucyjne; wymaga rozmowy strategicznej zamiast standardowej oferty. | orig_uwagi: Producent gilz i filtrów, własna sieć przedstawicieli w 13 województwach; kontakt strategiczny. | Domestic Polish producer of cigarette tubes and filters supplying wholesale channels. | orig_next: Rozmowa strategiczna z dyrektorem handlowym; bez standardowego cold maila | user_orig_priorytet='A1 — kontakt natychmiast' | user_orig_score=83 | user_orig_segment='S1 — RYO/MYO, gilzy i nabijarki' | ex-A4 → B4 (no NIP, L1 research needed)",duży
,Ogólnopolska,,,,PL-A-XX-003,B4,Fortrade,PL,,Poland,,,https://fortrade.pl,,,,,,,,hurtownik,,,mix,mały,🟢,B2B only,3,średni,,,,intake_PL_2026-08-10 | https://fortrade.pl,,🔍 🔍,"orig_uzasadnienie: Bezpośrednie dopasowanie do ryo/myo, gilz lub nabijarek; zasięg ponadregionalny. | orig_uwagi: Nie potwierdzone | Status źródłowy: Dostępny w katalogu | orig_next: E-mail handlowy + telefon follow-up w ciągu 48 godzin | user_orig_priorytet='A2 — kontakt w 7 dni' | user_orig_score=81 | user_orig_segment='S1 — RYO/MYO, gilzy i nabijarki' | ex-A4 → B4 (no NIP, L1 research needed)",duży
,Ogólnopolska,,,,PL-A-XX-004,B4,Tobacco Concept Factory (TCF),PL,,,,,https://tcf.com.pl,,,,,,,,hurtownik,,,mix,duży,🟢,B2B only,3,średni,,,,intake_PL_2026-08-10 | https://tcf.com.pl,,🔍 🔍,"orig_uzasadnienie: Bezpośrednie dopasowanie do ryo/myo, gilz lub nabijarek; zasięg ponadregionalny. | orig_uwagi: Major B2B distributor of smoking accessories, tubes, filters, and papers. | orig_next: E-mail handlowy + telefon follow-up w ciągu 48 godzin | user_orig_priorytet='A2 — kontakt w 7 dni' | user_orig_score=81 | user_orig_segment='S1 — RYO/MYO, gilzy i nabijarki' | ex-A4 → B4 (no NIP, L1 research needed)",duży
,Ogólnopolska,,,,PL-A-XX-006,B4,TwojePapierosy.pl,PL,Ogólnopolska,Online (Poland-wide),,,https://twojepapierosy.pl,,,,,,,,hurtownik,,,mix,średni,🟢,mix,3,średni,,,,intake_PL_2026-08-10 | https://twojepapierosy.pl,,🔍 🔍,"orig_uzasadnienie: Bezpośrednie dopasowanie do ryo/myo, gilz lub nabijarek; zasięg ponadregionalny. | orig_uwagi: TAK | Status źródłowy: Niezweryfikowany | orig_next: E-mail handlowy + telefon follow-up w ciągu 48 godzin | user_orig_priorytet='A2 — kontakt w 7 dni' | user_orig_score=80 | user_orig_segment='S1 — RYO/MYO, gilzy i nabijarki' | ex-A4 → B4 (no NIP, L1 research needed)",duży
,Ogólnopolska,,,,PL-A-XX-007,B4,Hurtownia Kaziool,PL,,Poland,,,https://kaziool.pl,,,,,,,,hurtownik,,,mix,mały,🟢,B2B only,3,średni,,,,intake_PL_2026-08-10 | https://kaziool.pl,,🔍 🔍,"orig_uzasadnienie: Bezpośrednie dopasowanie do ryo/myo, gilz lub nabijarek; zasięg ponadregionalny. | orig_uwagi: Nie potwierdzone | Status źródłowy: Aktywny | orig_next: E-mail handlowy + telefon follow-up w ciągu 48 godzin | user_orig_priorytet='A2 — kontakt w 7 dni' | user_orig_score=80 | user_orig_segment='S1 — RYO/MYO, gilzy i nabijarki' | ex-A4 → B4 (no NIP, L1 research needed)",duży
MZ,mazowieckie,województwo,,,PL-A-MZ-005,B4,Orion Tobacco Poland Sp. z o.o.,PL,Goszczyn,"Jakubów 5, 05-610 Goszczyn",,,https://orion-orion.pl,,karolina@orion.mail.pl; orion@orion.mail.pl,+48 48 663 25 46; +48 48 663 28 10,,,,,hurtownik,,,mix,duży,🟢,B2B only,3,średni,Karolina Kornaszewska,Dział sprzedaży krajowej,,intake_PL_2026-08-10 | https://orion-orion.pl/kontakt-3/ | https://orion-orion.pl,,🔴🔍 🔍,"orig_uzasadnienie: Bezpośrednie dopasowanie do ryo/myo, gilz lub nabijarek; wymaga rozmowy strategicznej zamiast standardowej oferty. | orig_uwagi: Producent gilz, filtrów, tytoniu i akcesoriów. Możliwy konflikt produktowy; kontakt strategiczny. | Nie potwierdzone | Status źródłowy: Dostępny w katalogu | orig_next: Rozmowa strategiczna z dyrektorem handlowym; bez standardowego cold maila | user_orig_priorytet='A2 — kontakt w 7 dni' | user_orig_score=79 | user_orig_segment='S1 — RYO/MYO, gilzy i nabijarki' | ex-A4 → B4 (no NIP, L1 research needed)",duży
PM,pomorskie,województwo,,,PL-A-PM-004,B4,Wasserman,PL,Szczecin,"Szczecin, Poland",,,https://www.wasserman.eu,,sklep@wasserman.pl,,,,,,hurtownik,Gerui,Gerui,mix,,🔴,mix,3,średni,,,,intake_PL_2026-08-10 | https://www.wasserman.eu,,🟡🔍 🔍,"orig_uzasadnienie: Bezpośrednie dopasowanie do ryo/myo, gilz lub nabijarek. | orig_uwagi: Status źródłowy: Aktywny | orig_next: E-mail handlowy + telefon follow-up w ciągu 48 godzin | user_orig_priorytet='A2 — kontakt w 7 dni' | user_orig_score=78 | user_orig_segment='S1 — RYO/MYO, gilzy i nabijarki' | ex-A4 → B4 (no NIP, L1 research needed)",duży
,Ogólnopolska,,,,PL-A-XX-008,B4,Shishka79.pl,PL,Ogólnopolska,"Poland-wide, Polska",,,https://www.shishka79.pl/180-nabijarki-tlokowe,,,,,,,,hurtownik,,,mix,średni,🟢,B2B only,3,średni,,,,intake_PL_2026-08-10 | https://www.shishka79.pl/180-nabijarki-tlokowe,,🔍 🔍,"orig_uzasadnienie: Bezpośrednie dopasowanie do ryo/myo, gilz lub nabijarek; zasięg ponadregionalny. | orig_uwagi: Dodano z hurtownicy_pl_127.html; Asortyment: Piston injectors for cigarettes | Status źródłowy: Aktywny | orig_next: E-mail handlowy + telefon follow-up w ciągu 48 godzin | user_orig_priorytet='A2 — kontakt w 7 dni' | user_orig_score=78 | user_orig_segment='S1 — RYO/MYO, gilzy i nabijarki' | ex-A4 → B4 (no NIP, L1 research needed)",duży
DS,dolnośląskie,województwo,,,PL-A-DS-002,B4,P.H.U. TOP Sp.j. S. Magiera i wspólnicy / Silverado,PL,Wrocław,"ul. Metalowców 25, 54-156 Wrocław",,,https://www.silverado-top.pl,,,,,,,,hurtownik,,,mix,średni,🟢,B2B only,3,średni,,,,intake_PL_2026-08-10 | https://www.silverado-top.pl,,🔍 🔍,"orig_uzasadnienie: Bezpośrednie dopasowanie do ryo/myo, gilz lub nabijarek. | orig_uwagi: Przed kontaktem sprawdzić aktywność strony, dane rejestrowe i aktualną ofertę. | Status źródłowy: Do weryfikacji — źródło katalogowe | orig_next: E-mail handlowy + telefon follow-up w ciągu 48 godzin | user_orig_priorytet='A2 — kontakt w 7 dni' | user_orig_score=78 | user_orig_segment='S1 — RYO/MYO, gilzy i nabijarki' | ex-A4 → B4 (no NIP, L1 research needed)",duży
MA,małopolskie,województwo,,,PL-A-MA-002,B4,MARWIN POLSKA,PL,Kraków,"ul. Mistrzejowicka 2, 31-651 Kraków",,,http://www.marwinpolska.pl,,,,,,,,hurtownik,,,mix,średni,🟢,B2B only,3,średni,,,,intake_PL_2026-08-10 | http://www.marwinpolska.pl,,🔍 🔍,"orig_uzasadnienie: Bezpośrednie dopasowanie do ryo/myo, gilz lub nabijarek. | orig_uwagi: Warto zweryfikować, czy firma nadal prowadzi aktywną sprzedaż hurtową. | Status źródłowy: Do weryfikacji — źródło katalogowe | orig_next: E-mail handlowy + telefon follow-up w ciągu 48 godzin | user_orig_priorytet='A2 — kontakt w 7 dni' | user_orig_score=78 | user_orig_segment='S1 — RYO/MYO, gilzy i nabijarki' | ex-A4 → B4 (no NIP, L1 research needed)",duży
,Ogólnopolska,,,,PL-A-XX-009,B4,MAGNUS,PL,,,,,https://magnustobacco.com,,,,,,,,hurtownik,,,Chiny,duży,🟢,mix,3,średni,,,,intake_PL_2026-08-10 | https://magnustobacco.com,,🔴🔍 🔍,"orig_uzasadnienie: Bezpośrednie dopasowanie do ryo/myo, gilz lub nabijarek; zasięg ponadregionalny; kompetencje importowo-dystrybucyjne. | orig_uwagi: Producer of cigarette tubes, including Private Label manufacturing for B2B. | orig_next: Rozmowa strategiczna z dyrektorem handlowym; bez standardowego cold maila | user_orig_priorytet='A2 — kontakt w 7 dni' | user_orig_score=75 | user_orig_segment='S1 — RYO/MYO, gilzy i nabijarki' | ex-A4 → B4 (no NIP, L1 research needed)",duży
SK,świętokrzyskie,województwo,,,PL-A-SK-001,B4,JOKO Hurtownia M. Cukrowska,PL,Końskie,"ul. Warszawska 49, 26-200 Końskie",,,,,,,,,,,hurtownik,,,mix,średni,🟢,B2B only,3,średni,,,,intake_PL_2026-08-10 (user_score=75),,🔍 🔍,"orig_uzasadnienie: Bezpośrednie dopasowanie do ryo/myo, gilz lub nabijarek. | orig_uwagi: Zweryfikować aktywność, NIP i dostępność akcesoriów RYO. | Status źródłowy: Do weryfikacji — katalog | orig_next: E-mail handlowy + telefon follow-up w ciągu 48 godzin | user_orig_priorytet='A2 — kontakt w 7 dni' | user_orig_score=75 | user_orig_segment='S1 — RYO/MYO, gilzy i nabijarki' | ex-A4 → B4 (no NIP, L1 research needed)",duży
,Nieustalony,,,,PL-A-XX-010,B4,Verk Store,PL,,Poland,,,https://verk.store,,,,,,,,hurtownik,Zen,Zen,mix,,🔴,mix,3,średni,,,,intake_PL_2026-08-10 | https://verk.store,,🟡🔍 🔍,"orig_uzasadnienie: Bezpośrednie dopasowanie do ryo/myo, gilz lub nabijarek. | orig_uwagi: Status źródłowy: Aktywny | orig_next: E-mail handlowy + telefon follow-up w ciągu 48 godzin | user_orig_priorytet='A2 — kontakt w 7 dni' | user_orig_score=72 | user_orig_segment='S1 — RYO/MYO, gilzy i nabijarki' | ex-A4 → B4 (no NIP, L1 research needed)",duży
,Nieustalony,,,,PL-A-XX-011,B4,Shisha Sklep,PL,Warsaw,"Warsaw, Poland",,,https://shishasklep.pl,,,,,,,,hurtownik,,,mix,,🔴,mix,3,średni,,,,intake_PL_2026-08-10 | https://shishasklep.pl,,🔍 🔍,"orig_uzasadnienie: Bezpośrednie dopasowanie do ryo/myo, gilz lub nabijarek. | orig_uwagi: Status źródłowy: Aktywny | orig_next: E-mail handlowy + telefon follow-up w ciągu 48 godzin | user_orig_priorytet='A2 — kontakt w 7 dni' | user_orig_score=72 | user_orig_segment='S1 — RYO/MYO, gilzy i nabijarki' | ex-A4 → B4 (no NIP, L1 research needed)",duży
,Nieustalony,,,,PL-A-XX-012,B4,Alisa.shop,PL,,Poland,,,https://alisa.shop,,,,,,,,hurtownik,Zen,Zen,mix,,🔴,mix,3,średni,,,,intake_PL_2026-08-10 | https://alisa.shop,,🟡🔍 🔍,"orig_uzasadnienie: Bezpośrednie dopasowanie do ryo/myo, gilz lub nabijarek. | orig_uwagi: Status źródłowy: Aktywny | orig_next: E-mail handlowy + telefon follow-up w ciągu 48 godzin | user_orig_priorytet='A2 — kontakt w 7 dni' | user_orig_score=72 | user_orig_segment='S1 — RYO/MYO, gilzy i nabijarki' | ex-A4 → B4 (no NIP, L1 research needed)",duży
SL,śląskie,województwo,,,PL-A-SL-002,B4,Allegro: PAVOLT_pl,PL,,"Główna 8, 42-256 Zrębice",,,https://allegro.pl/uzytkownik/PAVOLT_pl,,sklep@pavolt.pl,+48 735 222 777,,,,,hurtownik,,,mix,,🔴,,3,średni,Właściciel / dział sprzedaży,Sprzedaż internetowa,,intake_PL_2026-08-10 | https://pavolt.pl/kontakt-f-1.html | https://allegro.pl/uzytkownik/PAVOLT_pl,,🔍 🔍,"orig_uzasadnienie: Bezpośrednie dopasowanie do ryo/myo, gilz lub nabijarek. | orig_uwagi: Kilkanaście ofert, droższe urządzenia elektryczne. Dobry cel dla Bills ze stabilnym serwisem. | Status źródłowy: Niezweryfikowany | orig_next: Dodać do kampanii regionalnej i wykonać follow-up telefoniczny | user_orig_priorytet='B — kampania regionalna' | user_orig_score=69 | user_orig_segment='S1 — RYO/MYO, gilzy i nabijarki' | ex-A4 → B4 (no NIP, L1 research needed)",duży
,Nieustalony,,,,PL-A-XX-013,B4,sstrzelec (Allegro),PL,,Polska (Sprzedawca Allegro),,,https://allegro.pl/uzytkownik/sstrzelec,,,,,,,,hurtownik,,,mix,,🔴,,3,średni,,,,intake_PL_2026-08-10 | https://allegro.pl/uzytkownik/sstrzelec,,🔍 🔍,"orig_uzasadnienie: Bezpośrednie dopasowanie do ryo/myo, gilz lub nabijarek. | orig_uwagi: Status źródłowy: Aktywny | orig_next: Dodać do kampanii regionalnej i wykonać follow-up telefoniczny | user_orig_priorytet='B — kampania regionalna' | user_orig_score=68 | user_orig_segment='S1 — RYO/MYO, gilzy i nabijarki' | ex-A4 → B4 (no NIP, L1 research needed)",duży
,Ogólnopolska,,,,PL-A-XX-015,B4,Allegro: zico_tabak,PL,,,,,https://allegro.pl/uzytkownik/zico_tabak,,,,,,,,hurtownik,Mascotte,Mascotte,mix,,🔴,,3,średni,,,,intake_PL_2026-08-10 | https://allegro.pl/uzytkownik/zico_tabak,,🟡🔍 🔍,"orig_uzasadnienie: Bezpośrednie dopasowanie do ryo/myo, gilz lub nabijarek; zasięg ponadregionalny. | orig_uwagi: Konto związane z trafiką, oferuje Mascotte, Guliwer. | Status źródłowy: Niezweryfikowany | orig_next: Dodać do kampanii regionalnej i wykonać follow-up telefoniczny | user_orig_priorytet='B — kampania regionalna' | user_orig_score=65 | user_orig_segment='S1 — RYO/MYO, gilzy i nabijarki' | ex-A4 → B4 (no NIP, L1 research needed)",duży
,Ogólnopolska,,,,PL-A-XX-016,B4,Allegro: sstrzelec,PL,,,,,https://allegro.pl/uzytkownik/sstrzelec,,,,,,,,hurtownik,"Mascotte, OCB",Mascotte,mix,,🔴,,3,średni,,,,intake_PL_2026-08-10 | https://allegro.pl/uzytkownik/sstrzelec,,🟡🔍 🔍,"orig_uzasadnienie: Bezpośrednie dopasowanie do ryo/myo, gilz lub nabijarek; zasięg ponadregionalny. | orig_uwagi: Specjalistyczny sprzedawca z ofertą OCB Mikromatic, Mascotte, Kompan. Tysiące ocen, Super Sprzedawca. | Status źródłowy: Niezweryfikowany | orig_next: Dodać do kampanii regionalnej i wykonać follow-up telefoniczny | user_orig_priorytet='B — kampania regionalna' | user_orig_score=65 | user_orig_segment='S1 — RYO/MYO, gilzy i nabijarki' | ex-A4 → B4 (no NIP, L1 research needed)",duży
,Ogólnopolska,,,,PL-A-XX-017,B4,Allegro: retoo,PL,,,,,https://allegro.pl/uzytkownik/retoo,,,,,,,,hurtownik,,,mix,,🔴,,3,średni,,,,intake_PL_2026-08-10 | https://allegro.pl/uzytkownik/retoo,,🔍 🔍,"orig_uzasadnienie: Bezpośrednie dopasowanie do ryo/myo, gilz lub nabijarek; zasięg ponadregionalny. | orig_uwagi: Duży sprzedawca użytkowy, tanie modele elektryczne. Duży wolumen, mniej branżowy. | Status źródłowy: Niezweryfikowany | orig_next: Dodać do kampanii regionalnej i wykonać follow-up telefoniczny | user_orig_priorytet='B — kampania regionalna' | user_orig_score=65 | user_orig_segment='S1 — RYO/MYO, gilzy i nabijarki' | ex-A4 → B4 (no NIP, L1 research needed)",duży
,Ogólnopolska,,,,PL-A-XX-018,B4,Allegro: przykasowe,PL,,,,,https://allegro.pl/uzytkownik/przykasowe,,,,,,,,hurtownik,"Mascotte, Matteo",Mascotte,mix,,🔴,,3,średni,,,,intake_PL_2026-08-10 | https://allegro.pl/uzytkownik/przykasowe,,🟡🔍 🔍,"orig_uzasadnienie: Bezpośrednie dopasowanie do ryo/myo, gilz lub nabijarek; zasięg ponadregionalny. | orig_uwagi: Szeroki zestaw produktów Mascotte, Kompan, Matteo. | Status źródłowy: Niezweryfikowany | orig_next: Dodać do kampanii regionalnej i wykonać follow-up telefoniczny | user_orig_priorytet='B — kampania regionalna' | user_orig_score=65 | user_orig_segment='S1 — RYO/MYO, gilzy i nabijarki' | ex-A4 → B4 (no NIP, L1 research needed)",duży
,Ogólnopolska,,,,PL-A-XX-020,B4,Allegro: eempire,PL,,,,,https://allegro.pl/uzytkownik/eempire,,,,,,,,hurtownik,,,mix,,🔴,,3,średni,,,,intake_PL_2026-08-10 | https://allegro.pl/uzytkownik/eempire,,🔍 🔍,"orig_uzasadnienie: Bezpośrednie dopasowanie do ryo/myo, gilz lub nabijarek; zasięg ponadregionalny. | orig_uwagi: Sprzedaje elektryczne i tłokowe urządzenia w cenie ~250 zł. Konkurent / reseller. | Status źródłowy: Niezweryfikowany | orig_next: Dodać do kampanii regionalnej i wykonać follow-up telefoniczny | user_orig_priorytet='B — kampania regionalna' | user_orig_score=65 | user_orig_segment='S1 — RYO/MYO, gilzy i nabijarki' | ex-A4 → B4 (no NIP, L1 research needed)",duży
,Ogólnopolska,,,,PL-A-XX-021,B4,Allegro: dominikmarket,PL,,,,,https://allegro.pl/uzytkownik/dominikmarket,,,,,,,,hurtownik,,,mix,,🔴,,3,średni,,,,intake_PL_2026-08-10 | https://allegro.pl/uzytkownik/dominikmarket,,🔍 🔍,"orig_uzasadnienie: Bezpośrednie dopasowanie do ryo/myo, gilz lub nabijarek; zasięg ponadregionalny. | orig_uwagi: Wysoka sprzedaż jednej z nabijarek. Warto zbadać hurt/źródła. | Status źródłowy: Niezweryfikowany | orig_next: Dodać do kampanii regionalnej i wykonać follow-up telefoniczny | user_orig_priorytet='B — kampania regionalna' | user_orig_score=65 | user_orig_segment='S1 — RYO/MYO, gilzy i nabijarki' | ex-A4 → B4 (no NIP, L1 research needed)",duży
,Ogólnopolska,,,,PL-A-XX-022,B4,Allegro: Weed4u,PL,,,,,https://allegro.pl/uzytkownik/Weed4u,,,,,,,,hurtownik,Mascotte,Mascotte,mix,,🔴,,3,średni,,,,intake_PL_2026-08-10 | https://allegro.pl/uzytkownik/Weed4u,,🟡🔍 🔍,"orig_uzasadnienie: Bezpośrednie dopasowanie do ryo/myo, gilz lub nabijarek; zasięg ponadregionalny. | orig_uwagi: Ręczne Mascotte i Kompan. Baza do upsellu na elektryki. | Status źródłowy: Niezweryfikowany | orig_next: Dodać do kampanii regionalnej i wykonać follow-up telefoniczny | user_orig_priorytet='B — kampania regionalna' | user_orig_score=65 | user_orig_segment='S1 — RYO/MYO, gilzy i nabijarki' | ex-A4 → B4 (no NIP, L1 research needed)",duży
,Ogólnopolska,,,,PL-A-XX-023,B4,Allegro: NABIJARKI_pl,PL,,,,,https://allegro.pl/uzytkownik/NABIJARKI_pl,,,,,,,,hurtownik,,,mix,,🔴,,3,średni,,,,intake_PL_2026-08-10 | https://allegro.pl/uzytkownik/NABIJARKI_pl,,🔍 🔍,"orig_uzasadnienie: Bezpośrednie dopasowanie do ryo/myo, gilz lub nabijarek; zasięg ponadregionalny. | orig_uwagi: Profil specjalistyczny (standard, slim, superslim). | Status źródłowy: Niezweryfikowany | orig_next: Dodać do kampanii regionalnej i wykonać follow-up telefoniczny | user_orig_priorytet='B — kampania regionalna' | user_orig_score=65 | user_orig_segment='S1 — RYO/MYO, gilzy i nabijarki' | ex-A4 → B4 (no NIP, L1 research needed)",duży
,Ogólnopolska,,,,PL-A-XX-024,B4,Allegro: Flawonoid,PL,,,,,https://allegro.pl/uzytkownik/Flawonoid,,,,,,,,hurtownik,OCB,,mix,,🔴,,3,średni,,,,intake_PL_2026-08-10 | https://allegro.pl/uzytkownik/Flawonoid,,🔍 🔍,"orig_uzasadnienie: Bezpośrednie dopasowanie do ryo/myo, gilz lub nabijarek; zasięg ponadregionalny. | orig_uwagi: Oferuje kilka rodzajów nabijarek, w tym OCB Mikromatic. | Status źródłowy: Niezweryfikowany | orig_next: Dodać do kampanii regionalnej i wykonać follow-up telefoniczny | user_orig_priorytet='B — kampania regionalna' | user_orig_score=65 | user_orig_segment='S1 — RYO/MYO, gilzy i nabijarki' | ex-A4 → B4 (no NIP, L1 research needed)",duży
,Ogólnopolska,,,,PL-A-XX-025,B4,Allegro: AnyTech_pl,PL,,,,,https://allegro.pl/uzytkownik/AnyTech_pl,,,,,,,,hurtownik,,,mix,,🔴,,3,średni,,,,intake_PL_2026-08-10 | https://allegro.pl/uzytkownik/AnyTech_pl,,🔍 🔍,"orig_uzasadnienie: Bezpośrednie dopasowanie do ryo/myo, gilz lub nabijarek; zasięg ponadregionalny. | orig_uwagi: Super Sprzedawca, nabijarki elektryczne tłokowe. | Status źródłowy: Niezweryfikowany | orig_next: Dodać do kampanii regionalnej i wykonać follow-up telefoniczny | user_orig_priorytet='B — kampania regionalna' | user_orig_score=65 | user_orig_segment='S1 — RYO/MYO, gilzy i nabijarki' | ex-A4 → B4 (no NIP, L1 research needed)",duży
SL,śląskie,województwo,,,PL-A-SL-003,B4,Trezo Sp. z o.o.,PL,Sosnowiec,"ul. Główna 26C, 41-215 Sosnowiec",,,https://trezo.com.pl,,,,,,,,hurtownik,,,mix,duży,🟢,B2B only,3,średni,,,,intake_PL_2026-08-10 | https://trezo.com.pl,,🔴🔍 🔍,"orig_uzasadnienie: Bezpośrednie dopasowanie do ryo/myo, gilz lub nabijarek; wymaga rozmowy strategicznej zamiast standardowej oferty. | orig_uwagi: Nie potwierdzone | Status źródłowy: Dostępny w katalogu | orig_next: Rozmowa strategiczna z dyrektorem handlowym; bez standardowego cold maila | user_orig_priorytet='B — kampania regionalna' | user_orig_score=64 | user_orig_segment='S1 — RYO/MYO, gilzy i nabijarki' | ex-A4 → B4 (no NIP, L1 research needed)",duży
,Ogólnopolska,,,,PL-A-XX-026,B4,Promotorzy Sp. z o.o.,PL,Ogólnokrajowy,Poland (headquarters not publicly listed),,,https://promotorzy.pl,,,,,,,,hurtownik,,,mix,duży,🟢,B2B only,3,średni,,,,intake_PL_2026-08-10 | https://promotorzy.pl,,🔴🔍 🔍,"orig_uzasadnienie: Bezpośrednie dopasowanie do ryo/myo, gilz lub nabijarek; zasięg ponadregionalny; wymaga rozmowy strategicznej zamiast standardowej oferty. | orig_uwagi: Nie potwierdzone | Status źródłowy: Dostępny w katalogu | orig_next: Rozmowa strategiczna z dyrektorem handlowym; bez standardowego cold maila | user_orig_priorytet='B — kampania regionalna' | user_orig_score=64 | user_orig_segment='S1 — RYO/MYO, gilzy i nabijarki' | ex-A4 → B4 (no NIP, L1 research needed)",duży
,Nieustalony,,,,PL-A-XX-027,B4,Huzark,PL,,Poland,,,https://huzark.com,,,,,,,,hurtownik,,,mix,duży,🟢,B2B only,3,średni,,,,intake_PL_2026-08-10 | https://huzark.com,,🔴🔍 🔍,"orig_uzasadnienie: Bezpośrednie dopasowanie do ryo/myo, gilz lub nabijarek; wymaga rozmowy strategicznej zamiast standardowej oferty. | orig_uwagi: Nie potwierdzone | Status źródłowy: Dostępny w katalogu | orig_next: Rozmowa strategiczna z dyrektorem handlowym; bez standardowego cold maila | user_orig_priorytet='B — kampania regionalna' | user_orig_score=64 | user_orig_segment='S1 — RYO/MYO, gilzy i nabijarki' | ex-A4 → B4 (no NIP, L1 research needed)",duży
,Ogólnopolska,,,,PL-A-XX-028,B4,Tobacchem,PL,,Poland,,,https://tobacchem.pl,,,,,,,,hurtownik,,,mix,duży,🟢,B2B only,3,średni,,,,intake_PL_2026-08-10 | https://tobacchem.pl,,🔴🔍 🔍,"orig_uzasadnienie: Bezpośrednie dopasowanie do ryo/myo, gilz lub nabijarek; zasięg ponadregionalny; wymaga rozmowy strategicznej zamiast standardowej oferty. | orig_uwagi: Nie potwierdzone | Status źródłowy: Aktywny | orig_next: Rozmowa strategiczna z dyrektorem handlowym; bez standardowego cold maila | user_orig_priorytet='B — kampania regionalna' | user_orig_score=61 | user_orig_segment='S1 — RYO/MYO, gilzy i nabijarki' | ex-A4 → B4 (no NIP, L1 research needed)",duży
,Nieustalony,,,,PL-A-XX-029,B4,Twojabletka,PL,,,,,https://www.twojabletka.pl,,przemek@twojabletka.pl,164924462,,,,,hurtownik,,,mix,,🔴,B2B only,3,średni,,,,intake_PL_2026-08-10 | https://www.twojabletka.pl,,🔍 🔍,"orig_uzasadnienie: Bezpośrednie dopasowanie do ryo/myo, gilz lub nabijarek. | orig_uwagi: Dodane z wyników wyszukiwania dla niszowych słów (Powermatic, Shisha, bletki). | Status źródłowy: Aktywny | orig_next: Zweryfikować dane, produkty i status B2B przed kontaktem | user_orig_priorytet='C — weryfikacja i nurturing' | user_orig_score=50 | user_orig_segment='S1 — RYO/MYO, gilzy i nabijarki' | ex-A4 → B4 (no NIP, L1 research needed)",duży
,Nieustalony,,,,PL-A-XX-030,B4,True Smoke,PL,,,,,https://www.true-smoke.com,,info@truesmoke.com,817583740,,,,,hurtownik,,,mix,,🔴,B2B only,3,średni,,,,intake_PL_2026-08-10 | https://www.true-smoke.com,,🔍 🔍,"orig_uzasadnienie: Bezpośrednie dopasowanie do ryo/myo, gilz lub nabijarek. | orig_uwagi: Dodane z wyników wyszukiwania dla niszowych słów (Powermatic, Shisha, bletki). | Status źródłowy: Aktywny | orig_next: Zweryfikować dane, produkty i status B2B przed kontaktem | user_orig_priorytet='C — weryfikacja i nurturing' | user_orig_score=50 | user_orig_segment='S1 — RYO/MYO, gilzy i nabijarki' | ex-A4 → B4 (no NIP, L1 research needed)",duży
,Nieustalony,,,,PL-A-XX-031,B4,Trafikanord,PL,,,,,https://www.trafikanord.pl,,sklep@trafikanord.pl,178443691,,,,,hurtownik,,,mix,,🔴,B2B only,3,średni,,,,intake_PL_2026-08-10 | https://www.trafikanord.pl,,🔍 🔍,"orig_uzasadnienie: Bezpośrednie dopasowanie do ryo/myo, gilz lub nabijarek. | orig_uwagi: Dodane na prośbę użytkownika z wyników wyszukiwania (maszynki do skręcania). | Status źródłowy: Aktywny | orig_next: Zweryfikować dane, produkty i status B2B przed kontaktem | user_orig_priorytet='C — weryfikacja i nurturing' | user_orig_score=50 | user_orig_segment='S1 — RYO/MYO, gilzy i nabijarki' | ex-A4 → B4 (no NIP, L1 research needed)",duży
,Nieustalony,,,,PL-A-XX-032,B4,Powermatic,PL,,,,,https://www.powermatic.store,,kontakt@armorica.pl,141941672,,,,,hurtownik,,,mix,,🔴,B2B only,3,średni,,,,intake_PL_2026-08-10 | https://www.powermatic.store,,🔍 🔍,"orig_uzasadnienie: Bezpośrednie dopasowanie do ryo/myo, gilz lub nabijarek. | orig_uwagi: Dodane z wyników wyszukiwania dla niszowych słów (Powermatic, Shisha, bletki). | Status źródłowy: Aktywny | orig_next: Zweryfikować dane, produkty i status B2B przed kontaktem | user_orig_priorytet='C — weryfikacja i nurturing' | user_orig_score=50 | user_orig_segment='S1 — RYO/MYO, gilzy i nabijarki' | ex-A4 → B4 (no NIP, L1 research needed)",duży
,Nieustalony,,,,PL-A-XX-033,B4,Nabijarka,PL,,,,,https://www.nabijarka.pl,,biuro@prima-tech.pl,+48 663 726 600,,,,,hurtownik,,,mix,,🔴,B2B only,3,średni,,,,intake_PL_2026-08-10 | https://www.nabijarka.pl,,🔍 🔍,"orig_uzasadnienie: Bezpośrednie dopasowanie do ryo/myo, gilz lub nabijarek. | orig_uwagi: Dodane na prośbę użytkownika z wyników wyszukiwania (maszynki do skręcania). | Status źródłowy: Aktywny | orig_next: Zweryfikować dane, produkty i status B2B przed kontaktem | user_orig_priorytet='C — weryfikacja i nurturing' | user_orig_score=50 | user_orig_segment='S1 — RYO/MYO, gilzy i nabijarki' | ex-A4 → B4 (no NIP, L1 research needed)",duży
,Nieustalony,,,,PL-A-XX-034,B4,Minesota,PL,,,,,https://www.minesota.eu,,l.pluta@minesota.eu,164570187,,,,,hurtownik,,,mix,,🔴,B2B only,3,średni,,,,intake_PL_2026-08-10 | https://www.minesota.eu,,🔍 🔍,"orig_uzasadnienie: Bezpośrednie dopasowanie do ryo/myo, gilz lub nabijarek. | orig_uwagi: Dodane z wyników wyszukiwania dla niszowych słów (Powermatic, Shisha, bletki). | Status źródłowy: Aktywny | orig_next: Zweryfikować dane, produkty i status B2B przed kontaktem | user_orig_priorytet='C — weryfikacja i nurturing' | user_orig_score=50 | user_orig_segment='S1 — RYO/MYO, gilzy i nabijarki' | ex-A4 → B4 (no NIP, L1 research needed)",duży
,Nieustalony,,,,PL-A-XX-036,B4,Internetowa Hurtownia,PL,,,,,https://www.internetowa-hurtownia.pl,,zamowienia@internetowa-hurtownia.pl,177633312,,,,,hurtownik,,,mix,,🔴,B2B only,3,średni,,,,intake_PL_2026-08-10 | https://www.internetowa-hurtownia.pl,,🔍 🔍,"orig_uzasadnienie: Bezpośrednie dopasowanie do ryo/myo, gilz lub nabijarek. | orig_uwagi: Dodane na prośbę użytkownika z wyników wyszukiwania (e-papierosy / nabijarki). | Status źródłowy: Aktywny | orig_next: Zweryfikować dane, produkty i status B2B przed kontaktem | user_orig_priorytet='C — weryfikacja i nurturing' | user_orig_score=50 | user_orig_segment='S1 — RYO/MYO, gilzy i nabijarki' | ex-A4 → B4 (no NIP, L1 research needed)",duży
,Nieustalony,,,,PL-A-XX-037,B4,Hurt Mix,PL,,,,,https://www.hurt-mix.com.pl,,j@email.com,175831442,,,,,hurtownik,,,mix,,🔴,B2B only,3,średni,,,,intake_PL_2026-08-10 | https://www.hurt-mix.com.pl,,🔍 🔍,"orig_uzasadnienie: Bezpośrednie dopasowanie do ryo/myo, gilz lub nabijarek. | orig_uwagi: Dodane na prośbę użytkownika z wyników wyszukiwania (e-papierosy / nabijarki). | Status źródłowy: Aktywny | orig_next: Zweryfikować dane, produkty i status B2B przed kontaktem | user_orig_priorytet='C — weryfikacja i nurturing' | user_orig_score=50 | user_orig_segment='S1 — RYO/MYO, gilzy i nabijarki' | ex-A4 → B4 (no NIP, L1 research needed)",duży
,Nieustalony,,,,PL-A-XX-038,B4,Gilzygama,PL,,,,,https://www.gilzygama.pl,,office.gama.plus@gmail.com,283973595,,,,,hurtownik,,,mix,,🔴,B2B only,3,średni,,,,intake_PL_2026-08-10 | https://www.gilzygama.pl,,🔍 🔍,"orig_uzasadnienie: Bezpośrednie dopasowanie do ryo/myo, gilz lub nabijarek. | orig_uwagi: Dodane z wyników wyszukiwania dla niszowych słów (Powermatic, Shisha, bletki). | Status źródłowy: Aktywny | orig_next: Zweryfikować dane, produkty i status B2B przed kontaktem | user_orig_priorytet='C — weryfikacja i nurturing' | user_orig_score=50 | user_orig_segment='S1 — RYO/MYO, gilzy i nabijarki' | ex-A4 → B4 (no NIP, L1 research needed)",duży
,Nieustalony,,,,PL-A-XX-048,B4,Vapeempire,PL,,,,,https://www.vapeempire.pl,,,172346997,,,,,hurtownik,,,mix,,🔴,B2B only,3,średni,,,,intake_PL_2026-08-10 | https://www.vapeempire.pl,,🔍 🔍,"orig_uzasadnienie: Bezpośrednie dopasowanie do ryo/myo, gilz lub nabijarek. | orig_uwagi: Dodane na prośbę użytkownika z wyników wyszukiwania (e-papierosy / nabijarki). | Status źródłowy: Aktywny | orig_next: Zweryfikować dane, produkty i status B2B przed kontaktem | user_orig_priorytet='C — weryfikacja i nurturing' | user_orig_score=44 | user_orig_segment='S1 — RYO/MYO, gilzy i nabijarki' | ex-A4 → B4 (no NIP, L1 research needed)",duży
,Nieustalony,,,,PL-A-XX-049,B4,Smoks,PL,,,,,https://www.smoks.pl,,,867778659,,,,,hurtownik,,,mix,,🔴,B2B only,3,średni,,,,intake_PL_2026-08-10 | https://www.smoks.pl,,🔍 🔍,"orig_uzasadnienie: Bezpośrednie dopasowanie do ryo/myo, gilz lub nabijarek. | orig_uwagi: Dodane z wyników wyszukiwania dla niszowych słów (Powermatic, Shisha, bletki). | Status źródłowy: Aktywny | orig_next: Zweryfikować dane, produkty i status B2B przed kontaktem | user_orig_priorytet='C — weryfikacja i nurturing' | user_orig_score=44 | user_orig_segment='S1 — RYO/MYO, gilzy i nabijarki' | ex-A4 → B4 (no NIP, L1 research needed)",duży
,,,,,PL-A-XX-051,B4,Mascotte,PL,,,,,https://www.mascotte.pl,,,,,,,,hurtownik,Mascotte,Mascotte,mix,,🔴,B2B only,3,średni,,,,intake_PL_2026-08-10 | https://www.mascotte.pl/,,🟡🔍 🔍,"orig_uzasadnienie: Zidentyfikowany dystrybutor/sprzedawca marki: ""Mascotte"" (nabijarka OR maszynka OR gilzy) hurtownia OR dys | orig_uwagi: Weryfikacja: None | orig_next: Zweryfikować dane, produkty i status B2B przed kontaktem | user_orig_priorytet='C — weryfikacja i nurturing' | user_orig_score=80 | user_orig_segment='S1 — RYO/MYO, gilzy i nabijarki' | ex-A4 → B4 (no NIP, L1 research needed)",duży
,,,,,PL-A-XX-053,B4,Marki,PL,,32-100 | Proszowice,,,https://www.hitelektro.pl,,kontakt@hitelektro.pltel,,,,,,hurtownik,Gerui,Gerui,mix,,🔴,B2B only,3,średni,,,,intake_PL_2026-08-10 | https://www.hitelektro.pl/producers.php,,🟡🔍 🔍,"orig_uzasadnienie: Zidentyfikowany dystrybutor/sprzedawca marki: ""Gerui"" (nabijarka OR maszynka OR gilzy) hurtownia OR dystry | orig_uwagi: Weryfikacja: None | orig_next: Zweryfikować dane, produkty i status B2B przed kontaktem | user_orig_priorytet='C — weryfikacja i nurturing' | user_orig_score=80 | user_orig_segment='S1 — RYO/MYO, gilzy i nabijarki' | ex-A4 → B4 (no NIP, L1 research needed)",duży
,,,,,PL-A-XX-054,B4,160L – AIR CHAMP PRO,PL,Świdnik,"21-040 Świdnik, Polska",,,https://www.ironman4x4.pl,,biuro@ironman4x4.pl,81 440 64 25,,,,,hurtownik,Champ,Champ,mix,,🔴,B2B only,3,średni,,,,intake_PL_2026-08-10 | https://www.ironman4x4.pl/160l-air-champ-pro/,,🟡🔍 🔍,"orig_uzasadnienie: Zidentyfikowany dystrybutor/sprzedawca marki: ""Champ"" (nabijarka OR maszynka OR gilzy) hurtownia OR dystry | orig_uwagi: Weryfikacja: None | orig_next: Zweryfikować dane, produkty i status B2B przed kontaktem | user_orig_priorytet='C — weryfikacja i nurturing' | user_orig_score=80 | user_orig_segment='S1 — RYO/MYO, gilzy i nabijarki' | ex-A4 → B4 (no NIP, L1 research needed)",duży
,,,,,PL-A-XX-055,B4,Francja - MachineryZone,PL,,,,,https://www.machineryzone.pl,,,,,,,,hurtownik,Champ,Champ,mix,,🔴,B2B only,3,średni,,,,intake_PL_2026-08-10 | https://www.machineryzone.pl/pros/list/1-francja_auvergne-rhone-alpes.html,,🟡🔍 🔍,"orig_uzasadnienie: Zidentyfikowany dystrybutor/sprzedawca marki: ""Champ"" (nabijarka OR maszynka OR gilzy) hurtownia OR dystry | orig_uwagi: Weryfikacja: None | orig_next: Zweryfikować dane, produkty i status B2B przed kontaktem | user_orig_priorytet='C — weryfikacja i nurturing' | user_orig_score=80 | user_orig_segment='S1 — RYO/MYO, gilzy i nabijarki' | ex-A4 → B4 (no NIP, L1 research needed)",duży
,,,,,PL-A-XX-056,B4,WYŁĄCZNIK PŁYWAKOWY CHAMP 2 - 5 M KAB. Doepke ...,PL,,95-044,,,https://e-domus.com.pl,,sklep@e-domus.com.pl,,,,,,hurtownik,Champ,Champ,mix,,🔴,B2B only,3,średni,,,,intake_PL_2026-08-10 | https://e-domus.com.pl/narzedzia-i-mierniki/pompy/wylacznik-plywakowy-champ-2-5-m-kab-doepke-dn-09921006,,🟡🔍 🔍,"orig_uzasadnienie: Zidentyfikowany dystrybutor/sprzedawca marki: ""Champ"" (nabijarka OR maszynka OR gilzy) hurtownia OR dystry | orig_uwagi: Weryfikacja: None | orig_next: Zweryfikować dane, produkty i status B2B przed kontaktem | user_orig_priorytet='C — weryfikacja i nurturing' | user_orig_score=80 | user_orig_segment='S1 — RYO/MYO, gilzy i nabijarki' | ex-A4 → B4 (no NIP, L1 research needed)",duży
,,,,,PL-A-XX-057,B4,Katalog profesjonalistów rolniczych - strona 2,PL,,,,,https://www.agriaffaires.pl,,,,,,,,hurtownik,Champ,Champ,mix,,🔴,B2B only,3,średni,,,,intake_PL_2026-08-10 | https://www.agriaffaires.pl/pros/list/2-francja_bretagne/a-dealer-dystrybutor.html,,🟡🔍 🔍,"orig_uzasadnienie: Zidentyfikowany dystrybutor/sprzedawca marki: ""Champ"" (nabijarka OR maszynka OR gilzy) hurtownia OR dystry | orig_uwagi: Weryfikacja: None | orig_next: Zweryfikować dane, produkty i status B2B przed kontaktem | user_orig_priorytet='C — weryfikacja i nurturing' | user_orig_score=80 | user_orig_segment='S1 — RYO/MYO, gilzy i nabijarki' | ex-A4 → B4 (no NIP, L1 research needed)",duży
,,,,,PL-A-XX-058,B4,"Champ-Richer szampon dla psów puszysta sierść, 250 ml",PL,,,,,https://www.drmax.pl,,,,,,,,hurtownik,Champ,Champ,mix,,🔴,B2B only,3,średni,,,,intake_PL_2026-08-10 | https://www.drmax.pl/champ-richer-champion-szampon-puszysta-siersc-250-ml,,🟡🔍 🔍,"orig_uzasadnienie: Zidentyfikowany dystrybutor/sprzedawca marki: ""Champ"" (nabijarka OR maszynka OR gilzy) hurtownia OR dystry | orig_uwagi: Weryfikacja: None | orig_next: Zweryfikować dane, produkty i status B2B przed kontaktem | user_orig_priorytet='C — weryfikacja i nurturing' | user_orig_score=80 | user_orig_segment='S1 — RYO/MYO, gilzy i nabijarki' | ex-A4 → B4 (no NIP, L1 research needed)",duży
,,,,,PL-A-XX-060,B4,Helikopter do skręcania z narzędziami,PL,Łódź,90-447 Łódź,,,https://korob.pl,,info@korob.plkorob.pl,,,,,,hurtownik,Champ,Champ,mix,,🔴,B2B only,3,średni,,,,intake_PL_2026-08-10 | https://korob.pl/product-pol-544515-Helikopter-do-skrecania-z-narzedziami.html,,🟡🔍 🔍,"orig_uzasadnienie: Zidentyfikowany dystrybutor/sprzedawca marki: ""Champ"" (nabijarka OR maszynka OR gilzy) hurtownia OR dystry | orig_uwagi: Weryfikacja: None | orig_next: Zweryfikować dane, produkty i status B2B przed kontaktem | user_orig_priorytet='C — weryfikacja i nurturing' | user_orig_score=80 | user_orig_segment='S1 — RYO/MYO, gilzy i nabijarki' | ex-A4 → B4 (no NIP, L1 research needed)",duży
,,,,,PL-A-XX-061,B4,Publiczność wybrała Inter-Vax,PL,Żnin,"ul. Dworcowa 29, 88-400 Żnin",,,https://www.inter-vax.pl,,autoserwis@inter-vax.pl,668 319 615,,,,,hurtownik,Champ,Champ,mix,,🔴,B2B only,3,średni,,,,intake_PL_2026-08-10 | https://www.inter-vax.pl/index.php/aktualnosci/266-publicznosc-wybrala-inter-vax.html,,🟡🔍 🔍,"orig_uzasadnienie: Zidentyfikowany dystrybutor/sprzedawca marki: ""Champ"" (nabijarka OR maszynka OR gilzy) hurtownia OR dystry | orig_uwagi: Weryfikacja: None | orig_next: Zweryfikować dane, produkty i status B2B przed kontaktem | user_orig_priorytet='C — weryfikacja i nurturing' | user_orig_score=80 | user_orig_segment='S1 — RYO/MYO, gilzy i nabijarki' | ex-A4 → B4 (no NIP, L1 research needed)",duży
,,,,,PL-A-XX-062,B4,Cennik,PL,Kraków,| Bank: BNP Paribas | Nr rachunku: 74 1750 1048 0000 0000 1373 6863 | Tales sp. z o.o. | ul. Półłanki 80 | 30-740 Kraków |,,,http://www.tales.pl,,,512-296-232,,,,,hurtownik,Champ,Champ,mix,,🔴,B2B only,3,średni,,,,intake_PL_2026-08-10 | http://www.tales.pl/cennik.html,,🟡🔍 🔍,"orig_uzasadnienie: Zidentyfikowany dystrybutor/sprzedawca marki: ""Champ"" (nabijarka OR maszynka OR gilzy) hurtownia OR dystry | orig_uwagi: Weryfikacja: None | orig_next: Zweryfikować dane, produkty i status B2B przed kontaktem | user_orig_priorytet='C — weryfikacja i nurturing' | user_orig_score=80 | user_orig_segment='S1 — RYO/MYO, gilzy i nabijarki' | ex-A4 → B4 (no NIP, L1 research needed)",duży
,,,,,PL-A-XX-065,B4,Andis Superliner model RT-1 angel maszynka trymer ...,PL,Międzyrzecz,Fryzomania Sp. z o.o. | 66-300 Międzyrzecz | Osiedle Centrum 3 | NIP 5961764356 | REGON 521830072 | KRS 0000968379,,,https://www.fryzomania.pl,,shop@fryzomania.pl,95 880 00 35,,,,,hurtownik,Angel,Angel,mix,,🔴,B2B only,3,średni,,,,intake_PL_2026-08-10 | https://www.fryzomania.pl/andis-superliner-model-rt-1-angel-maszynka-trymer-przewodowy-do-strzyzenia-wlosow.html?srsltid=AfmBOooXsEIXcF4Ey_CK_cJw-8FXOLWXbEH-ecynNJfzeqL3fwOYjI4C,,🟡🔍 🔍,"orig_uzasadnienie: Zidentyfikowany dystrybutor/sprzedawca marki: ""Angel"" (nabijarka OR maszynka OR gilzy) hurtownia OR dystry | orig_uwagi: Weryfikacja: None | orig_next: Zweryfikować dane, produkty i status B2B przed kontaktem | user_orig_priorytet='C — weryfikacja i nurturing' | user_orig_score=80 | user_orig_segment='S1 — RYO/MYO, gilzy i nabijarki' | ex-A4 → B4 (no NIP, L1 research needed)",duży
,,,,,PL-A-XX-066,B4,laparis-hurtownia.pl,PL,,| | | | | |,,,https://www.laparis-hurtownia.pl,,laparishurtownia@gmail.com,602184474,,,,,hurtownik,Angel,Angel,mix,,🔴,B2B only,3,średni,,,,intake_PL_2026-08-10 | https://www.laparis-hurtownia.pl/,,🟡🔍 🔍,"orig_uzasadnienie: Zidentyfikowany dystrybutor/sprzedawca marki: ""Angel"" (nabijarka OR maszynka OR gilzy) hurtownia OR dystry | orig_uwagi: Weryfikacja: None | orig_next: Zweryfikować dane, produkty i status B2B przed kontaktem | user_orig_priorytet='C — weryfikacja i nurturing' | user_orig_score=80 | user_orig_segment='S1 — RYO/MYO, gilzy i nabijarki' | ex-A4 → B4 (no NIP, L1 research needed)",duży
,,,,,PL-A-XX-067,B4,zestawienie urzadzen do karboksyterapii - biznes dla managera,PL,Warszawa,01-355 Warszawa,,,https://beinspiration.pl,,sklep@beinspiration.pl,609 110 800,,,,,hurtownik,Angel,Angel,mix,,🔴,B2B only,3,średni,,,,intake_PL_2026-08-10 | https://beinspiration.pl/zestawienie-urzadzen-do-karboksyterapii/,,🟡🔍 🔍,"orig_uzasadnienie: Zidentyfikowany dystrybutor/sprzedawca marki: ""Angel"" (nabijarka OR maszynka OR gilzy) hurtownia OR dystry | orig_uwagi: Weryfikacja: None | orig_next: Zweryfikować dane, produkty i status B2B przed kontaktem | user_orig_priorytet='C — weryfikacja i nurturing' | user_orig_score=80 | user_orig_segment='S1 — RYO/MYO, gilzy i nabijarki' | ex-A4 → B4 (no NIP, L1 research needed)",duży
,,,,,PL-A-XX-069,B4,"DYNAMIC, VIKING, FOREST GREEN, 30 ML",PL,Warszawa,04-188 Warszawa,,,https://arstattoo.pl,,realizacja@arstattoo.pl,+48 601 427 877,,,,,hurtownik,,,mix,,🔴,B2B only,3,średni,,,,"intake_PL_2026-08-10 | https://arstattoo.pl/dynamic-viking-forest-green-30-ml,3,14438,15123",,🔍 🔍,"orig_uzasadnienie: Zidentyfikowany dystrybutor/sprzedawca marki: ""Atomic"" (nabijarka OR maszynka OR gilzy) hurtownia OR dystr | orig_uwagi: Weryfikacja: None | orig_next: Zweryfikować dane, produkty i status B2B przed kontaktem | user_orig_priorytet='C — weryfikacja i nurturing' | user_orig_score=80 | user_orig_segment='S1 — RYO/MYO, gilzy i nabijarki' | ex-A4 → B4 (no NIP, L1 research needed)",duży
,,,,,PL-A-XX-070,B4,Amici Group: Sklep i Hurtownia Groomerska | Szkolenia ...,PL,Wrocław,53-234 Wrocław,,,https://amicigroup.pl,,szymongroomer@wp.pl,519 433 609,,,,,hurtownik,Korona,Korona,mix,,🔴,B2B only,3,średni,,,,intake_PL_2026-08-10 | https://amicigroup.pl/?srsltid=AfmBOoqXXQgMiT86CtxbQCGoEwnGT6561I52V9Iij7qyeOWuIWg-R02V,,🟡🔍 🔍,"orig_uzasadnienie: Zidentyfikowany dystrybutor/sprzedawca marki: ""Korona"" (nabijarka OR maszynka OR gilzy) hurtownia OR dystr | orig_uwagi: Weryfikacja: None | orig_next: Zweryfikować dane, produkty i status B2B przed kontaktem | user_orig_priorytet='C — weryfikacja i nurturing' | user_orig_score=80 | user_orig_segment='S1 — RYO/MYO, gilzy i nabijarki' | ex-A4 → B4 (no NIP, L1 research needed)",duży
,,,,,PL-A-XX-072,B4,"Kurjer Warszawski. R. 117, 1937, no 230 + dod. - CRISPA",PL,,,,,https://crispa.uw.edu.pl,,,,,,,,hurtownik,Matteo,Matteo,mix,,🔴,B2B only,3,średni,,,,intake_PL_2026-08-10 | https://crispa.uw.edu.pl/object/files/209536/display/JPEG,,🟡🔍 🔍,"orig_uzasadnienie: Zidentyfikowany dystrybutor/sprzedawca marki: ""Matteo"" (nabijarka OR maszynka OR gilzy) hurtownia OR dystr | orig_uwagi: Weryfikacja: None | orig_next: Zweryfikować dane, produkty i status B2B przed kontaktem | user_orig_priorytet='C — weryfikacja i nurturing' | user_orig_score=70 | user_orig_segment='S1 — RYO/MYO, gilzy i nabijarki' | ex-A4 → B4 (no NIP, L1 research needed)",duży
,,,,,PL-A-XX-073,B4,Biuletyn,PL,Warszawa,Kod pocztowy dla przesyłek kurierskich: 00-608 Warszawa,,,https://uprp.gov.pl,,centrum.kontaktowe@uprp.gov.plcontact.center,22 579 05 55,,,,,hurtownik,Matteo,Matteo,mix,,🔴,B2B only,3,średni,,,,intake_PL_2026-08-10 | https://uprp.gov.pl/sites/default/files/bup/2026/Znaki%20towarowe/03_9-13/zt09_2026.pdf,,🟡🔍 🔍,"orig_uzasadnienie: Zidentyfikowany dystrybutor/sprzedawca marki: ""Matteo"" (nabijarka OR maszynka OR gilzy) hurtownia OR dystr | orig_uwagi: Weryfikacja: None | orig_next: Zweryfikować dane, produkty i status B2B przed kontaktem | user_orig_priorytet='C — weryfikacja i nurturing' | user_orig_score=70 | user_orig_segment='S1 — RYO/MYO, gilzy i nabijarki' | ex-A4 → B4 (no NIP, L1 research needed)",duży
,,,,,PL-A-XX-074,B4,Winston,PL,,,,,https://przykasowe.pl,,przykasowe@interia.pl,720808444,,,,,hurtownik,Matteo,Matteo,mix,,🔴,B2B only,3,średni,,,,intake_PL_2026-08-10 | https://przykasowe.pl/374-winston,,🟡🔍 🔍,"orig_uzasadnienie: Zidentyfikowany dystrybutor/sprzedawca marki: ""Matteo"" (nabijarka OR maszynka OR gilzy) hurtownia OR dystr | orig_uwagi: Weryfikacja: None | orig_next: Zweryfikować dane, produkty i status B2B przed kontaktem | user_orig_priorytet='C — weryfikacja i nurturing' | user_orig_score=70 | user_orig_segment='S1 — RYO/MYO, gilzy i nabijarki' | ex-A4 → B4 (no NIP, L1 research needed)",duży
,,,,,PL-A-XX-076,B4,tu nie ma błędów.,PL,,,,,https://mieso.com.pl,,rzeznik@mieso.com.plk,794 250 794,,,,,hurtownik,Matteo,Matteo,mix,,🔴,B2B only,3,średni,,,,intake_PL_2026-08-10 | https://mieso.com.pl/pliki/wydania_internetowe/2026/322.pdf,,🟡🔍 🔍,"orig_uzasadnienie: Zidentyfikowany dystrybutor/sprzedawca marki: ""Matteo"" (nabijarka OR maszynka OR gilzy) hurtownia OR dystr | orig_uwagi: Weryfikacja: None | orig_next: Zweryfikować dane, produkty i status B2B przed kontaktem | user_orig_priorytet='C — weryfikacja i nurturing' | user_orig_score=70 | user_orig_segment='S1 — RYO/MYO, gilzy i nabijarki' | ex-A4 → B4 (no NIP, L1 research needed)",duży
,,,,,PL-A-XX-077,B4,ZYCIE BYTOMSKIE,PL,,,,,https://sbc.org.pl,,,,,,,,hurtownik,Matteo,Matteo,mix,,🔴,B2B only,3,średni,,,,intake_PL_2026-08-10 | https://sbc.org.pl/Content/290533/iv219997-2005-48-0001.pdf,,🟡🔍 🔍,"orig_uzasadnienie: Zidentyfikowany dystrybutor/sprzedawca marki: ""Matteo"" (nabijarka OR maszynka OR gilzy) hurtownia OR dystr | orig_uwagi: Weryfikacja: None | orig_next: Zweryfikować dane, produkty i status B2B przed kontaktem | user_orig_priorytet='C — weryfikacja i nurturing' | user_orig_score=70 | user_orig_segment='S1 — RYO/MYO, gilzy i nabijarki' | ex-A4 → B4 (no NIP, L1 research needed)",duży
,,,,,PL-A-XX-078,B4,Sigma 24-35 mm f/2.0 DG HSM,PL,mm f/2-2.8 DI III VXD Sony E,Obiektyw Tamron 35-150 mm f/2-2.8 DI III VXD Sony E,,,https://www.optyczne.pl,,,,,,,,hurtownik,Zorr,Zorr,mix,,🔴,B2B only,3,średni,,,,intake_PL_2026-08-10 | https://www.optyczne.pl/8497-news-Sigma_24-35_mm_f_2.0_DG_HSM.html,,🟡🔍 🔍,"orig_uzasadnienie: Zidentyfikowany dystrybutor/sprzedawca marki: ""Zorr"" (nabijarka OR maszynka OR gilzy) hurtownia OR dystryb | orig_uwagi: Weryfikacja: None | orig_next: Zweryfikować dane, produkty i status B2B przed kontaktem | user_orig_priorytet='C — weryfikacja i nurturing' | user_orig_score=80 | user_orig_segment='S1 — RYO/MYO, gilzy i nabijarki' | ex-A4 → B4 (no NIP, L1 research needed)",duży
,,,,,PL-A-XX-079,B4,PIAP_Niezbednik_Marketera_20...,PL,,,,,https://piap-org.pl,,,,,,,,hurtownik,Zorr,Zorr,mix,,🔴,B2B only,3,średni,,,,intake_PL_2026-08-10 | https://piap-org.pl/media/publications/files/PIAP_Niezbednik_Marketera_2023.pdf,,🟡🔍 🔍,"orig_uzasadnienie: Zidentyfikowany dystrybutor/sprzedawca marki: ""Zorr"" (nabijarka OR maszynka OR gilzy) hurtownia OR dystryb | orig_uwagi: Weryfikacja: None | orig_next: Zweryfikować dane, produkty i status B2B przed kontaktem | user_orig_priorytet='C — weryfikacja i nurturing' | user_orig_score=80 | user_orig_segment='S1 — RYO/MYO, gilzy i nabijarki' | ex-A4 → B4 (no NIP, L1 research needed)",duży
,,,,,PL-A-XX-080,B4,Posiedzenie Bady Naczelnej PSL,PL,Warszawa,00-950 Warszawa,,,http://mbc.cyfrowemazowsze.pl,,mbc@koszykowa.pl,22 537 40 92,,,,,hurtownik,Zorr,Zorr,mix,,🔴,B2B only,3,średni,,,,intake_PL_2026-08-10 | http://mbc.cyfrowemazowsze.pl/Content/60341/00062800%20-%20Gazeta%20Ludowa%201946%20nr%20232%20-%20P10125%20-%20Kopia.pdf,,🟡🔍 🔍,"orig_uzasadnienie: Zidentyfikowany dystrybutor/sprzedawca marki: ""Zorr"" (nabijarka OR maszynka OR gilzy) hurtownia OR dystryb | orig_uwagi: Weryfikacja: None | orig_next: Zweryfikować dane, produkty i status B2B przed kontaktem | user_orig_priorytet='C — weryfikacja i nurturing' | user_orig_score=80 | user_orig_segment='S1 — RYO/MYO, gilzy i nabijarki' | ex-A4 → B4 (no NIP, L1 research needed)",duży
,,,,,PL-A-XX-081,B4,GSL P 31737 IV,PL,,,,,https://bibliotekacyfrowa.pl,,,,,,,,hurtownik,Zorr,Zorr,mix,,🔴,B2B only,3,średni,,,,intake_PL_2026-08-10 | https://bibliotekacyfrowa.pl/Content/15766/PDF/document.pdf,,🟡🔍 🔍,"orig_uzasadnienie: Zidentyfikowany dystrybutor/sprzedawca marki: ""Zorr"" (nabijarka OR maszynka OR gilzy) hurtownia OR dystryb | orig_uwagi: Weryfikacja: None | orig_next: Zweryfikować dane, produkty i status B2B przed kontaktem | user_orig_priorytet='C — weryfikacja i nurturing' | user_orig_score=80 | user_orig_segment='S1 — RYO/MYO, gilzy i nabijarki' | ex-A4 → B4 (no NIP, L1 research needed)",duży
,,,,,PL-A-XX-082,B4,Wojna wybuchnie m >dzień!,PL,Toruń,"Biblioteka Uniwersytecka w Toruniu | ul. Gagarina 13, 87-100 Toruń, POLSKA | 87-100 Toruń",,,http://kpbc.umk.pl,,kpbc@umk.pl,56 611 2213,,,,,hurtownik,Zorr,Zorr,mix,,🔴,B2B only,3,średni,,,,intake_PL_2026-08-10 | http://kpbc.umk.pl/Content/210760/PDF/Czasopisma_POPC_009_209_nr_225_HD_009.pdf,,🟡🔍 🔍,"orig_uzasadnienie: Zidentyfikowany dystrybutor/sprzedawca marki: ""Zorr"" (nabijarka OR maszynka OR gilzy) hurtownia OR dystryb | orig_uwagi: Weryfikacja: None | orig_next: Zweryfikować dane, produkty i status B2B przed kontaktem | user_orig_priorytet='C — weryfikacja i nurturing' | user_orig_score=80 | user_orig_segment='S1 — RYO/MYO, gilzy i nabijarki' | ex-A4 → B4 (no NIP, L1 research needed)",duży
,,,,,PL-A-XX-083,B4,Informacja Prasowa Naczelnej Rady Odbudowy Warszawy ...,PL,Warsaw,| Main Library | of Warsaw University of Technology | pl. Politechniki 1 | 00-661 Warsaw,,,http://bcpw.bg.pw.edu.pl,,cyfr.bg@pw.edu.pl,,,,,,hurtownik,Zorr,Zorr,mix,,🔴,B2B only,3,średni,,,,intake_PL_2026-08-10 | http://bcpw.bg.pw.edu.pl/Content/8316/ip46.pdf,,🟡🔍 🔍,"orig_uzasadnienie: Zidentyfikowany dystrybutor/sprzedawca marki: ""Zorr"" (nabijarka OR maszynka OR gilzy) hurtownia OR dystryb | orig_uwagi: Weryfikacja: None | orig_next: Zweryfikować dane, produkty i status B2B przed kontaktem | user_orig_priorytet='C — weryfikacja i nurturing' | user_orig_score=80 | user_orig_segment='S1 — RYO/MYO, gilzy i nabijarki' | ex-A4 → B4 (no NIP, L1 research needed)",duży
,,,,,PL-A-XX-084,B4,www.cbw.pl,PL,,,,,https://zbrojownia.cbw.wp.mil.pl,,,,,,,,hurtownik,Zorr,Zorr,mix,,🔴,B2B only,3,średni,,,,intake_PL_2026-08-10 | https://zbrojownia.cbw.wp.mil.pl/Content/5059/04096_INW_380_1939_NR_12.pdf?handler=pdf,,🟡🔍 🔍,"orig_uzasadnienie: Zidentyfikowany dystrybutor/sprzedawca marki: ""Zorr"" (nabijarka OR maszynka OR gilzy) hurtownia OR dystryb | orig_uwagi: Weryfikacja: None | orig_next: Zweryfikować dane, produkty i status B2B przed kontaktem | user_orig_priorytet='C — weryfikacja i nurturing' | user_orig_score=80 | user_orig_segment='S1 — RYO/MYO, gilzy i nabijarki' | ex-A4 → B4 (no NIP, L1 research needed)",duży
,,,,,PL-A-XX-085,B4,Untitled - Kielce,PL,Kielce,"Witold Gombrowicz | Provincial Public Library | Ściegiennego 13 st. | 25-033 Kielce, Poland",,,http://sbc.wbp.kielce.pl,,sbc@wbp.kielce.pl,,,,,,hurtownik,Zorr,Zorr,mix,,🔴,B2B only,3,średni,,,,intake_PL_2026-08-10 | http://sbc.wbp.kielce.pl/Content/14581/PDF/S%C5%82owo%20Ludu%201977%20nr%20197.pdf,,🟡🔍 🔍,"orig_uzasadnienie: Zidentyfikowany dystrybutor/sprzedawca marki: ""Zorr"" (nabijarka OR maszynka OR gilzy) hurtownia OR dystryb | orig_uwagi: Weryfikacja: None | orig_next: Zweryfikować dane, produkty i status B2B przed kontaktem | user_orig_priorytet='C — weryfikacja i nurturing' | user_orig_score=80 | user_orig_segment='S1 — RYO/MYO, gilzy i nabijarki' | ex-A4 → B4 (no NIP, L1 research needed)",duży
,,,,,PL-A-XX-086,B4,JUBILEUSZOWY -60 STRON.,PL,Łódź,| Biblioteka Cyfrowa | Regionalia Ziemi Łódzkiej | przy Wojewódzkiej Bibliotece Publicznej w Łodzi | ul. Gdańska 100/102 | 90-508 Łódź,,,http://bc.wbp.lodz.pl,,kontakt@wbp.lodz.pl,42 663 03 36,,,,,hurtownik,Zorr,Zorr,mix,,🔴,B2B only,3,średni,,,,intake_PL_2026-08-10 | http://bc.wbp.lodz.pl/Content/26922/IlustrowanaRepublika1933Nr349.pdf,,🟡🔍 🔍,"orig_uzasadnienie: Zidentyfikowany dystrybutor/sprzedawca marki: ""Zorr"" (nabijarka OR maszynka OR gilzy) hurtownia OR dystryb | orig_uwagi: Weryfikacja: None | orig_next: Zweryfikować dane, produkty i status B2B przed kontaktem | user_orig_priorytet='C — weryfikacja i nurturing' | user_orig_score=80 | user_orig_segment='S1 — RYO/MYO, gilzy i nabijarki' | ex-A4 → B4 (no NIP, L1 research needed)",duży
,,,,,PL-A-XX-087,B4,Z miliony Niemcu® ® stanie oskarżenia,PL,Warszawa,00-950 Warszawa,,,http://cyfrowemazowsze.pl,,mbc@koszykowa.pl,22 537 40 92,,,,,hurtownik,Zorr,Zorr,mix,,🔴,B2B only,3,średni,,,,intake_PL_2026-08-10 | http://cyfrowemazowsze.pl/Content/59736/PDF/00062643%20-%20%C5%BBycie%20Warszawy%201946%20nr%2060%20-%20P10019.pdf,,🟡🔍 🔍,"orig_uzasadnienie: Zidentyfikowany dystrybutor/sprzedawca marki: ""Zorr"" (nabijarka OR maszynka OR gilzy) hurtownia OR dystryb | orig_uwagi: Weryfikacja: None | orig_next: Zweryfikować dane, produkty i status B2B przed kontaktem | user_orig_priorytet='C — weryfikacja i nurturing' | user_orig_score=80 | user_orig_segment='S1 — RYO/MYO, gilzy i nabijarki' | ex-A4 → B4 (no NIP, L1 research needed)",duży
,,,,,PL-A-XX-088,B4,Zobacz temat - Test obiektywu Sony Carl Zeiss Vario Sonnar 24-70 ...,PL,,,,,https://forum.optyczne.pl,,,"455
124081",,,,,hurtownik,Zorr,Zorr,mix,,🔴,B2B only,3,średni,,,,intake_PL_2026-08-10 | https://forum.optyczne.pl/printview.php?t=2266&start=0&sid=d85183612f45cd9f8df79e5d8443b499,,🟡🔍 🔍,"orig_uzasadnienie: Zidentyfikowany dystrybutor/sprzedawca marki: ""Zorr"" (nabijarka OR maszynka OR gilzy) hurtownia OR dystryb | orig_uwagi: Weryfikacja: None | orig_next: Zweryfikować dane, produkty i status B2B przed kontaktem | user_orig_priorytet='C — weryfikacja i nurturing' | user_orig_score=80 | user_orig_segment='S1 — RYO/MYO, gilzy i nabijarki' | ex-A4 → B4 (no NIP, L1 research needed)",duży
,,,,,PL-A-XX-089,B4,iFi Audio ZEN DAC 3 i ZEN Phono 3 ⸜ inauguracja ...,PL,,,,,https://highfidelitynews.pl,,marek.dyba@highfidelity.pl,,,,,,hurtownik,Zen,Zen,mix,,🔴,B2B only,3,średni,,,,intake_PL_2026-08-10 | https://highfidelitynews.pl/ifi-audio-zen-dac-3-zen-phono-3-premiera/,,🟡🔍 🔍,"orig_uzasadnienie: Zidentyfikowany dystrybutor/sprzedawca marki: ""Zen"" (nabijarka OR maszynka OR gilzy) hurtownia OR dystrybu | orig_uwagi: Weryfikacja: None | orig_next: Zweryfikować dane, produkty i status B2B przed kontaktem | user_orig_priorytet='C — weryfikacja i nurturing' | user_orig_score=80 | user_orig_segment='S1 — RYO/MYO, gilzy i nabijarki' | ex-A4 → B4 (no NIP, L1 research needed)",duży
,,,,,PL-A-XX-090,B4,Firma Handlowa Hurtownia Wielobranżowa KŁOS Beata Kunna,PL,,,,,https://oneplace.marketplanet.pl,,,,,,,,hurtownik,Zen,Zen,mix,,🔴,B2B only,3,średni,,,,intake_PL_2026-08-10 | https://oneplace.marketplanet.pl/baza-firm/-/bc/company/23224/firma-handlowa-hurtownia-wielobranzowa-k-os-beata-kunna,,🟡🔍 🔍,"orig_uzasadnienie: Zidentyfikowany dystrybutor/sprzedawca marki: ""Zen"" (nabijarka OR maszynka OR gilzy) hurtownia OR dystrybu | orig_uwagi: Weryfikacja: None | orig_next: Zweryfikować dane, produkty i status B2B przed kontaktem | user_orig_priorytet='C — weryfikacja i nurturing' | user_orig_score=80 | user_orig_segment='S1 — RYO/MYO, gilzy i nabijarki' | ex-A4 → B4 (no NIP, L1 research needed)",duży
,,,,,PL-A-XX-091,B4,Poznaj markę TEAZEN,PL,,,,,https://www.teazen.pl,,,,,,,,hurtownik,Zen,Zen,mix,,🔴,B2B only,3,średni,,,,intake_PL_2026-08-10 | https://www.teazen.pl/historia-teazen,,🟡🔍 🔍,"orig_uzasadnienie: Zidentyfikowany dystrybutor/sprzedawca marki: ""Zen"" (nabijarka OR maszynka OR gilzy) hurtownia OR dystrybu | orig_uwagi: Weryfikacja: None | orig_next: Zweryfikować dane, produkty i status B2B przed kontaktem | user_orig_priorytet='C — weryfikacja i nurturing' | user_orig_score=80 | user_orig_segment='S1 — RYO/MYO, gilzy i nabijarki' | ex-A4 → B4 (no NIP, L1 research needed)",duży
,,,,,PL-A-XX-092,B4,nowości w AGD 3dAGD,PL,Rybnik,"ul. Św. Józefa 24c, 44-217 Rybnik",,,https://hurtownia-qwerty.pl,,biuro@hurtownia-qwerty.pl,603 152 145,,,,,hurtownik,Premier,Premier,mix,,🔴,B2B only,3,średni,,,,intake_PL_2026-08-10 | https://hurtownia-qwerty.pl/pl/n/tag/nowosci-w-agd,,🟡🔍 🔍,"orig_uzasadnienie: Zidentyfikowany dystrybutor/sprzedawca marki: ""Premier"" (nabijarka OR maszynka OR gilzy) hurtownia OR dyst | orig_uwagi: Weryfikacja: None | orig_next: Zweryfikować dane, produkty i status B2B przed kontaktem | user_orig_priorytet='C — weryfikacja i nurturing' | user_orig_score=80 | user_orig_segment='S1 — RYO/MYO, gilzy i nabijarki' | ex-A4 → B4 (no NIP, L1 research needed)",duży
,,,,,PL-A-XX-095,B4,"""Mam dość tego"". Obwinia Putina i Trumpa",PL,,,,,https://tvn24.pl,,,,,,,,hurtownik,Premier,Premier,mix,,🔴,B2B only,3,średni,,,,intake_PL_2026-08-10 | https://tvn24.pl/swiat/premier-wielkiej-brytanii-keir-starmer-mam-dosc-obwinia-donalda-trumpa-i-wladimira-putina-st8992287,,🟡🔍 🔍,"orig_uzasadnienie: Zidentyfikowany dystrybutor/sprzedawca marki: ""Premier"" (nabijarka OR maszynka OR gilzy) hurtownia OR dyst | orig_uwagi: Weryfikacja: None | orig_next: Zweryfikować dane, produkty i status B2B przed kontaktem | user_orig_priorytet='C — weryfikacja i nurturing' | user_orig_score=80 | user_orig_segment='S1 — RYO/MYO, gilzy i nabijarki' | ex-A4 → B4 (no NIP, L1 research needed)",duży
,,,,,PL-A-XX-096,B4,"Premier: wejdziemy do koalicji, jeśli będzie oferta polskich ...",PL,Myślenice,MILMAG sp. z o.o. | ul. Sikorskiego 22/2 | 32-400 Myślenice,,,https://milmag.pl,,,+48 693 537 533,,,,,hurtownik,Premier,Premier,mix,,🔴,B2B only,3,średni,,,,intake_PL_2026-08-10 | https://milmag.pl/premier-wejdziemy-do-koalicji-jesli-bedzie-oferta-polskich-firm-niewiadow-polska-grupa-militarna-jestesmy-gotowi/,,🟡🔍 🔍,"orig_uzasadnienie: Zidentyfikowany dystrybutor/sprzedawca marki: ""Premier"" (nabijarka OR maszynka OR gilzy) hurtownia OR dyst | orig_uwagi: Weryfikacja: None | orig_next: Zweryfikować dane, produkty i status B2B przed kontaktem | user_orig_priorytet='C — weryfikacja i nurturing' | user_orig_score=80 | user_orig_segment='S1 — RYO/MYO, gilzy i nabijarki' | ex-A4 → B4 (no NIP, L1 research needed)",duży
,Ogólnopolska,,,,PL-A-XX-005,B4,PRODAP,PL,,,,,https://prodap.pl,,,,,,,,producent,PowerMatic,,mix,średni,🟢,B2B only,1,niski,,,,intake_PL_2026-08-10 | https://prodap.pl,,🔍 🔍⚠️ 🔧,"orig_uzasadnienie: Bezpośrednie dopasowanie do ryo/myo, gilz lub nabijarek; zasięg ponadregionalny. | orig_uwagi: Major dedicated distributor specifically for Powermatic injectors and replacement parts. | orig_next: E-mail handlowy + telefon follow-up w ciągu 48 godzin | user_orig_priorytet='A2 — kontakt w 7 dni' | user_orig_score=81 | user_orig_segment='S1 — RYO/MYO, gilzy i nabijarki' | A1 candidate NO-NIP — needs L1 research before merge | ex-A1 → B4 (PRODAP = maszyny rolnicze, NOT tobacco)",duży
MZ,mazowieckie,województwo,,,PL-A-MZ-004,B4,"Handel Hurtowy i Detaliczny, Beata Czyż w Radom",PL,Radom,,,,38250-pl.all.biz,,,+48 504 08-33-60,,,,,detalista,"PowerMatic, Dark Horse, OCB",Dark Horse,mix,średni,🟢,B2B only,3,średni,,,,intake_PL_2026-08-10 | 38250-pl.all.biz,,🟡🔍 🔍⚠️ 🔧,"orig_uzasadnienie: Bezpośrednie dopasowanie do ryo/myo, gilz lub nabijarek. | orig_uwagi: Model: Detalista-Z-Hurtem. Asortyment: Gilzy papierosowe (Mr Tobacco, DREK, Dark Horse), nabijarki do gilz (Powermatic 1, Powermatic 2, OCB Mikromatic Duo), akcesoria dla palaczy. Info: Powermatic 1, Powermatic 2, OCB Mikromatic Duo | Status źródłowy: Aktywny | orig_next: E-mail handlowy + telefon follow-up w ciągu 48 godzin | user_orig_priorytet='A2 — kontakt w 7 dni' | user_orig_score=80 | user_orig_segment='S1 — RYO/MYO, gilzy i nabijarki' | A1 candidate NO-NIP — needs L1 research before merge | ex-A1 → B4 (JDG, all.biz listing)",duży
,Nieustalony,,,,PL-A-XX-014,B4,Ubuy,PL,,Poland (Domain),,,https://www.ubuy.com.pl,,,,,,,,marketplace,PowerMatic,,mix,,🔴,,2,średni,,,,intake_PL_2026-08-10 | https://www.ubuy.com.pl,,🔍 🔍⚠️ 🔧,"orig_uzasadnienie: Bezpośrednie dopasowanie do ryo/myo, gilz lub nabijarek. | orig_uwagi: Status źródłowy: Aktywny | orig_next: Dodać do kampanii regionalnej i wykonać follow-up telefoniczny | user_orig_priorytet='B — kampania regionalna' | user_orig_score=66 | user_orig_segment='S1 — RYO/MYO, gilzy i nabijarki' | A1 candidate NO-NIP — needs L1 research before merge | ex-A1 → B4 (ubuy.com.pl = e-commerce platform)",duży
,Ogólnopolska,,,,PL-A-XX-019,B4,Allegro: konopny_sklep,PL,,,,,https://allegro.pl/uzytkownik/konopny_sklep,,,,,,,,marketplace,"PowerMatic, OCB",,mix,,🔴,,2,średni,,,,intake_PL_2026-08-10 | https://allegro.pl/uzytkownik/konopny_sklep,,🔍 🔍⚠️ 🔧,"orig_uzasadnienie: Bezpośrednie dopasowanie do ryo/myo, gilz lub nabijarek; zasięg ponadregionalny. | orig_uwagi: Sprzedaje OCB Mikromatic oraz Powermatic Mini. | Status źródłowy: Niezweryfikowany | orig_next: Dodać do kampanii regionalnej i wykonać follow-up telefoniczny | user_orig_priorytet='B — kampania regionalna' | user_orig_score=65 | user_orig_segment='S1 — RYO/MYO, gilzy i nabijarki' | A1 candidate NO-NIP — needs L1 research before merge | ex-A1 → B4 (Allegro seller)",duży
