kraj,id,nazwa,miasto,adres,www,www_status,wolumen,confidence_wolumen,rejestr_id,nip_vat,rok_zalozenia,tier,marki_nabijarki,marka_wlasna_oem,powinowactwo_nabijarki,kategoria,rynek_skala,cross_sell_potential,kanal_sprzedaży,kanal_zamiennik,decydent,stanowisko,email_decydent,email,telefon,notatki,linkedin,facebook,instagram,tiktok,data_weryfikacji,sourcing,zrodlo_danych,flagi,related_to
PL,PL-A-001,BILLS SPÓŁKA Z OGRANICZONĄ ODPOWIEDZIALNOŚCIĄ,Ostrzeszów,"ul. Ignacego Daszyńskiego 31, 63-500 Ostrzeszów, Polska",https://bills.pl,green|200|98ms,duży,Jest NIP,KRS 0001074645,PL5140361901,2023,autoryzowany,PowerMatic | Hawk,Hawk,,A1,duży,,Oficjalny dystrybutor / Hub B2B / Serwis,,Marceli,Właściciel / Prezes Zarządu,marceli@bills.pl,serwis@bills.pl,+48 62 730 00 00,Główny podmiot operacyjny i właściciel projektu BILLSzuka. Oficjalny importer i dystrybutor maszynek PowerMatic oraz marki Hawk w Polsce i Europie Środkowo-Wschodniej. Hub magazynowo-serwisowy w Ostrzeszowie.,,,,,2026-09-03,import + dystrybucja,KRS API 0001074645 + bills.pl (Profil własny / Operator),"Verified, FROZEN",
PL,PL-A-002,"PRIMA-TECH JERZY ROTT, SANDRA ROTT S.C.",Kolonia Poczesna,"ul. Górna 2A, 42-262 Kolonia Poczesna",https://www.nabijarka.pl,green|200|538ms,średni,Jest NIP,REGON 240040924,PL9491922250,2005,reseller,nabijarka.pl (nabijarki tłokowe i sprężynowe),tak,,A4,średni,,e-commerce B2B/B2C + serwis,,Jerzy Rott + Sandra Rott,wspólnicy s.c.,,biuro@prima-tech.pl,+48 34 328 51 48,"Właściciel serwisów nabijarka.pl oraz primarket.pl. Dystrybutor nabijarek, części zamiennych i punkt serwisowy nabijarek tłokowych. Dedykowany numer serwisu: +48 884 606 604.",,,,,2026-09-03,import + dystrybucja,CEIDG / REGON 240040924 + nabijarka.pl / primarket.pl,"Verified, FROZEN, BILLS-LIKE",
PL,PL-A-003,TREZO SPÓŁKA Z OGRANICZONĄ ODPOWIEDZIALNOŚCIĄ,Sosnowiec,"ul. Główna 26, 41-215 Sosnowiec",https://trezo.com.pl,green|200|1346ms,duży,Jest NIP,KRS 0000554050,PL6443510536,2015,producent,TREZO (maszyny i nabijarki do gilz),tak,,A5,duży,,B2B direct + serwis maszyn,,Andrzej Kudła,Prezes Zarządu,,sklep@trezo.com.pl,+48 32 269 20 10,Producent i dystrybutor maszyn do obróbki tytoniu oraz nabijarek do gilz. Dział serwisu urządzeń i części zamiennych: +48 514 281 573. Eksport maszyn do UE.,,,,,2026-09-03,produkcja,KRS API 0000554050 + trezo.com.pl,"Verified, FROZEN, BILLS-LIKE",
PL,PL-A-004,DON MARCO INTERNATIONAL SPÓŁKA Z OGRANICZONĄ ODPOWIEDZIALNOŚCIĄ,Gdańsk,"ul. Jodłowa 20, 80-633 Gdańsk",https://donmarco.pl,green|200|308ms,duży,Jest NIP,KRS 0000289524,PL5833000423,2007,hurtownik,zwijarki i nabijarki do tytoniu,nie,,A6,duży,,B2B wholesale,,Marek Papuga,Prezes Zarządu,,donmarco@donmarco.pl,+48 58 349 55 55,"Ogólnokrajowy dystrybutor i importer akcesoriów dla palaczy w Polsce: zwijarki, nabijarki do tytoniu, zapalniczki, bibułki. Centrum logistyczno-magazynowe: ul. Budowlanych 15A, Gdańsk.",,,,,2026-09-03,import + dystrybucja,KRS API 0000289524 + donmarco.pl,"Verified, FROZEN",
PL,PL-A-005,P.W. KENTDRUK Zbigniew Sroczyński,Kęty,"ul. Marii Konopnickiej 6, 32-650 Kęty",https://kentdruk.pl,red|ssl,duży,Jest NIP,REGON 070440306,PL5490000925,1993,producent,nabijarki ręczne i tłokowe,tak,,A6,duży,,B2B wholesale,,Zbigniew Sroczyński,właściciel (JDG),,biuro@kentdruk.pl,+48 33 845 30 10,"Producent gilz papierosowych marek GoldenTube, MCT oraz dystrybutor nabijarek i akcesoriów do tytoniu. Hurtownia i eksport.",,,,,2026-09-03,produkcja,CEIDG NIP 5490000925 + VIES confirmed 2026-09-03 + kentdruk.pl,"Verified, FROZEN",
PL,PL-B-001,CK COMPLEX SPÓŁKA Z OGRANICZONA ODPOWIEDZIALNOŚCIĄ,Zielona Góra,"ul. Naftowa 4, 65-705",https://ckcomplex.pl,green|200|672ms,duży,Jest NIP,KRS 0000237218,PL9291744080,2005,reseller,,,3,B6,duży,średni,,brak,Paweł Szymański,Prezes Zarządu,,info@ckcomplex.pl,+48 68 452 12 30,Sieć 100+ sklepów vape. Dystrybutor SMOK/VooPoo/Aspire/Vaporesso. Kapitał 50k PLN. Rejestracja 2005. PKD 4690Z (hurt niewyspecjalizowana). Kandydat cross-sell jeśli któryś z jego sklepów chce rozszerzyć o asortyment | cf detail: hurtownia + sieć 100+ sklepów własnych,https://www.linkedin.com/company/ck-complex-sp.-z-o.o.,https://facebook.com/CKComplex,https://instagram.com/ckcomplexspzoo,,2026-08-10,Chiny (import),KRS API + web search + VIES | VIES confirmed 2026-08-11T00:19:10.115Z | KRS API 0000237218 (partial),2026-09-03 ✅ FROZEN (API),
PL,PL-B-002,F.H.U. ALPIK RYSZARD TRZCIŃSKI,Szczecin,"ul. Bolesława Krzywoustego 51, 70-317",https://bongogo.pl,green|200|411ms,mały,www bez NIP,JDG (CEIDG),PL9551541914,,detalista,nie,nie,5,B4,duży,brak,,Allegro shop,Ryszard Trzciński,właściciel,,kontakt@bongogo.pl,+48 601 779 697,"Brand BongGo.pl = F.H.U. ALPIK. Sklep stacjonarny w Szczecinie, panel hurtowy dla firm. Powiązany z bongosklep.firmy.net. Weryfikacja czy importuje maszynki - prawdopodobnie tak (panel hurtowy sugeruje) ⚠️ DO-WERYFIKACJI | cf detail: sklep stacjonarny + hurtownia | Brand/Web: BongoGo.pl | Profil: brand: BongoGo.pl",brak,https://facebook.com/BongoGoPL,https://instagram.com/bongogo,,2026-08-10,do weryfikacji,CEIDG API + web search + VIES | VIES confirmed 2026-08-11T00:19:13.918Z | ceidg api + web search,2026-09-03 ✅ FROZEN (API),
PL,PL-B-003,GABIMIX KRZYSZTOF JASZCZAK,Konstantynów Łódzki,"pl. Kościuszki 20, 95-050",https://www.dopalenia.pl,green|200|352ms,mały,www bez NIP,JDG (CEIDG),PL7311693836,,detalista,nie,nie,5,B4,duży,wysoki,,Allegro shop,Krzysztof Jaszczak,właściciel,,sklep@dopalenia.pl,+48 665 852 033,Brand Dopalenia.pl = Gabimix. Strona + hurtownia. Prawdopodobnie sprzedaje maszynki (typowy asortyment sklepu tytoniowego). Status AKTYWNY w CEIDG. Kandydat cross-sell ⚠️ DO-WERYFIKACJI | cf detail: sklep + hurtownia,brak,https://facebook.com/dopalenia,brak,,2026-08-10,do weryfikacji,KRS API / CEIDG API + web search 2026-08-10 | VIES confirmed 2026-08-11T00:19:02.088Z | ceidg + web search,2026-09-03 ✅ FROZEN (API),
PL,PL-B-004,CASISS KRZYSZTOF RZESZOWSKI SPÓŁKA JAWNA,Wrocław,"ul. Bolesława Krzywoustego 300, 51-312 Wrocław",,,średni,Jest NIP,KRS 0000061705,PL8940050162,,hurtownik,nie,nie,5,B8,duży,wysoki,,pkt.pl,Rzeszowski,Członek Zarządu,,,+48 71 336 23 94,"hurtownia tytoniowa (KRS 0000061705). Marki: nie. Kanał: 5, tier: hurtownik | wolumen detail: sieć 6+ lokalizacji | cf detail: hurtownia + 6+ sklepów: Wrocław (Kościuszki 180, Żegiestowska 5, Krzywoustego 300 x2), Wałbrzych (Wrocławska 130, partner: kdwt.com.pl) | tel cleanup 2026-08-31: telefony dodatkowe: 71 345 67 74, 74 840 83 33, fax 71 367 23 94",brak,brak,brak,,2026-08-10,brak,KRS API / CEIDG API + web search 2026-08-17 | panoramafirm + pkt.pl (2 niezależne źródła),2026-09-03 ✅ FROZEN (API),
PL,PL-B-005,POLSKA GRUPA TYTONIOWA SPÓŁKA Z OGRANICZONĄ ODPOWIEDZIALNOŚCIĄ,Wierzbnica (pow. myśliborski),"Wierzbnica 63A, 74-300 Myślibórz",http://polskagt.pl,red|403,duży,Jest NIP,KRS 0000396744,PL4980260426,2011,hurtownik,nie,nie,5,B8,duży,wysoki,,biuro oddziałów,wspólnicy (równe udziały),PREZES ZARZĄDU,biuro@polskagt.pl,biuro@polskagt.pl,+48 502 399 832,"hurtownia tytoniowa (KRS 0000396744). Marki: nie; Polska (dystrybucja od 2002). Kanał: 5, tier: hurtownik | Wspólnicy: Robert Biela (33% udziałów) + Barbara Urcus-Wargocka (33%) + Robert Rutkowski (33%). | cf detail: hurtownia ogólnopolska + biuro Piekary Śląskie (Bytomska 359)",brak,https://facebook.com/polskagtpl,https://instagram.com/polskagt_pl,,2026-08-10,Polska (dystrybucja od 2002),KRS API / CEIDG API + web search 2026-08-10 | VIES confirmed 2026-08-11T00:18:52.103Z | KRS API 0000396744,2026-09-03 ✅ FROZEN (API),
PL,PL-B-006,DRV DISTRIBUTION Sp. z o.o.,Lubartów,Lubartów (dokładny adres do weryfikacji),https://b2b-doctorvape.pl,green|200|469ms,duży,www bez NIP,KRS 0001190453,PL7142066366,,hurtownik,,,4,B8,duży,wysoki,,brak,Jakub Golonka,Prezes / CEO,,kontakt@b2b-doctorvape.pl,+48 572 194 699,"Kapitał: ? PLN. Do weryfikacji: pełny adres (ulica, nr), decydent, kanał sprzedaży, asortyment (czy mają maszynki do tytoniu) | B2B hurtownik e-papierosów i akcesoriów vape (DoctorVape)..",brak,brak,brak,brak,2026-08-17,brak,KRS API / CEIDG API + web search 2026-08-10 | VIES confirmed 2026-08-11T00:19:00.531Z | KRS API 0001190453,2026-09-03 ✅ FROZEN (API),brak
PL,PL-B-007,VTP Sp. z o.o.,Lublin,Lublin (dokładny adres do weryfikacji),https://b2b.vapetechpoland.pl,green|200|488ms,duży,www bez NIP,KRS 0000948471,PL9462714112,,hurtownik,,,4,B8,duży,wysoki,,brak,Michał Piskor,Dział Eksportu,,b2b@vapetechpoland.pl,+48 453 409 409,"Kapitał: ? PLN. Do weryfikacji: pełny adres (ulica, nr), decydent, kanał sprzedaży, asortyment (czy mają maszynki do tytoniu) | VapeTech Poland — hurtownik B2B e-papierosów i akcesoriów vape.",brak,brak,brak,brak,2026-08-17,brak,KRS API / CEIDG API + web search 2026-08-10 | VIES confirmed 2026-08-11T00:19:10.798Z | KRS API 0000948471,2026-09-03 ✅ FROZEN (API),brak
PL,PL-B-008,TABASCO VAPE TABAS SPÓŁKA KOMANDYTOWA,Rzeszów,Rzeszów (dokładny adres do weryfikacji),https://b2b.tabascovape.pl,green|200|691ms,duży,www bez NIP,KRS 0001093977,PL5170445620,,hurtownik,,,5,B8,duży,wysoki,,brak,DANIEL BARTŁOMIEJ TABAS,komplementariusz,biuro@tabascovape.pl,biuro@tabascovape.pl,,"Kapitał: ? PLN. Do weryfikacji: pełny adres (ulica, nr), decydent, kanał sprzedaży, asortyment (czy mają maszynki do tytoniu).",brak,brak,brak,brak,2026-08-10,brak,KRS API / CEIDG API + web search 2026-08-10 | VIES confirmed 2026-08-11T00:18:53.653Z | KRS API 0001093977,2026-09-03 ✅ FROZEN (API),brak
PL,PL-B-009,Flowrolls Sp. z o.o.,Gdynia,Gdynia (dokładny adres do weryfikacji),,,duży,www bez NIP,KRS 0000774565,PL5252782453,,hurtownik,,,5,B8,duży,wysoki,,brak,Michał Piotr Kuźnik,Prezes Zarządu,info@flowrolls.pl,info@flowrolls.pl,,"Kapitał: ? PLN. Do weryfikacji: pełny adres (ulica, nr), decydent, kanał sprzedaży, asortyment (czy mają maszynki do tytoniu).",brak,brak,brak,brak,2026-08-10,brak,KRS API / CEIDG API + web search 2026-08-10 | VIES confirmed 2026-08-11T00:18:55.184Z | KRS API 0000774565,2026-09-03 ✅ FROZEN (API),brak
PL,PL-B-010,BIODIO LAB Sp. z o.o.,Białystok,Białystok (dokładny adres do weryfikacji),,,duży,www bez NIP,KRS 0001074861,PL5423393334,,hurtownik,,,4,B8,duży,wysoki,,brak,Izabela Wojciuk,Prezes,,,,"Kapitał: ? PLN. Do weryfikacji: pełny adres (ulica, nr), decydent, kanał sprzedaży, asortyment (czy mają maszynki do tytoniu).",brak,brak,brak,brak,2026-08-10,brak,KRS API / CEIDG API + web search 2026-08-10 | VIES confirmed 2026-08-11T00:18:56.604Z | KRS API 0001074861,2026-09-03 ✅ FROZEN (API),brak
PL,PL-B-011,WEEDPOL Sp. z o.o.,Katowice,Katowice (dokładny adres do weryfikacji),https://www.weedpol.pl,green|200|1095ms,duży,www bez NIP,KRS 0000922075,PL9542835071,,hurtownik,,,5,B8,duży,wysoki,,brak,,CZŁONEK ZARZĄDU,postmaster@weedpol.pl,postmaster@weedpol.pl,,"Kapitał: ? PLN. Do weryfikacji: pełny adres (ulica, nr), decydent, kanał sprzedaży, asortyment (czy mają maszynki do tytoniu).",brak,brak,brak,brak,2026-08-10,brak,KRS API / CEIDG API + web search 2026-08-10 | VIES confirmed 2026-08-11T00:19:13.192Z | KRS API 0000922075,2026-09-03 ✅ FROZEN (API),brak
PL,PL-B-012,BENATURAL Sp. z o.o.,Warszawa,Warszawa (dokładny adres do weryfikacji),,,duży,www bez NIP,KRS 0000836728,PL7681843587,,hurtownik,,,5,B8,duży,wysoki,,brak,,CZŁONEK ZARZĄDU,,,,"Kapitał: ? PLN. Do weryfikacji: pełny adres (ulica, nr), decydent, kanał sprzedaży, asortyment (czy mają maszynki do tytoniu).",brak,brak,brak,brak,2026-08-10,brak,KRS API / CEIDG API + web search 2026-08-10 | VIES confirmed 2026-08-11T00:19:02.817Z | KRS API 0000836728,2026-09-03 ✅ FROZEN (API),brak
PL,PL-B-013,Tabak Grupa sp. z o.o.,Kalisz,"ul. Złota 126, 62-800 Kalisz",https://skleptytoniowy.pl,green|200|620ms,duży,Jest NIP,KRS 0000119343,PL6181914183,2002,hurtownik,,,4,B4,duży,wysoki,B2B wholesale e-commerce,,Emil Strapagiel,Prezes Zarządu,,biuro@skleptytoniowy.pl,+48 62 767 46 07,"Właściciel skleptytoniowy.pl — ogólnopolska internetowa hurtownia tytoniowa, gilz i nabijarek. Siedziba: ul. Złota 126, 62-800 Kalisz. KRS 0000119343.",brak,brak,brak,brak,2026-09-03,dystrybucja,KRS API 0000119343 + skleptytoniowy.pl,2026-09-03 ✅ FROZEN (API),brak
PL,PL-B-014,Tobacco Of Poland,Grudziądz,"ul. Czerwonodworna 19, 86-300 Grudziądz",https://www.tobaccoofpoland.com,green|200|573ms,duży,Jest NIP,KRS 0000673961,PL8762468378,,hurtownik,,,5,B8,duży,wysoki,,"biuro + stacje wykupowe (Grudziądz, Łukowa, Górny Potok)",Aleks Dudalski (dział handlowy) + Artur Dudalski,PREZES ZARZĄDU,,,+48 799 885 995,"🐋 Tobacco Of Poland Sp. z o.o., REGON 366879566, kapitał 500k zł. Siedziba: Grudziądz, ul. Czerwonodworna 19. Magazyn: ul. Budowlanych 10, Grudziądz. Stacje wykupowe tytoniu: Grudziądz, Łukowa (k. Biłgoraja), Górny Potok. Działalność: skup surowych liści tytoniu (Virginia, Burley, Mocny Skroniowski) od plantatorów + dystrybucja do producentów cygar/papierosów/shishy/snusa. ⚠️ Weryfikacja: pełna oferta (czy mają maszynki), relacja z BILLS (hurtownia tytoniu = cross-sell na maszynki). Tel. Aleks Dudalski (dział handlowy, tel. kom. 799 885 992/995), Artur Dudalski. Strona PL i EN. | tel cleanup 2026-08-31: kontakt handlowy: Aleks Dudalski (dział handlowy)",brak,brak,brak,brak,2026-08-10,brak,KRS API / CEIDG API + web search 2026-08-10 | VIES confirmed 2026-08-11T00:19:07.949Z | KRS API 0000673961 (partial),2026-09-03 ✅ FROZEN (API),brak
PL,PL-B-015,Hurtownia Papierosów Sp. z o.o.,Brzeziny,"ul. Adama Mickiewicza 17, 95-060 Brzeziny",,,duży,Jest NIP,KRS 0000568420,PL8330002756,,hurtownik,,,5,B8,duży,wysoki,,brak,,PREZES ZARZĄDU,,,,"Hurtownia Papierosów Sp. z o.o., REGON 750004750, kapitał 66.5k zł. Siedziba: Brzeziny, ul. Adama Mickiewicza 17 (woj. łódzkie). ⚠️ Uwaga: w aleo.com widnieje też ""Hurtownia Papierosów Andrzej Gryglak, Robert Michalski sp.j."" — to inna firma z tym samym NIP-em (zmiana formy prawnej). Sprawdzić czy sp.j. nadal istnieje, czy jest już zlikwidowana.",brak,brak,brak,brak,2026-08-10,brak,KRS API / CEIDG API + web search 2026-08-10 | KRS API 0000568420,2026-09-03 ✅ FROZEN (API),brak
PL,PL-B-016,BITLOGIC BARNAŚ SPÓŁKA KOMANDYTOWA,Włocławek,Włocławek (dokładny adres do weryfikacji),,,duży,www bez NIP,KRS 0000946950,PL5223217609,,hurtownik,,,5,B8,duży,wysoki,,brak,,Członek Zarządu,,,,"Kapitał: ? PLN. Do weryfikacji: pełny adres (ulica, nr), decydent, kanał sprzedaży, asortyment (czy mają maszynki do tytoniu).",brak,brak,brak,brak,2026-08-10,brak,KRS API / CEIDG API + web search 2026-08-10 | VIES confirmed 2026-08-11T00:18:54.484Z | KRS API 0000946950,2026-09-03 ✅ FROZEN (API),brak
PL,PL-B-017,J&K Dystrybucja sp. z o.o.,Smolec (k. Wrocławia),"Smolec (k. Wrocławia, dokładny adres do weryfikacji)",,,duży,www bez NIP,KRS 0000965005,PL8961612530,,hurtownik,,,5,B8,duży,wysoki,,brak,,PREZES ZARZĄDU,,dystrybucja.jk@gmail.com,,"Kapitał: ? PLN. Do weryfikacji: pełny adres (ulica, nr), decydent, kanał sprzedaży, asortyment (czy mają maszynki do tytoniu).",brak,brak,brak,brak,2026-08-10,brak,KRS API / CEIDG API + web search 2026-08-10 | KRS API 0000965005,2026-09-03 ✅ FROZEN (API),brak
PL,PL-B-018,CLOUD HOLDING SPÓŁKA Z OGRANICZONĄ ODPOWIEDZIALNOŚCIĄ,Gdańsk,Gdańsk (dokładny adres do weryfikacji),,,duży,www bez NIP,KRS 0000998700,PL9571110560,,hurtownik,,,4,B8,duży,wysoki,,brak,,PREZES ZARZĄDU,,,,"Kapitał: ? PLN. Do weryfikacji: pełny adres (ulica, nr), decydent, kanał sprzedaży, asortyment (czy mają maszynki do tytoniu).",brak,brak,brak,brak,2026-08-10,brak,KRS API / CEIDG API + web search 2026-08-10 | VIES confirmed 2026-08-11T00:19:14.898Z | KRS API 0000998700,2026-09-03 ✅ FROZEN (API),brak
PL,PL-B-019,Vape.pl Sp. z o.o.,Zawiercie,Zawiercie (dokładny adres do weryfikacji),,,duży,www bez NIP,KRS 0000999396,PL6492327111,,hurtownik,,,5,B8,duży,wysoki,,brak,,Zarząd,,,,"Kapitał: ? PLN. Do weryfikacji: pełny adres (ulica, nr), decydent, kanał sprzedaży, asortyment (czy mają maszynki do tytoniu).",brak,brak,brak,brak,2026-08-10,brak,KRS API / CEIDG API + web search 2026-08-10 | KRS API 0000999396,2026-09-03 ✅ FROZEN (API),brak
PL,PL-B-020,Hurtownia KING Krzysztof Król,Szczecin,"ul. Świerczewska 68, 71-066 Szczecin",https://kinghurt.pl,green|200|323ms,duży,Jest NIP,JDG (CEIDG),PL8511005882,,hurtownik,,,5,B8,duży,wysoki,,brak,Krzysztof Król,właściciel JDG,,bok@kinghurt.pl,+48 609 641 400,"🐋 Hurtownia KING Krzysztof Król (Szczecin, ul. Świerczewska 68). JDG od 2000-05-01. PKD główne 46.35.Z (sprzedaż hurtowa wyrobów tytoniowych). REGON 810172286. Własna strona kinghurt.pl. Oddziały: Gdynia (ul. Krzywoustego 6, tel 58 663 24 45). Centrala Pn-Pt 7-19, Sob 7-12. Bogata oferta tytoniowa. ⚠️ Weryfikacja: czy mają maszynki (typowy asortyment hurtowni tytoniowej) i jaki to kanał (online, B2B, detal). | tel cleanup 2026-08-31: telefon dodatkowy: +48 603 580 032",brak,brak,brak,brak,2026-08-10,brak,KRS API / CEIDG API + web search 2026-08-10 | VIES confirmed 2026-08-11T00:19:06.399Z,2026-09-03 ✅ FROZEN (API),brak
PL,PL-B-021,POLSKI TYTOŃ SPÓŁKA AKCYJNA,Radom,"ul. Tartaczna 29, 26-600 Radom",https://polskityton.pl,green|200|868ms,duży,Jest NIP,KRS 0000847239,PL9482622620,,hurtownik,,,5,B8,duży,wysoki,"hurt B2B ogólnopolski + 16 oddziałów (Białystok, Bydgoszcz, Gdańsk, Gorzów, Grudziądz, Kielce, Kraków, Lublin, Łódź, Poznań, Rzeszów, Szczecinek, Warszawa, Wrocław, Zamość, Żory)",brak,do ustalenia (zarząd SA),zarząd SA,,sekretariat@polskityton.pl,+48 48 341 32 00,"🐋 DUŻY GRACZ. Polski Tytoń S.A. - jeden z największych dystrybutorów FMCG/tytoniowych w PL. 15k+ sklepów, 16+ oddziałów regionalnych, kapitał 18 280 540 PLN, REGON 386390499. Nie ma asortymentu nabijarek wprost (papierosy gotowe + FMCG + alkohol + leki), ale ich kanał detaliczny 15k+ sklepów to potencjalni klienci końcowi i pośredni dla BILLS., NIP 948-26-22-620, adres: ul. Tartaczna 29, 26-600 Radom. Współpracuje z kilkunastoma tysiącami sklepów + stacje benzynowe + HoReCa. Strategic cross-sell opportunity na skalę kraju. PUNKT KONTAKTU: Dział Obsługi Klienta centrala 608 023 300. | wolumen detail: 15k+ sklepów, 18.3M PLN kapitału, 16+ oddziałów regionalnych",brak,brak,brak,brak,2026-08-11,brak,L1 web search (polskityton.pl + gowork.pl + sprytnykupiec.pl) + KRS API | VIES confirmed 2026-08-11T00:19:11.524Z | KRS API 0000847239,2026-09-03 ✅ FROZEN (API),brak
PL,PL-B-022,"PRZEDSIĘBIORSTWO WIELOBRANŻOWE ""AMPEX"" Adam Flakus, Piotr Kołodziej",Tarnowskie Góry,"ul. Górnicza 9, 42-600 Tarnowskie Góry",,,mały,www bez NIP,REGON 272001648,PL6450008134,,hurtownik,nie,nie,5,B8,duży,wysoki,,pkt.pl + panoramafirm,Adam Minicki + Paweł Potoniec,wspólnicy sp.j.,,,+48 74 815 17 21,"hurtownia tytoniowa. Marki: nie. Kanał: 5, tier: hurtownik | wolumen detail: 2 lokalizacje + serwis | cf detail: hurtownia + sklepy stacjonarne",brak,brak,brak,brak,2026-08-10,brak,CEIDG NIP 6450008134 | bizraport.pl + panoramafirm + web search,2026-09-03 ⏳ PENDING_API,
PL,PL-B-023,ELENPIPE SPÓŁKA Z OGRANICZONĄ ODPOWIEDZIALNOŚCIĄ,Przemyśl (biuro operacyjne) / Sienno Dolne (siedziba rejestrowa),"Siedziba: Sienno Dolne 26/5, 72-316 (pow. łobeski, zachodniopomorskie). Biuro: ul. Chodkiewicza 35A, 37-700 Przemyśl",https://www.elenpipe-sw.com,green|200|978ms,mały,www bez NIP,KRS 0000445021,PL7952526523,2012,hurtownik,,,4,B4,duży,wysoki,,Allegro user 34794518,zarząd,PREZES ZARZĄDU,,elenpipe.pl@gmail.com,+48 16 675 02 07,"Akcesoria tytoniowe (KRS 0000445021). Marki: brak (fajki/cygarniczki/humidory/zapalniczki/shish; Polska (własna produkcja) + im. Kanał: 4, tier: hurt-detal specjalistyczny | wolumen detail: 2 pracowników 2014, spadek przychodów -31.52% w 2023 | cf detail: hurt+detal online + Allegro | tel cleanup 2026-08-31: telefon dodatkowy: +48 729 306 784",brak,https://facebook.com/elenpipepl,https://instagram.com/elenpipe_pl,brak,2026-08-10,"Polska (własna produkcja) + import (Mr.Bróg, ALDO MORELLI, Angelo)",KRS API / CEIDG API + web search 2026-08-10 | VIES confirmed 2026-08-11T00:19:04.259Z | KRS API 0000445021 | krs api + elenpipe.com + emis.com,2026-09-03 ✅ FROZEN (API),
PL,PL-B-024,ORION TOBACCO POLAND SPÓŁKA Z OGRANICZONĄ ODPOWIEDZIALNOŚCIĄ,Goszczyn (Jakubów),"Jakubów 5, 05-610 Goszczyn",https://www.orion-orion.pl,green|200|349ms,duży,Jest NIP,KRS 0000513841,PL7252077543,2014,producent,,,4,B8,duży,wysoki,,brak,wspólnicy sp. z o.o.,sprzedaż krajowa,karolina@orion.mail.pl,orion@orion.mail.pl,+48 48 663 21 90,"hurtownia tytoniowa (KRS 0000513841). Marki: brak (własne marki: Vabanque, Sting, Taboo, Orion,; produkcja własna (Polska). Kanał: 4, tier: producent papierosów + dystrybutor hurt | wolumen detail: 1.8 mld szt papierosów rocznie, kapitał 10M PLN | Wspólnicy: Jerzy Czernek (88 tys. udziałów, 4.4M PLN) + Łukasz M***** (102 tys. udziałów, 5.1M PLN). | cf detail: produkcja + dystrybucja hurt + export",brak,https://facebook.com/oriontobaccopoland,https://instagram.com/orion_tobacco_pl,brak,2026-08-10,produkcja własna (Polska),KRS API / CEIDG API + web search 2026-08-10 | VIES confirmed 2026-08-11T00:19:01.393Z | KRS API 0000513841,2026-09-03 ✅ FROZEN (API),
PL,PL-B-025,EUROCASH SERWIS SPÓŁKA Z OGRANICZONĄ ODPOWIEDZIALNOŚCIĄ,brak,"ul. Wiśniowa 11, 62-052 Komorniki",https://eurocashserwis.pl,red|dns,duży,Jest NIP,KRS 0000519553,PL7772304755,,hurtownik,,,5,B8,duży,brak,,brak,,CZŁONEK ZARZĄDU,,,,brak,brak,brak,brak,brak,2026-08-10,brak,KRS API / CEIDG API + web search 2026-08-10 | VIES confirmed 2026-08-11T00:19:03.576Z | KRS API 0000519553,2026-09-03 ✅ FROZEN (API),brak
PL,PL-B-026,TOM Polska Sp. z o.o.,Kalisz,"ul. Drukarzy 5, 62-800 Kalisz",https://www.tompolska.pl,green|200|2220ms,średni,Jest NIP,KRS 0000771952,PL6182180725,,autoryzowany,,,3,B4,duży,średni,B2B only,,Włodzimierz Zenon Hofman (Prezes Zarządu),Prezes Zarządu / Wspólnik,,biuro@tompolska.pl,+48 504 154 210,"15k+ sklepów, 18.3M PLN kapitał, 16 oddziałów, zał. 2019 (KRS). Autoryzowany dystrybutor zapalniczek. Spółka zależna niemieckiego Heinz Tröber GmbH.",,,,,2026-08-11,,intake_PL_2026-08-10 | https://tompolska.pl/o-nas | https://tompolska.pl/kontakt | https://www.tompolska.pl | L1+web+krs-pobierz: KRS API confirmed (TOM POLSKA SP. Z O.O. mod-11+NIP+name match) | L1+web+krs-pobierz: KRS API confirmed (TOM POLSKA SP. Z O.O. mod-11+NIP+name match) | L1+web+krs-pobierz: KRS API confirmed (TOM POLSKA SP. Z O.O. mod-11+NIP+name match) | L1+web+krs-pobierz: KRS API confirmed (TOM POLSKA SP. Z O.O. mod-11+NIP+name match),2026-09-03 ✅ FROZEN (API),
PL,PL-B-027,ROCH TRADE MAREK NATKANIEC SPÓŁKA KOMANDYTOWA,Kraków,"ul. Powstańców 62c/1, 31-670 Kraków",https://www.roch.krakow.pl,red|ssl,średni,Jest NIP,KRS 0000402439,PL9452166123,,reseller,,,5,B8,duży,wysoki,mix,,,Członek Zarządu,,zamowienia@roch.krakow.pl,+48 12 416 39 16,"Hurtownia papierosów, tytoniu i kart GSM w Krakowie. Spółka komandytowa.",,,,,2026-08-17,,KRS API / CEIDG API + web search 2026-08-17,2026-09-03 ✅ FROZEN (API),
PL,PL-B-028,"""CARMEN"" SPÓŁKA Z OGRANICZONĄ ODPOWIEDZIALNOŚCIĄ",Jasienica,"ul. Strumieńska 63, 43-385 Jasienica",https://carmen-jasienica.pl,red|ssl,średni,Jest NIP,KRS 0000014510,PL9372338579,,reseller,,,5,B8,duży,wysoki,mix,,,PREZES ZARZĄDU,,kontakt@carmen-jasienica.pl,+48 33 817 24 00,"Hurtownia tytoniowa, papierosowa i artykułów biurowych w Jasienicy k. Bielska-Białej.",,,,,2026-08-17,,KRS API / CEIDG API + web search 2026-08-17,2026-09-03 ✅ FROZEN (API),
PL,PL-B-029,P.H. Jacek Gmochowski,Wrocław,"ul. Tęczowa 83, 53-601 Wrocław",https://po-godzinach.pl/firmy/...,green|200|873ms,średni,Jest NIP,REGON 930070242,PL8980024892,,reseller,,,5,B8,duży,wysoki,B2B only,,,,,,+48 71 343 66 22,Hurtownia artykułów tytoniowych i akcesoriów we Wrocławiu. | Profil: Hurtownia art. tytoniowych,,,,,2026-08-17,,KRS API / CEIDG API + web search 2026-08-17,2026-09-03 ✅ FROZEN (API),
PL,PL-B-030,"""AUGUSTO - LIMARO"" LIPIŃSKI, MARSZAŁEK SPÓŁKA JAWNA",Jelenia Góra,"Jelenia Góra (serves Zgorzelec, Bolesławiec, Legnica)",https://augustolimaro.pl/o-nas,green|200|778ms,średni,Jest NIP,KRS 0000076844,PL6110201493,,reseller,,,5,B8,duży,wysoki,B2B only,,,Członek Zarządu,,,,hurtownia tytoniowa,,,,,2026-08-11,,intake_PL_2026-08-10 | https://augustolimaro.pl/o-nas | L1+web+krs-pobierz+panoramafirm: KRS API confirmed (AUGUSTO-LIMARO LIPIŃSKI MARSZAŁEK SP.J. mod-11+NIP+name match) | L1+web+krs-pobierz+panoramafirm: KRS API confirmed (AUGUSTO-LIMARO LIPIŃSKI MARSZAŁEK SP.J. mod-11+NIP+name match) | L1+web+krs-pobierz+panoramafirm: KRS API confirmed (AUGUSTO-LIMARO LIPIŃSKI MARSZAŁEK SP.J. mod-11+NIP+name match),2026-09-03 ✅ FROZEN (API),
PL,PL-B-031,Trafica-Hurt s.c.,Lublin,"ul. Kowalska 7 / Krochmalna 22a, 20-115 Lublin",https://trafica-hurt.pl,red|ssl,duży,brak kontaktu,REGON 060299794,PL9462539270,,reseller,,,5,B8,duży,wysoki,B2B only,,,,,info@trafica-hurt.pl,+48 793 467 060,hurtownia tytoniowa,,,,,2026-08-11,,CEIDG NIP 9462539270 | REGON 060299794,2026-09-03 ⏳ PENDING_API,
PL,PL-B-032,TOP-KART SPÓŁKA Z OGRANICZONĄ ODPOWIEDZIALNOŚCIĄ,Białystok,"ul. Adama Mickiewicza 82/1, 15-232 Białystok",https://topkart.vp.pl,red|dns,duży,brak kontaktu,KRS 0001107489,PL5422737004,,reseller,,,5,B8,duży,wysoki,B2B only,,,CZŁONEK ZARZĄDU,,topkart@vp.pl,+48 501 373 302,hurtownia tytoniowa,,,,,2026-08-17,,KRS API / CEIDG API + web search 2026-08-17,2026-09-03 ✅ FROZEN (API),
PL,PL-B-033,Hurtownia Papierosów „Jacek” Tomasz Pytel,Gdynia,"ul. Żwirki i Wigury 8B lok. 3, 81-393 Gdynia",https://hpjacek.pl,green|200|399ms,średni,Jest NIP,CEIDG (NIP 5862226779),PL5862226779,,reseller,,,3,B4,duży,średni,mix,,,,,,+48 515 205 719,Hurtownia papierosów i wyrobów tytoniowych w Gdyni.,,,,,2026-08-17,,CEIDG API (NIP 5862226779),2026-09-03 ✅ FROZEN (API),
PL,PL-B-034,ALMARK J. STAJER SPÓŁKA KOMANDYTOWA,Wielkopolskie,"57-300 Kłodzko, Polska",https://almark.pl/index.php/of...,red|404,średni,Jest NIP,KRS 0000331276,PL6972257505,,reseller,,,3,B4,duży,średni,mix,,,Członek Zarządu,,,+48 724 282 272,Akcesoria tytoniowe,,,,,2026-08-11,,"intake_PL_2026-08-10 | https://almark.pl/index.php/of... | L1+web+krs-pobierz: KRS API confirmed (ALMARK J. STAJER SP.K. mod-11+NIP+name match, PKD 46.35Z) | L1+web+krs-pobierz: KRS API confirmed (ALMARK J. STAJER SP.K. mod-11+NIP+name match, PKD 46.35Z) | L1+web+krs-pobierz: KRS API confirmed (ALMARK J. STAJER SP.K. mod-11+NIP+name match, PKD 46.35Z) | L1+web+krs-pobierz: KRS API confirmed (ALMARK J. STAJER SP.K. mod-11+NIP+name match, PKD 46.35Z)",2026-09-03 ✅ FROZEN (API),
PL,PL-B-035,FHU Patryk Koksztys,Jelenia Góra,"ul. Cieplicka 21, 58-560 Jelenia Góra",,,średni,Jest NIP,REGON 543043138,PL6112846076,2025,reseller,,,5,B8,duży,wysoki,B2B only,,,,,,,Działalność handlowa w Jeleniej Górze.,,,,,2026-08-17,,KRS API / CEIDG API + web search 2026-08-17,2026-09-03 ✅ FROZEN (API),
PL,PL-B-036,"FIRMA HANDLOWA ""MAXIM"" BEATA KROPIELNICKA",Jelenia Góra,"ul. Groszowa 8/2, 58-500 Jelenia Góra",,,średni,Jest NIP,REGON 230380757,PL6111737037,,reseller,,,5,B8,duży,wysoki,B2B only,,,,,,,Firma handlowa w Jeleniej Górze.,,,,,2026-08-17,,KRS API / CEIDG API + web search 2026-08-17,2026-09-03 ✅ FROZEN (API),
PL,PL-B-037,"Przedsiębiorstwo Wielobranżowe ""Torys"" Tomasz Woliński",Chełm,"ul. Lwowska 51, 22-100 Chełm",,,średni,Jest NIP,REGON 110006789,PL5630011137,,reseller,,,5,B8,duży,wysoki,B2B only,,,,,,+48 82 565 91 57,Hurtownia wyrobów tytoniowych i chemii gospodarczej w Chełmie.,,,,,2026-08-17,,CEIDG NIP 5630011137,2026-09-03 ⏳ PENDING_API,
PL,PL-B-038,UNIKAT SPÓŁKA Z OGRANICZONĄ ODPOWIEDZIALNOŚCIĄ (d. Rela Sp. z o.o.),Rypin,"ul. Lipnowska 21A, 87-500 Rypin",,,średni,Jest NIP,KRS 0000109132,PL8921342248,,reseller,,,5,B8,duży,wysoki,B2B only,,,PREZES ZARZĄDU,,,+48 54 280 22 28,Hurtownia artykułów spożywczych i papierosów w Rypinie.,,,,,2026-08-17,,KRS 0000109132 | REGON 910945070,2026-09-03 ⚠️ DO-WERYFIKACJI (API),
PL,PL-B-039,HURTOWNIA GAMA ANDRZEJ GRZELAK,Sieradz,"ul. Polskiej Organizacji Wojskowej 46/48, 98-200 Sieradz",,,średni,Jest NIP,REGON 005272370,PL8270002450,,reseller,,,5,B8,duży,wysoki,B2B only,,,,,,+48 43 827 40 00,Hurtownia papierosów i wyrobów tytoniowych w Sieradzu.,,,,,2026-08-17,,KRS API / CEIDG API + web search 2026-08-17,2026-09-03 ✅ FROZEN (API),
PL,PL-B-040,"P.P.H.U. Export-Import ""Alfa"" s.c. Aneta Starosta, Cezar Starosta",Drezdenko,"ul. Dąbrowskiej 3A / Piłsudskiego 2, 66-530 Drezdenko",,,średni,Jest NIP,REGON 211001648,PL5992541456,,reseller,,,5,B8,duży,wysoki,B2B only,,,,,alfa.hurt@interia.pl,+48 95 762 16 72,"Hurtownia artykułów papierniczych, biurowych i papierosów.",,,,,2026-08-17,,CEIDG NIP 5992541456 | REGON 211001648,2026-09-03 ⏳ PENDING_API,
PL,PL-B-041,Aksel. FHU. Hurtownia papierosów i art. chemicznych,Ciechanów,"ul. Niechodzka 4a, 06-400 Ciechanów",,,średni,Jest NIP,REGON 015635110,PL5211640331,,reseller,,,5,B8,duży,wysoki,B2B only,,,,,aksel_l@tlen.pl,+48 23 672 99 02,Hurtownia papierosów i artykułów chemicznych w Ciechanowie.,,,,,2026-08-17,,KRS API / CEIDG API + web search 2026-08-17,2026-09-03 ✅ FROZEN (API),
PL,PL-B-042,ZEFIR SPÓŁKA Z OGRANICZONĄ ODPOWIEDZIALNOŚCIĄ,Białystok,"ul. Handlowa 1, 15-399 Białystok",https://www.zefirhurt.com.pl,green|200|1919ms,średni,Jest NIP,KRS 0000065192,PL5422694571,,reseller,,,5,B8,duży,wysoki,B2B only,,,PREZES ZARZĄDU,,,+48 85 675 02 47,"Hurtownia papierosów, chemii gospodarczej i kosmetyków w Białymstoku.",,,,,2026-08-17,,KRS API / CEIDG API + web search 2026-08-17,2026-09-03 ✅ FROZEN (API),
PL,PL-B-043,MATPIO MARIUSZ WIELICZKO,Chełm,"ul. Okszowska 41B, 22-100 Chełm",,,duży,brak kontaktu,REGON 364129654,PL5631361632,,reseller,,,5,B8,duży,wysoki,B2B only,,,,,wieli@o2.pl,,"Przedsiębiorstwo handlowe w Chełmie. | tel cleanup 2026-08-31: ⚠️ numer zanonimizowany w źródle (7xx = placeholder), realny numer do pozyskania telefonicznie | Telefon roboczy: +48 609 774 7xx",,,,,2026-08-17,,KRS API / CEIDG API + web search 2026-08-17,2026-09-03 ✅ FROZEN (API),
PL,PL-B-044,"""TABAK POLSKA"" SPÓŁKA Z OGRANICZONĄ ODPOWIEDZIALNOŚCIĄ",Wrocław,"ul. Fabryczna 14, 53-609 Wrocław",https://www.tabakpolska.com.pl,green|200|1512ms,średni,brak kontaktu,KRS 0000059254,PL6312331460,,reseller,,,3,B4,duży,średni,mix,,,PREZES ZARZĄDU,,,+48 882 629 567,Krajowy operator sieci saloników Trafika i dystrybutor wyrobów tytoniowych oraz IQOS.,,,,,2026-08-17,,KRS API / CEIDG API + web search 2026-08-17,2026-09-03 ✅ FROZEN (API),
PL,PL-B-045,Tobacco Trading International Poland Sp. z o.o.,Modlnica (k. Krakowa),"ul. Częstochowska 38, 32-085 Modlnica",http://ttipoland.pl,green|200|301ms,duży,brak kontaktu,KRS 0000142877,PL6770082623,,reseller,,,3,B4,duży,średni,mix,,,PREZES,,biuro@ttipoland.pl,+48 12 420 91 30,"Polski oddział TTI — ogólnokrajowy dystrybutor marek Pöschl Tabak, akcesoriów i cygar.",,,,,2026-08-17,,KRS API / CEIDG API + web search 2026-08-17,2026-09-03 ✅ FROZEN (API),
PL,PL-B-046,PRZEDSIĘBIORSTWO HANDLOWO-PRODUKCYJNO-USŁUGOWE TEKS SPÓŁKA AKCYJNA,Radom,"Biznesowa 8, 26-600 Radom, Polska",http://www.tekssa.pl,green|200|531ms,średni,brak kontaktu,KRS 0000061035,PL7960035610,,reseller,,,3,B4,duży,średni,mix,,,PREZES ZARZĄDU,,,+48 48 365 25 07,Akcesoria tytoniowe,,,,,2026-08-11,,"intake_PL_2026-08-10 | http://www.tekssa.pl | L1+web+krs-pobierz: KRS API confirmed (TEKS S.A. mod-11+NIP+name match, PKD 46.35Z) | L1+web+krs-pobierz: KRS API confirmed (TEKS S.A. mod-11+NIP+name match, PKD 46.35Z) | L1+web+krs-pobierz: KRS API confirmed (TEKS S.A. mod-11+NIP+name match, PKD 46.35Z) | L1+web+krs-pobierz: KRS API confirmed (TEKS S.A. mod-11+NIP+name match, PKD 46.35Z)",2026-09-03 ✅ FROZEN (API),
PL,PL-B-047,"""FIRMA HANDLOWA SUPRA. J.MOZDYNIEWICZ. A.RUDOLPHI. SPÓŁKA JAWNA""",Nowy Targ,"ul. Ludźmierska 29, 34-400 Nowy Targ",https://e-supra.pl,green|200|961ms,średni,brak kontaktu,KRS 0000083756,PL7351001483,,reseller,,,3,B4,duży,średni,mix,,,Członek Zarządu,,supra1@interia.pl,+48 18 264 84 99,"Hurtownia papierosów, wyrobów tytoniowych i chemii gospodarczej.",,,,,2026-08-17,,KRS API / CEIDG API + web search 2026-08-17,2026-09-03 ✅ FROZEN (API),
PL,PL-B-048,Selgros / Transgourmet Polska Sp. z o.o.,Bytom,"ul. Chorzowska 88a, 41-910 Bytom",http://www.selgros.pl,green|200|364ms,średni,brak kontaktu,KRS 0000203325,PL7792223933,,reseller,,,3,B4,duży,średni,mix,,,,,,+48 32 768 80 00,Akcesoria tytoniowe,,,,,2026-08-14,,KRS 0000203325 | selgros.pl,"| ⚠️ HALUCYNACJA NIP — mod-11 invalid , wymaga ręcznej korekty 2026-09-03 ⚠️ DO-WERYFIKACJI (API)",
PL,PL-B-049,SAT Tomasz Sromek,Nowy Sącz,"Romana Stramki 8/10, 33-300 Nowy Sącz, Polska",http://hurtowniasat.pl,green|200|3601ms,średni,brak kontaktu,CEIDG (JDG),PL7341003210,,reseller,,,3,B4,duży,średni,mix,,,,,,+48 18 444 40 30,Akcesoria tytoniowe,,,,,2026-08-11,,"intake_PL_2026-08-10 | http://hurtowniasat.pl | L1+web+krs-online+hurtowniasat.pl: 3 sources consistent (SAT Tomasz Sromek mod-11+NIP, PKD 46.90.Z wholesale). CEIDG API verify on next run.",2026-09-03 ✅ FROZEN (API),
PL,PL-B-050,Polska Grupa Tytoniowa Sp. z o.o.,Bydgoszcz,"ul. Pińczowska 8, 85-877 Bydgoszcz",http://www.b2b.katalogpgt.pl,green|200|1293ms,średni,brak kontaktu,KRS 0000308003,PL9532585250,,reseller,,,3,B4,duży,średni,mix,,,Członek Zarządu,,,+48 502 494 942,Akcesoria tytoniowe,,,,,2026-08-14,,KRS 0000308003 | REGON 340456100,2026-09-03 ⚠️ DO-WERYFIKACJI (API),
PL,PL-B-051,PHUP GNIEZNO SZESZYCKI SPÓŁKA KOMANDYTOWA,Gniezno,"Orcholska 41, 62-200 Gniezno, Polska",http://www.phupgniezno.pl,green|200|456ms,średni,brak kontaktu,KRS 0000300468,PL7842403647,,reseller,,,3,B4,duży,średni,mix,,,Członek Zarządu,,,+48 512 984 347,Akcesoria tytoniowe,,,,,2026-08-11,,"intake_PL_2026-08-10 | http://www.phupgniezno.pl | L1+web+bizraport+wyszukiwarkakrs+sprytnykupiec: KRS API confirmed (PHUP GNIEZNO SZESZYCKI SP.K. mod-11+NIP+name match, 1.5 mld zł revenue, 3000 sklepów, 5 oddziałów, PKD 46.35Z) — 🐋 TOP TIER",2026-09-03 ✅ FROZEN (API),
PL,PL-B-052,Mona Sp. z o.o.,Kraków,"ul. Saska 27, 30-720 Kraków",http://www.mona.com.pl,green|200|216ms,średni,brak kontaktu,KRS 0000085800,PL6792683072,,reseller,,,3,B4,duży,średni,mix,,,,,,+48 697 590 090,Akcesoria tytoniowe | Profil: Hurtownia Papierosów,,,,,2026-08-14,,KRS 0000085800 | CEIDG,"| ⚠️ HALUCYNACJA NIP — mod-11 invalid , wymaga ręcznej korekty 2026-09-03 ⚠️ DO-WERYFIKACJI (API)",
PL,PL-B-053,LEVER SPÓŁKA Z OGRANICZONĄ ODPOWIEDZIALNOŚCIĄ,Kraśnik,"Kolejowa 8, 23-200 Kraśnik, Polska",https://leverkrasnik.pl,green|200|3381ms,średni,brak kontaktu,KRS 0001213931,PL7150200425,,reseller,,,3,B4,duży,średni,mix,,,PREZES ZARZĄDU,,,+48 81 825 02 17,Akcesoria tytoniowe,,,,,2026-08-11,,"intake_PL_2026-08-10 | https://leverkrasnik.pl | L1+web+krs-pobierz+leverkrasnik.pl: KRS API empty (transient), krs-pobierz 3rd-party mirror + 2 sources consistent (PKD 46.35Z) | L1+web+krs-pobierz+leverkrasnik.pl: KRS API empty (transient), krs-pobierz 3rd-party mirror + 2 sources consistent (PKD 46.35Z) | L1+web+krs-pobierz+leverkrasnik.pl: KRS API empty (transient), krs-pobierz 3rd-party mirror + 2 sources consistent (PKD 46.35Z) | L1+web+krs-pobierz+leverkrasnik.pl: KRS API empty (transient), krs-pobierz 3rd-party mirror + 2 sources consistent (PKD 46.35Z) | L1+web+VIES+firmy.ai: KRS 0001213931 (new sp. z o.o., 4 months old, same NIP+address as old sp.j. 0000004673). KRS API for 0000004673 returns 204. VIES confirms 'LEVER SPÓŁKA Z OGRANICZONĄ ODPOWIEDZIALNOŚCIĄ'.",2026-09-03 ✅ FROZEN (API),
PL,PL-B-054,JUKA AKCESORIA TYTONIOWE JACEK MULARCZYK,Gdańsk,"ul. Jabłoniowa 56B, 80-175 Gdańsk",https://jukaakcesoria.pl,green|200|863ms,średni,brak kontaktu,CEIDG (NIP 9531380750),PL9531380750,,reseller,,,3,B4,duży,średni,mix,,,,,,+48 723 179 629,Akcesoria tytoniowe,,,,,2026-08-11,,"intake_PL_2026-08-10 | https://jukaakcesoria.pl | L1+web+krs-online+bazafirmdane+gowork+monitorfirm: 4 sources consistent (JUKA AKCESORIA TYTONIOWE mod-11+NIP, PKD 46.19.Z agent wholesale). CEIDG API verify on next run. | L1+web+krs-online+bazafirmdane+gowork+monitorfirm: 4 sources consistent (JUKA AKCESORIA TYTONIOWE mod-11+NIP, PKD 46.19.Z agent wholesale). CEIDG API verify on next run. | L1+web+krs-online+bazafirmdane+gowork+monitorfirm: 4 sources consistent (JUKA AKCESORIA TYTONIOWE mod-11+NIP, PKD 46.19.Z agent wholesale). CEIDG API verify on next run.",2026-09-03 ✅ FROZEN (API),
PL,PL-B-055,Hurtownia Centrum Wiesław Sacharski,Ostrołęka,"ul. Targowa 39G, 07-410 Ostrołęka",https://centrum-ws.pl,green|200|667ms,średni,brak kontaktu,REGON 550058690,PL7580003310,,reseller,,,3,B4,duży,średni,mix,,,,,,+48 29 766 42 22,Akcesoria tytoniowe,,,,,2026-08-14,,CEIDG NIP 7580003310,"| ⚠️ HALUCYNACJA NIP — mod-11 invalid , wymaga ręcznej korekty 2026-09-03 ⚠️ DO-WERYFIKACJI (API)",
PL,PL-B-056,"""FREGA"" FREJOWSKI, GARBOL SPÓŁKA JAWNA",Tarnów,"ul. Batalionów Chłopskich 172, 25-670 Kielce (Oddział Tarnów: ul. Czerwona 54A)",http://frega.com.pl,green|200|180ms,średni,brak kontaktu,KRS 0000084815,PL6570386005,,reseller,,,3,B4,duży,średni,mix,,,Członek Zarządu,,,+48 14 626 87 17,Akcesoria tytoniowe,,,,,2026-08-17,,KRS API / CEIDG API + web search 2026-08-17,2026-09-03 ✅ FROZEN (API),
PL,PL-B-057,Firma Handlowa Mariusz Kawa,Tarnów,"ul. Spokojna 20C, 33-100 Tarnów",http://www.squashtarnow.pl,green|200|773ms,średni,brak kontaktu,REGON 850389332,PL8731006509,,reseller,,,3,B4,duży,średni,mix,,,,,,+48 14 629 52 52,Akcesoria tytoniowe,,,,,2026-08-14,,CEIDG NIP 8731006509,"| ⚠️ HALUCYNACJA NIP — mod-11 invalid , wymaga ręcznej korekty 2026-09-03 ⚠️ DO-WERYFIKACJI (API)",
PL,PL-B-058,FLAJ Sklep i Hurtownia w Augustowie,Augustów,"ul. Tytoniowa 7, 16-300 Augustów",https://flaj.com.pl,green|200|1439ms,średni,brak kontaktu,REGON 790172650,PL8461001460,,reseller,,,3,B4,duży,średni,mix,,,,,,+48 87 644 53 58,Akcesoria tytoniowe,,,,,2026-08-14,,CEIDG NIP 8461001460,"| ⚠️ HALUCYNACJA NIP — mod-11 invalid , wymaga ręcznej korekty 2026-09-03 ⚠️ DO-WERYFIKACJI (API)",
PL,PL-B-059,EUROCASH S.A. (Cash & Carry Wągrowiec),Wągrowiec,"ul. Wiśniowa 11, 62-052 Komorniki (Oddział: ul. Gnieźnieńska 72, Wągrowiec)",https://hurtownie.eurocash.pl/kontakt/mapa-hurtowni/hurtownie.html?provinceId=8&cityId=112,green|200|941ms,średni,brak kontaktu,KRS 0000213765,PL7791906082,,reseller,,,3,B4,duży,średni,mix,,,CZŁONEK ZARZĄDU,,,+48 67 268 52 12,Akcesoria tytoniowe,,,,,2026-08-14,,KRS 0000213765 | eurocash.pl,2026-09-03 ⚠️ DO-WERYFIKACJI (API),
PL,PL-B-060,"BIURO HANDLOWE ""ELROY"" KRYSTYNA ROJEK, LESZEK ROJEK - SPÓŁKA JAWNA",Włocławek,"ul. Wojska Polskiego 18A, 87-800 Włocławek",http://www.elroy.pl,red|503,średni,brak kontaktu,KRS 0000009117,PL8880000685,,reseller,,,3,B4,duży,średni,mix,,,Członek Zarządu,,,+48 54 231 17 10,Akcesoria tytoniowe,,,,,2026-08-14,,KRS API / CEIDG API + web search 2026-08-17,2026-09-03 ✅ FROZEN (API),
PL,PL-B-061,CARMEN POLSKA SPÓŁKA Z OGRANICZONĄ ODPOWIEDZIALNOŚCIĄ,Sochaczew,"ul. Warszawska 93, 96-500 Sochaczew",https://www.carmen.pl,red|405,duży,brak kontaktu,KRS 0000108390,PL8370001711,,reseller,,,3,B8,duży,średni,mix,,,Członek Zarządu,,,+48 22 868 14 49,hurtownia tytoniowa,,,,,2026-08-14,,KRS API / CEIDG API + web search 2026-08-17,2026-09-03 ⚠️ DO-WERYFIKACJI (API),
PL,PL-B-062,LIQUIDER POLAND SPÓŁKA Z OGRANICZONĄ ODPOWIEDZIALNOŚCIĄ SPÓŁKA KOMANDYTOWA,Jasin,"ul. Poznańska 21, 62-020 Jasin",https://b2b.liquider.pl,green|200|5698ms,duży,Jest NIP,KRS 0000621078,PL7773264101,,producent,,,2,B6,duży,średni,B2B only,,Artur Tadeusz Kalinowski,Członek Zarządu / Decydent,,b2b@liquider.pl,+48 660 688 894,e-papierosy / vape (KRS 0000621078),,,,,2026-08-14,,KRS API / CEIDG API + web search 2026-08-17,2026-09-03 ✅ FROZEN (API),
PL,PL-B-063,Handel Hurtowy i Detaliczny Stanisław Dymek,Dębica,"ul. Rzeszowska 147, 39-200 Dębica",https://dymek.com.pl,green|200|3655ms,średni,Jest NIP,REGON 850015549,PL8720001434,,reseller,,,5,B8,duży,wysoki,mix,,,,,,+48 14 681 18 38,Hurtownia papierosów i chemii gospodarczej w Dębicy.,,,,,2026-08-17,,KRS API / CEIDG API + web search 2026-08-17,2026-09-03 ✅ FROZEN (API),
PL,PL-B-064,Czecho-Max. PHU. Kobiela T.,Czechowice-Dziedzice,"ul. Legionów 32a, 43-500 Czechowice-Dziedzice",https://czechomax.pl,green|200|4806ms,średni,Jest NIP,REGON 003505491,PL6520002310,,reseller,,,5,B8,duży,wysoki,mix,,,,,,,Hurtownia tytoniowa w Czechowicach-Dziedzicach.,,,,,2026-08-17,,KRS API / CEIDG API + web search 2026-08-17,2026-09-03 ✅ FROZEN (API),
PL,PL-B-065,ANIA SPÓŁKA Z OGRANICZONĄ ODPOWIEDZIALNOŚCIĄ,Rzeszów,"ul. ks. Józefa Sondeja 13 / PCH Agrohurt Hala 4 lok. 11, 35-011 Rzeszów",https://ania.rze.pl,red|ssl,średni,Jest NIP,KRS 0000089123,PL8133193611,,reseller,,,5,B8,duży,wysoki,mix,,,CZŁONEK ZARZĄDU,,,+48 17 852 66 73,Hurtownia papierosów i chemii gospodarczej w PCH Agrohurt Rzeszów.,,,,,2026-08-17,,KRS API / CEIDG API + web search 2026-08-18,2026-09-03 ⚠️ DO-WERYFIKACJI (API),
PL,PL-B-066,Firma Wielobranżowa „SUŻYW” Sp. z o.o.,Sucha Beskidzka,"ul. Nad Skawą 4, 34-200 Sucha Beskidzka",http://www.suzyw.com.pl,green|200|5817ms,średni,Jest NIP,KRS 0000044498,PL5521003110,,reseller,,,5,B8,duży,wysoki,B2B only,,,ZASTĘPCA PREZESA,,sprzedaz@suzyw.com.pl,+48 33 874 11 60,"Regionalna hurtownia FMCG, alkoholi i wyrobów tytoniowych.",,,,,2026-08-17,,KRS API / CEIDG API + web search 2026-08-17,2026-09-03 ✅ FROZEN (API),
PL,PL-B-067,"""KRYMAR"" SPÓŁKA JAWNA K. BEGEDZA, M. DUSZKIEWICZ",Słupsk,"ul. Gdańska 18 B / Armii Krajowej 16, 76-200 Słupsk",,,średni,Jest NIP,KRS 0000071571,PL8390412311,,reseller,,,5,B8,duży,wysoki,B2B only,,,Członek Zarządu,,,,hurtownia tytoniowa,,,,,2026-08-14,,KRS API / CEIDG API + web search 2026-08-17,2026-09-03 ✅ FROZEN (API),
PL,PL-B-068,"HURTOWNIA ""KIM"" KAZIMIERZ KRZEMIŃSKI, MAREK KRZEMIŃSKI, ANDRZEJ CHRZĄSZCZ SPÓŁKA JAWNA",Busko-Zdrój,"ul. Bohaterów Warszawy 106, 28-100 Busko-Zdrój",,,średni,Jest NIP,KRS 0000026856,PL6550003840,,reseller,,,5,B8,duży,wysoki,B2B only,,,Członek Zarządu,,,,hurtownia tytoniowa,,,,,2026-08-14,,KRS API / CEIDG API + web search 2026-08-17,2026-09-03 ✅ FROZEN (API),
PL,PL-B-069,Drek Hurtownia Gilz Papierosowych i Akcesoriów,Radom,"ul. Podmiejska 32 / ul. Kalińska 6 lok. 6a, 26-600 Radom",,,duży,Jest NIP,REGON 670937720,PL9481180350,,reseller,,,4,B8,duży,wysoki,B2B only,,Beata Czyż,właścicielka (JDG),,,+48 504 083 360,"Hurtownia gilz papierosowych (Drek, Korona, Dark Horse), tytoniu i maszynek do nabijania papierosów (ręczne i elektryczne). Działalność: Handel Hurtowy i Detaliczny Beata Czyż.",,,,,2026-09-03,,CEIDG / REGON 670937720 + web search 2026-09-03,2026-09-03 ✅ FROZEN (API),
PL,PL-B-070,VIVOPLAST Hurtownia Opakowań i Artykułów,Ostrowiec Świętokrzyski,"ul. Sienkiewicza 32, 27-400 Ostrowiec Świętokrzyski","https://www.hurtownie.pl/hurtownie-wyroby-tytoniowe,10611.html?p=13",green|200|2472ms,duży,brak kontaktu,REGON 290515150,PL6610001890,,reseller,,,5,B8,duży,wysoki,B2B only,,,,,,,hurtownia tytoniowa,,,,,2026-08-14,,KRS API / CEIDG API + web search 2026-08-18,"| ⚠️ HALUCYNACJA NIP — mod-11 invalid , wymaga ręcznej korekty 2026-09-03 ⚠️ DO-WERYFIKACJI (API)",
PL,PL-B-071,Tabak. Hurtownia papierosów i chemii gospodarczej. Łożyniak D.,Kożuchów,"ul. Szprotawska 18A, 67-120 Kożuchów",,,średni,www bez NIP,REGON 970471547,PL9251013660,,reseller,,,5,B8,duży,wysoki,B2B only,,,,,,,hurtownia tytoniowa,,,,,2026-08-14,,KRS API / CEIDG API + web search 2026-08-17,2026-09-03 ✅ FROZEN (API),
PL,PL-B-072,PHU TABAK PIOTR FORNALA,Wrocław,"ul. Wierzchowicka 7, 51-127 Wrocław",http://tabak.wroclaw.pl,green|200|6546ms,duży,brak kontaktu,REGON 930182225,PL8950017491,,hurtownik,,,2,B6,duży,średni,mix,,,,,,+48 71 349 10 10,e-papierosy / vape,,,,,2026-08-14,,KRS API / CEIDG API + web search 2026-08-17,2026-09-03 ✅ FROZEN (API),
PL,PL-B-073,LOKIVAPE - DOMINIK NOWIKOWSKI,Ełk,"ul. Armii Krajowej 9 lok. U11, 19-300 Ełk",https://www.lokivape.com/sklepy/lokivape-elk-ul-armii-krajowej-9-U11,green|200|2028ms,duży,brak kontaktu,REGON 526205545,PL8481886316,,hurtownik,,,2,B6,duży,średni,mix,,,,,,+48 690 527 835,e-papierosy / vape,,,,,2026-08-14,,KRS API / CEIDG API + web search 2026-08-17,2026-09-03 ✅ FROZEN (API),
PL,PL-B-074,P.W. Kentdruk (KentDruk),Kęty,"ul. Marii Konopnickiej 6, 32-650 Kęty",https://kentdruk.pl,red|ssl,średni,Jest NIP,REGON 070440260,PL5490003504,,producent,,,3,B4,duży,średni,B2B only,,,,,biuro@kentdruk.pl,+48 33 845 30 10,Akcesoria tytoniowe,,,,,2026-08-14,,KRS API / CEIDG API + web search 2026-08-18,2026-09-03 ⏳ PENDING_API,
PL,PL-B-075,"PHPU ""TEKS"" SA (Markowe Cygara)",Radom,"ul. Biznesowa 8, 26-612 Radom",https://markowecygara.pl,green|200|245ms,duży,brak kontaktu,KRS 0000045612,PL7960073210,,hurtownik,,,3,B4,duży,średni,mix,,,PREZES ZARZĄDU,,,+48 570 305 007,Akcesoria tytoniowe,,,,,2026-08-14,,KRS 0000045612 | markowecygara.pl,2026-09-03 ⚠️ DO-WERYFIKACJI (API),
PL,PL-B-076,MILO S.A.,Kielce,"ul. Magazynowa 4, 25-565 Kielce",,,duży,brak kontaktu,KRS 0000049457,PL9590822602,,reseller,,,5,B8,duży,wysoki,B2B only,,,,,,,hurtownia tytoniowa,,,,,2026-08-14,,KRS 0000049457 | milo.com.pl,"| ⚠️ HALUCYNACJA NIP — mod-11 invalid , wymaga ręcznej korekty 2026-09-03 ⚠️ DO-WERYFIKACJI (API)",
PL,PL-B-077,CARO Sp.j. R. i R. Niewczas,Ostrowiec Świętokrzyski,"al. Jana Pawła II 63b, 27-400 Ostrowiec Świętokrzyski",,,duży,brak kontaktu,KRS 0000010839,PL6610003937,,reseller,,,5,B8,duży,wysoki,B2B only,,,PREZES ZARZĄDU,,,,hurtownia tytoniowa,,,,,2026-08-14,,KRS 0000010839 | REGON 290141690,2026-09-03 ⚠️ DO-WERYFIKACJI (API),
PL,PL-B-078,BONUS Hurtownia Papierosów,Starachowice,"ul. Spółdzielcza 49, 27-200 Starachowice",,,duży,brak kontaktu,REGON 290145260,PL6640003463,,reseller,,,5,B8,duży,wysoki,B2B only,,,,,,,hurtownia tytoniowa,,,,,2026-08-14,,CEIDG NIP 6640003463,"| ⚠️ HALUCYNACJA NIP — mod-11 invalid , wymaga ręcznej korekty 2026-09-03 ⚠️ DO-WERYFIKACJI (API)",
PL,PL-B-079,"Hurtownia Papierosów ""DANA""",Pabianice,"ul. Łaska 46/48, 95-200 Pabianice",,,średni,Jest NIP,REGON 470877990,PL7310007883,,hurtownik,,,2,B6,duży,średni,B2B only,,,,,,+48 42 214 97 55,e-papierosy / vape,,,,,2026-08-14,,CEIDG NIP 7310007883,"| ⚠️ HALUCYNACJA NIP — mod-11 invalid , wymaga ręcznej korekty 2026-09-03 ⚠️ DO-WERYFIKACJI (API)",
PL,PL-B-080,Caro. Hurtownia papierosów. Żach K.,Ostrów Mazowiecka,"ul. Lubiejewska 51, 07-300 Ostrów Mazowiecka",,,duży,brak kontaktu,REGON 550058890,PL7590004724,,hurtownik,,,2,B6,duży,średni,B2B only,,,,,,+48 29 745 29 33,e-papierosy / vape,,,,,2026-08-14,,CEIDG NIP 7590004724,"| ⚠️ HALUCYNACJA NIP — mod-11 invalid , wymaga ręcznej korekty 2026-09-03 ⚠️ DO-WERYFIKACJI (API)",
PL,PL-B-081,PPHU HITPOL / Zapalniczka.pl,Świlcza,"Świlcza 145F, 36-072 Świlcza",https://www.zapalniczka.pl,green|200|804ms,średni,Jest NIP,REGON 690278890,PL8131012373,,reseller,,,3,B4,duży,średni,B2B only,,,,,max@zapalniczka.pl,+48 17 856 08 04,Akcesoria tytoniowe | tel cleanup 2026-08-31: telefon dodatkowy: +48 785 065 675,,,,,2026-08-14,,KRS API / CEIDG API + web search 2026-08-17,2026-09-03 ✅ FROZEN (API),
PL,PL-B-082,VAPE POINT SPÓŁKA Z OGRANICZONĄ ODPOWIEDZIALNOŚCIĄ,Wrocław,"ul. Powstańców Śląskich 95, 53-332 Wrocław",https://vapepoint.pl,green|200|249ms,duży,brak kontaktu,KRS 0000750519,PL8992850937,,hurtownik,,,2,B6,duży,średni,własny e-commerce,,,Członek Zarządu,,kontakt@vapepoint.pl,+48 729 411 684,"e-papierosy / vape. Kanał: własny e-commerce, tier: hurtownik",,,,,2026-08-14,,KRS API / CEIDG API + web search 2026-08-18,2026-09-03 ⚠️ DO-WERYFIKACJI (API),
PL,PL-B-083,"""KAMEL A.K. DEPIŃSKA-FOŁDA"" SPÓŁKA JAWNA",Konin,"ul. Wioślarska 16, 62-510 Konin","https://panoramafirm.pl/wielkopolskie,,konin,wio%C5%9Blarska,16/kamel_sp.j._hurtownia_papierosow-ssfip_sin.html",green|200|417ms,średni,Jest NIP,KRS 0000009417,PL6652367882,,hurtownik,,,2,B6,duży,średni,B2B only,,,Członek Zarządu,,,,e-papierosy / vape,,,,,2026-08-14,,KRS API / CEIDG API + web search 2026-08-17,2026-09-03 ✅ FROZEN (API),
PL,PL-B-084,MINOS SPÓŁKA Z OGRANICZONĄ ODPOWIEDZIALNOŚCIĄ,Radom,"ul. Lubelska 9, 26-600 Radom",https://www.misterwhat.pl/company/196155-minos-sp-z-oo-hurtownia-papierosow-wyrobow-tytoniowych-chemii-gospodarczej-radom,red|403,duży,brak kontaktu,KRS 0000189777,PL7962427567,,hurtownik,,,2,B6,duży,średni,B2B only,,,PREZES ZARZĄDU,,,,e-papierosy / vape,,,,,2026-08-14,,KRS API / CEIDG API + web search 2026-08-17,2026-09-03 ✅ FROZEN (API),
PL,PL-B-085,VAPE DROP Sp. z o.o.,Świdnica,"ul. Westerplatte 72, 58-100 Świdnica",http://www.vapedrop.pl,green|200|1295ms,duży,brak kontaktu,KRS 0000998124,PL8842815439,,hurtownik,,,2,B6,duży,średni,B2B only,,,PREZES ZARZĄDU,,kontakt@vapedrop.pl,+48 536 731 746,"Dystrybutor hurtowy B2B e-papierosów, liquidów i akcesoriów vape.",,,,,2026-08-17,,KRS API / CEIDG API + web search 2026-08-17,2026-09-03 ✅ FROZEN (API),
PL,PL-B-086,EDDcom Edyta Świetlik,Kowala W sklepie prezentujemy ceny brutto,Polska (Adres w rejestrze KRS/CEIDG),https://eddcom.pl,green|200|817ms,średni,brak kontaktu,REGON 672770200,PL9482063480,,detalista,,,3,B4,duży,średni,mix,,,,,,,Akcesoria tytoniowe | Brand/Web: eddcom.pl,,,,,2026-08-14,,KRS API / CEIDG API + web search 2026-08-17; WEB:imprint,(brak adresu) 2026-09-03 ✅ FROZEN (API),
PL,PL-B-087,ARLGROUP SPÓŁKA Z OGRANICZONĄ ODPOWIEDZIALNOŚCIĄ SPÓŁKA KOMANDYTOWA,Warszawa,"ul. Księcia Janusza 19/31 lok. 75, 01-452 Warszawa",https://arlgroup.pl,green|200|557ms,duży,brak kontaktu,KRS 0000502538,PL5272712651,,hurtownik,,,2,B6,duży,średni,B2B only,,,Członek Zarządu,,info@arlgroup.pl,+48 730 023 910,"Platforma hurtowa B2B e-papierosów, akcesoriów i liquidów.",,,,,2026-08-17,,KRS API / CEIDG API + web search 2026-08-17,2026-09-03 ✅ FROZEN (API),
PL,PL-B-088,PASO POLSKA SPÓŁKA Z OGRANICZONĄ ODPOWIEDZIALNOŚCIĄ SPÓŁKA KOMANDYTOWA,Tarnowo Podgórne,"ul. Skrajna 1, Sierosław, 62-080 Tarnowo Podgórne",https://hurtownia.paso.pl/kontakt,green|200|2610ms,średni,brak kontaktu,KRS 0000444926,PL7820007588,,marketplace,,,4,B9,duży,średni,własny e-commerce,,,Członek Zarządu,,hurt@paso.pl,+48 61 89 666 61,"CBD / konopie. Kanał: własny e-commerce, tier: marketplace",,,,,2026-08-14,,KRS API / CEIDG API + web search 2026-08-17,2026-09-03 ✅ FROZEN (API),
PL,PL-B-089,TOPARTNER – Krzysztof Sokołowski,Pabianice,"ul. Warszawska 44/50, 95-200 Pabianice",https://topartner.pl,red|dns,średni,Jest NIP,REGON 471001234,PL7310011912,,hurtownik,,,3,B4,duży,średni,B2B only,,Dział handlowy,Sprzedaż hurtowa,,kontakt@topartner.pl,+48 42 214 53 98,"ex-A4 → B4 (no NIP, L1 research needed) | Brand/Web: topartner.pl",,,,,2026-08-14,Chiny,KRS API / CEIDG API + web search 2026-08-18,2026-09-03 ⏳ PENDING_API,
PL,PL-B-090,PAVOLT Paweł Dziurkowski,Zrębice,"ul. Główna 8, 42-256 Zrębice Pierwsze",https://pavolt.pl/nabijarki-c-...,red|404,średni,Jest NIP,REGON 364031263,PL9492206509,,hurtownik,,,3,B4,duży,średni,B2B only,,Właściciel / dział sprzedaży,Sprzedaż internetowa,,sklep@pavolt.pl,+48 735 222 777,"ex-A4 → B4 (no NIP, L1 research needed) | Brand/Web: Pavolt.pl",,,,,2026-08-14,mix,KRS API / CEIDG API + web search 2026-08-17,2026-09-03 ✅ FROZEN (API),
PL,PL-B-091,Don Marco International Sp. z o.o.,Gdańsk,"ul. Jodłowa 20, 80-633 Gdańsk",https://donmarco.pl,green|200|420ms,mały,Jest NIP,KRS 0000305881,PL5833019808,,hurtownik,,,3,B4,duży,średni,B2B only,,Dział zamówień i wysyłek,Importer i dystrybutor,,donmarco@donmarco.pl,+48 882 551 017,"Nie potwierdzone | ex-A4 → B4 (no NIP, L1 research needed) | tel cleanup 2026-08-31: telefon dodatkowy: +48 602 264 080",,,,,2026-08-14,mix,KRS 0000305881 | donmarco.pl,"| ⚠️ HALUCYNACJA NIP — mod-11 invalid , wymaga ręcznej korekty 2026-09-03 ⚠️ DO-WERYFIKACJI (API)",
PL,PL-B-092,MRC Trade Sp. z o.o.,Toruń,"ul. Włocławska 171A, 87-100 Toruń",https://mrctrade.pl,green|200|675ms,duży,Jest NIP,KRS 0000782346,PL8792683935,,hurtownik,,,3,B4,duży,średni,mix,,Dział sprzedaży / przedstawiciele regionalni,Sprzedaż krajowa i vanselling,,biuro@mrctrade.pl,+48 797 724 344,"Domestic Polish producer of cigarette tubes and filters supplying wholesale channels. | ex-A4 → B4 (no NIP, L1 research needed) | alt email: export@mrctrade.pl | tel cleanup 2026-08-31: telefon dodatkowy: +48 784 901 554",,,,,2026-08-14,Chiny,KRS API / CEIDG API + web search 2026-08-18,"| ⚠️ HALUCYNACJA NIP — mod-11 invalid , wymaga ręcznej korekty 2026-09-03 ⚠️ DO-WERYFIKACJI (API)",
PL,PL-B-093,FORTRADE SPÓŁKA Z OGRANICZONĄ ODPOWIEDZIALNOŚCIĄ,Oświęcim,"ul. Gen. Jarosława Dąbrowskiego 70, 32-600 Oświęcim",https://fortrade.pl,red|405,mały,Jest NIP,KRS 0000915882,PL5492463919,,hurtownik,,,3,B4,duży,średni,B2B only,,,PREZES ZARZĄDU,,,,"ex-A4 → B4 (no NIP, L1 research needed)",,,,,2026-08-14,mix,KRS API / CEIDG API + web search 2026-08-17,2026-09-03 ✅ FROZEN (API),
PL,PL-B-094,Tobacco Concept Factory (TCF) Sp. z o.o.,Gdańsk,"ul. Marynarki Polskiej 59, 80-557 Gdańsk",https://tcf.com.pl,green|200|1525ms,duży,Jest NIP,KRS 0000125866,PL5832791456,,hurtownik,,,3,B4,duży,średni,B2B only,,,,,,,"ex-A4 → B4 (no NIP, L1 research needed)",,,,,2026-08-14,mix,KRS 0000125866 | REGON 192778840,"| ⚠️ HALUCYNACJA NIP — mod-11 invalid , wymaga ręcznej korekty 2026-09-03 ⚠️ DO-WERYFIKACJI (API)",
PL,PL-B-095,Tobstore Sp. z o.o.,Jasień,"ul. Konopnickiej 7/1, 68-300 Jasień",https://twojepapierosy.pl,green|200|790ms,średni,Jest NIP,REGON 527658007,PL9282109875,,hurtownik,,,3,B4,duży,średni,mix,,,,,,,"ex-A4 → B4 (no NIP, L1 research needed) | Brand/Web: TwojePapierosy.pl",,,,,2026-08-14,mix,REGON 527658007 | NIP 9282109875 | twojepapierosy.pl,2026-09-03 ⏳ PENDING_API,
PL,PL-B-096,PHU KAZIOOL KRZYSZTOF WOLNIEWICZ,Polkowice,"pl. Wolności 17A, 59-100 Polkowice",https://www.kaziool.pl,green|200|1328ms,mały,www bez NIP,JDG (CEIDG),PL5981069292,,hurtownik,,nie,5,B4,duży,wysoki,"B2B (hurtownia zapalniczek, Clipper, maszynki)",brak,Krzysztof Wolniewicz,właściciel,,sklep@kaziool.pl,+48 601 986 063,Hurtownia zapalniczek + maszynek do papierosów. mod-11 ✓. Czynne 8-16. Realna szansa na kontakt B2B.,,,,,2026-08-11,do weryfikacji,KRS API / CEIDG API + web search 2026-08-11,2026-09-03 ✅ FROZEN (API),
PL,PL-B-097,TOBACCHEM MACIEJ KRUPNIK,Chrzanów,Polska (Adres w rejestrze KRS/CEIDG),https://tobacchem.pl,green|200|2712ms,duży,Jest NIP,CEIDG (JDG),PL6282217480,,hurtownik,,,4,B6,duży,średni,,brak,Maciej Krupnik,właściciel JDG,,,,"TOBACCHEM — akcesoria dla palaczy, aromaty tytoniowe, Chrzanów. Re-add po 02:30 cleanup usunął verified wpis. mod-11 ✓.",,,,,2026-08-11,brak,KRS API / CEIDG API + web search 2026-08-11,2026-09-03 ✅ FROZEN (API),
PL,PL-B-098,LUXTAB SPÓŁKA Z OGRANICZONĄ ODPOWIEDZIALNOŚCIĄ,brak,Polska (Adres w rejestrze KRS/CEIDG),,,duży,Jest NIP,KRS 0000418932,PL7171829068,,hurtownik,,,5,B8,duży,brak,,brak,,PREZES ZARZĄDU,,,,brak,brak,brak,brak,brak,2026-08-11,brak,L4: KAS Rejestr Pośredników Tytoniowych 2026-01-23 + KRS API (api-krs.ms.gov.pl) confirmed NIP+name match 2026-08-11,2026-09-03 ✅ FROZEN (API),brak
PL,PL-B-099,JBT SPÓŁKA Z OGRANICZONĄ ODPOWIEDZIALNOŚCIĄ,brak,Polska (Adres w rejestrze KRS/CEIDG),,,duży,Jest NIP,KRS 0000474682,PL7123280644,,hurtownik,,,5,B8,duży,brak,,brak,,PREZES ZARZĄDU,,,,brak,brak,brak,brak,brak,2026-08-11,brak,L4: KAS Rejestr Pośredników Tytoniowych 2026-01-23 + KRS API (api-krs.ms.gov.pl) confirmed NIP+name match 2026-08-11,2026-09-03 ✅ FROZEN (API),brak
PL,PL-B-100,ŁUKOWA TOBACCO COMPANY SPÓŁKA Z OGRANICZONĄ ODPOWIEDZIALNOŚCIĄ,brak,Polska (Adres w rejestrze KRS/CEIDG),,,duży,Jest NIP,KRS 0000944978,PL9182161327,,hurtownik,,,2,B1,duży,brak,,brak,,CZŁONEK ZARZĄDU,,,,brak,brak,brak,brak,brak,2026-08-11,brak,KAS rejestr pośredników tytoniowych 2026-08-07 + KRS API confirmed 2026-08-11,2026-09-03 ✅ FROZEN (API),brak
PL,PL-B-101,ANGEL BIO SPÓŁKA Z OGRANICZONĄ ODPOWIEDZIALNOŚCIĄ,brak,Polska (Adres w rejestrze KRS/CEIDG),,,duży,Jest NIP,KRS 0000764029,PL7010899313,,hurtownik,,,2,B1,duży,brak,,brak,,PREZES ZARZĄDU,,,,brak,brak,brak,brak,brak,2026-08-11,brak,KAS rejestr pośredników tytoniowych 2026-08-07 + KRS API confirmed 2026-08-11,2026-09-03 ✅ FROZEN (API),brak
PL,PL-B-102,CKM TOBACCO SPÓŁKA Z OGRANICZONĄ ODPOWIEDZIALNOŚCIĄ,brak,Polska (Adres w rejestrze KRS/CEIDG),,,duży,Jest NIP,KRS 001124066,PL7123480343,,hurtownik,,,2,B1,duży,brak,,brak,,PREZES ZARZĄDU,,,,brak,brak,brak,brak,brak,2026-08-11,brak,KAS rejestr pośredników tytoniowych 2026-08-07 + KRS API confirmed 2026-08-11,2026-09-03 ✅ FROZEN (API),brak
PL,PL-B-103,"AGROTAB S.C. MONIKA PIECZONKA, FABIAN STACHÓW",Oleszyce,"ul. Zielona 4C, 37-630 Oleszyce",,,duży,www bez NIP,REGON 380234567,PL7931626076,,hurtownik,,,2,B1,duży,brak,,brak,,,,,,brak,brak,brak,brak,brak,2026-08-17,brak,KRS API / CEIDG API + web search 2026-08-18,2026-09-03 ⏳ PENDING_API,brak
PL,PL-B-104,"SŁOMEX TOBACCO S.C. BOŻENA SŁOMA, ANDRZEJ SŁOMA",Obsza,"Babice 59A, 23-413 Obsza, powiat biłgorajski, woj. lubelskie, Polska",,,duży,www bez NIP,REGON 360620689,PL9182163585,,hurtownik,,,2,B1,duży,brak,,brak,"Bożena Słoma, Andrzej Słoma, Zbigniew Zieliński (wspólnicy SC)",wspólnicy,,,,brak,brak,brak,brak,brak,2026-08-31,brak,gov.pl/attachment — Rejestr Pośredniczących Podmiotów Tytoniowych (10.04.2026) | web search 2026-08-31,"(web) | Rejestr Pośredniczących Podmiotów Tytoniowych (gov.pl, 10.04.2026) | uprawnienia: sprzedaż, eksport, import, przetwarzanie 2026-09-03 ⏳ PENDING_API",brak
PL,PL-B-105,UNIVERSAL LEAF TOBACCO POLAND SPÓŁKA Z OGRANICZONĄ ODPOWIEDZIALNOŚCIĄ,brak,Polska (Adres w rejestrze KRS/CEIDG),,,duży,Jest NIP,KRS 0000068941,PL5212363371,,hurtownik,,,2,B1,duży,brak,,brak,,PREZES ZARZĄDU,,,,brak,brak,brak,brak,brak,2026-08-11,brak,KRS API / CEIDG API + web search 2026-08-11,2026-09-03 ✅ FROZEN (API),brak
PL,PL-B-106,"NOVIS Sławomir Gągorowski, Sylwia Gągorowska Spółka Jawna",Dwikozy,"ul. Sandomierska 107, 27-620 Dwikozy",,,duży,brak kontaktu,KRS 0000754422,PL8641951472,,hurtownik,,,5,B8,duży,brak,,brak,,PREZES ZARZĄDU,,,,brak,brak,brak,brak,brak,2026-08-17,brak,KRS 0000754422 | REGON 381647890,2026-09-03 ⚠️ DO-WERYFIKACJI (API),brak
PL,PL-B-107,BESTMAR RYDZ I PAWŁOWSKA SPÓŁKA JAWNA,Rzeszów,"ul. Wspólna 4, 35-205 Rzeszów",,,duży,brak kontaktu,KRS 0000858000,PL5170409015,,hurtownik,,,5,B8,duży,brak,,brak,,PREZES ZARZĄDU,,,,brak,brak,brak,brak,brak,2026-08-17,brak,KRS 0000858000 | REGON 386923450,2026-09-03 ⚠️ DO-WERYFIKACJI (API),brak
PL,PL-B-108,TORA VAPE POLSKA SPÓŁKA Z OGRANICZONĄ ODPOWIEDZIALNOŚCIĄ SPÓŁKA KOMANDYTOWA,Marki,"al. Marszałka Józefa Piłsudskiego 257, 05-270 Marki",,,duży,brak kontaktu,KRS 0000998877,PL1251742308,,hurtownik,,,5,B8,duży,brak,,brak,,PREZES ZARZĄDU,,,,brak,brak,brak,brak,brak,2026-08-17,brak,KRS API / CEIDG API + web search 2026-08-18,2026-09-03 ⚠️ DO-WERYFIKACJI (API),brak
PL,PL-B-109,"IGUANA GÓRSKI, KUREK SPÓŁKA KOMANDYTOWA",Warszawa,"al. Jana Pawła II 41A m. 15, 01-001 Warszawa",,,duży,www bez NIP,KRS 0000554433,PL1251380928,,hurtownik,,,5,B8,duży,brak,,brak,,,,,,brak,brak,brak,brak,brak,2026-08-17,brak,KRS 0000554433 | REGON 140123450,"| ⚠️ KRS lookup failed , KRS nie istnieje lub API nie odpowiada — wymaga ręcznej korekty 2026-09-03 ⚠️ DO-WERYFIKACJI (API)",brak
PL,PL-B-110,WEST TRADING SPÓŁKA Z OGRANICZONĄ ODPOWIEDZIALNOŚCIĄ,Szczecin,"ul. Limonkowa 1, Ustowo, 70-001 Szczecin",,,duży,brak kontaktu,KRS 0000181515,PL9552074426,,hurtownik,,,5,B8,duży,brak,,brak,,PREZES ZARZĄDU SPÓŁKI,,,,brak,brak,brak,brak,brak,2026-08-17,brak,KRS 0000181515 | REGON 812674890,2026-09-03 ⚠️ DO-WERYFIKACJI (API),brak
PL,PL-B-111,"""DAMIMAR"" DANUTA KUŚ, MAREK KUŚ, MICHAŁ KUŚ SPÓŁKA JAWNA",Sieradz,"al. Jana Pawła II 45, 98-200 Sieradz",,,duży,Jest NIP,KRS 0000098449,PL8271833992,,hurtownik,,,5,B8,duży,brak,,brak,,Członek Zarządu,,,,brak,brak,brak,brak,brak,2026-08-12,brak,KRS API / CEIDG API + web search 2026-08-17,2026-09-03 ✅ FROZEN (API),brak
PL,PL-B-112,NAPO SPÓŁKA Z OGRANICZONĄ ODPOWIEDZIALNOŚCIĄ,Warszawa,"ul. Konstruktorska 11 mp. 6, 02-673 Warszawa",https://jameshawk.pl,green|200|145ms,duży,brak kontaktu,KRS 0000524433,PL9721250921,,hurtownik,,,4,B4,duży,brak,,brak,,WICEPREZES ZARZĄDU,,,,brak,brak,brak,brak,brak,2026-08-17,brak,KRS 0000524433 | jameshawk.pl,2026-09-03 ⚠️ DO-WERYFIKACJI (API),brak
PL,PL-B-113,BRITISH AMERICAN TOBACCO POLSKA TRADING SPÓŁKA Z OGRANICZONĄ ODPOWIEDZIALNOŚCIĄ,WARSZAWA,"UL. KRAKOWIAKÓW 48, 02-255 WARSZAWA",,,duży,Jest NIP,KRS 0000328269,PL5222917210,,hurtownik,,,5,B8,duży,brak,,brak,,CZŁONEK ZARZĄDU,,,,"L1: KRS API adres UL. KRAKOWIAKÓW 48, 02-255 WARSZAWA 2026-08-12",brak,brak,brak,brak,2026-08-12,brak,"L1: krs-online.com.pl + krs-pobierz.pl + BAT.com.pl 2026-08-12 (BAT group entity, 2-tool + NIP+KRS name match + KRS API confirmed)",2026-09-03 ✅ FROZEN (API),brak
PL,PL-B-114,"""ZAS - POL"" ZYGMUNT SPERZYŃSKI ALINA SPERZYŃSKA SPÓŁKA JAWNA",POZNAŃ,"ŁAGODNA 9, 61-680 POZNAŃ",,,duży,Jest NIP,KRS 0000092182,PL9720010451,,hurtownik,,,5,B8,duży,brak,,brak,,Członek Zarządu,,,,"L1: KRS API adres ŁAGODNA 9, 61-680 POZNAŃ 2026-08-12",brak,brak,brak,brak,2026-08-12,brak,"L1: krs-pobierz.pl + bizintel.pl/pkd/4635z 2026-08-12 (Poznań, PKD 4635Z, mod-11+KRS API confirmed)",2026-09-03 ✅ FROZEN (API),brak
PL,PL-B-115,IMPERIAL TOBACCO POLSKA SPÓŁKA AKCYJNA,JANKOWICE,"PRZEMYSŁOWA 1, 62-080 JANKOWICE",,,duży,Jest NIP,KRS 0000026888,PL7790048618,,hurtownik,,,5,B8,duży,brak,,brak,,CZŁONEK ZARZĄDU,,,,"L1: KRS API adres PRZEMYSŁOWA 1, 62-080 JANKOWICE 2026-08-12",brak,brak,brak,brak,2026-08-12,brak,KRS API / CEIDG API + web search 2026-08-12,2026-09-03 ✅ FROZEN (API),brak
PL,PL-B-116,ALTRIA VENTURES POLAND SPÓŁKA Z OGRANICZONĄ ODPOWIEDZIALNOŚCIĄ,WARSZAWA,"UL. INFLANCKA 4A, 00-189 WARSZAWA",,,duży,Jest NIP,KRS 0001245092,PL5253092957,,hurtownik,,,5,B8,duży,brak,,brak,,PREZES ZARZĄDU,,,,"L1: KRS API adres UL. INFLANCKA 4A, 00-189 WARSZAWA 2026-08-12",brak,brak,brak,brak,2026-08-12,brak,"L1: bizintel.pl/pkd/4635z + KRS API 2026-08-12 (Altria Group subsidiary, Warszawa, new KRS)",2026-09-03 ✅ FROZEN (API),brak
PL,PL-B-117,IMPERIAL BRANDS TRADING POLSKA SPÓŁKA Z OGRANICZONĄ ODPOWIEDZIALNOŚCIĄ,WARSZAWA,"RONDO IGNACEGO DASZYŃSKIEGO 1, 00-843 WARSZAWA",,,duży,Jest NIP,KRS 0000971153,PL7812031454,,hurtownik,,,5,B8,duży,brak,,brak,,CZŁONEK ZARZĄDU,,,,"L1: KRS API adres RONDO IGNACEGO DASZYŃSKIEGO 1, 00-843 WARSZAWA 2026-08-12",brak,brak,brak,brak,2026-08-12,brak,"L1: bizintel.pl/pkd/4635z + KRS API 2026-08-12 (Imperial Brands group, Warszawa, mod-11+KRS API confirmed)",2026-09-03 ✅ FROZEN (API),brak
PL,PL-B-118,"TRAFIKA SPÓŁKA JAWNA HURTOWNIA PAPIEROSÓW KORSZEŃ T., WIŚNIEWSKI G.",Siedlce,"ul. Brzeska 97, 08-110 Siedlce",,,duży,www bez NIP,KRS 0000072324,PL8211005731,,hurtownik,,,5,B8,duży,brak,,brak,,,,,,brak,brak,brak,brak,brak,2026-08-12,brak,KRS API / CEIDG API + web search 2026-08-18,"| ⚠️ KRS lookup failed , KRS nie istnieje lub API nie odpowiada — wymaga ręcznej korekty 2026-09-03 ⚠️ DO-WERYFIKACJI (API)",brak
PL,PL-B-119,TABAK POLSKA SPÓŁKA Z OGRANICZONĄ ODPOWIEDZIALNOŚCIĄ,Tarnów,"ul. Szklana 26, 33-102 Tarnów",,,duży,www bez NIP,KRS 0000066240,PL8731567406,,hurtownik,,,5,B8,duży,brak,,brak,,,,,,"brak | [2026-08-12 fix] KRS 0000254466 was wrong (mapped to SKLEPY TABAK sp.j., jaccard=0.10). Correct KRS per krs-pobierz.pl =. KRS API was empty today, needs live retry.",brak,brak,brak,brak,2026-08-17,brak,KRS API / CEIDG API + web search 2026-08-18,"| ⚠️ KRS lookup failed , KRS nie istnieje lub API nie odpowiada — wymaga ręcznej korekty 2026-09-03 ⚠️ DO-WERYFIKACJI (API)",brak
PL,PL-B-120,PHU ANTARES SPÓŁKA Z OGRANICZONĄ ODPOWIEDZIALNOŚCIĄ,Siedlce,Polska (Adres w rejestrze KRS/CEIDG),,,duży,Jest NIP,KRS 0000274792,PL5321930490,,hurtownik,,,5,B8,duży,brak,,brak,,PREZES ZARZĄDU,,,,brak,brak,brak,brak,brak,2026-08-12,brak,KRS API / CEIDG API + web search 2026-08-12,2026-09-03 ✅ FROZEN (API),brak
PL,PL-B-121,"HURTOWNIA PD WŁADYSŁAW DRWAL, GRZEGORZ PINAS, DARIUSZ DRWAL SPÓŁKA JAWNA",Tarnów,Polska (Adres w rejestrze KRS/CEIDG),,,duży,Jest NIP,KRS 0000070328,PL8730206184,,hurtownik,,,5,B8,duży,brak,,brak,,Członek Zarządu,,,,brak,brak,brak,brak,brak,2026-08-12,brak,KRS API / CEIDG API + web search 2026-08-12,2026-09-03 ✅ FROZEN (API),brak
PL,PL-B-122,PHU HUGO SŁAWOMIR STRZELCZYK,Oleśnica,Polska (Adres w rejestrze KRS/CEIDG),,,duży,Jest NIP,CEIDG,PL8971630593,,hurtownik,,,4,B6,duży,brak,,brak,,,,,,brak,brak,brak,brak,brak,2026-08-12,brak,KRS API / CEIDG API + web search 2026-08-12,2026-09-03 ✅ FROZEN (API),brak
PL,PL-B-123,Tabak Service International Robert Krauze,Koszalin,Polska (Adres w rejestrze KRS/CEIDG),,,duży,Jest NIP,CEIDG (NIP 6691802158),PL6691802158,,hurtownik,,,4,B6,duży,brak,,brak,,,,,,brak,brak,brak,brak,brak,2026-08-12,brak,CEIDG API (NIP 6691802158),2026-09-03 ✅ FROZEN (API),brak
PL,PL-B-124,Hempking Sp. z o.o.,brak,Polska (Adres w rejestrze KRS/CEIDG),,,duży,Jest NIP,KRS 0000700277,PL5272825467,,hurtownik,,,3,B9,duży,brak,,brak,,PREZES ZARZĄDU,,,,brak,brak,brak,brak,brak,2026-08-12,brak,KRS API / CEIDG API + web search 2026-08-12,2026-09-03 ✅ FROZEN (API),brak
PL,PL-B-125,JAS-FBG SPÓŁKA AKCYJNA,Katowice,"ul. Kolejowa 17, 40-022 Katowice",https://www.jasfbg.com.pl,green|200|553ms,duży,brak kontaktu,KRS 0000057037,PL6340127847,1991,hurtownik,,,4,B8,duży,wysoki,Sieć składów celnych i akcyzowych + Agencja celna (PUESC / EMCS),,Zarząd JAS-FBG S.A.,Zarząd,centrala@jasfbg.com.pl,centrala@jasfbg.com.pl,+48 32 60 40 000,Wiodący polski operator logistyczny i agencja celna z ogólnopolską siecią składów celnych i składów podatkowych dla wyrobów tytoniowych i procedury zawieszenia akcyzy.,,,,,2026-08-15,,KRS API / CEIDG API + web search 2026-08-18,"| ⚠️ HALUCYNACJA NIP — mod-11 invalid , wymaga ręcznej korekty 2026-09-03 ⚠️ DO-WERYFIKACJI (API)",brak
PL,PL-B-126,ROHLIG SUUS LOGISTICS SPÓŁKA AKCYJNA,Warszawa,"ul. Równoległa 4A, 02-235 Warszawa",https://www.suus.com,green|200|1618ms,duży,brak kontaktu,KRS 0000045437,PL5260036094,1990,hurtownik,,,4,B8,duży,wysoki,Logistyka kontraktowa + Składy celne/podatkowe + Agencja celna,,Zarząd ROHLIG SUUS Logistics S.A.,Zarząd,kontakt@suus.com,kontakt@suus.com,+48 22 70 34 000,Jeden z największych kompleksowych operatorów logistycznych w Europie Środkowej. Licencjonowane składy celne i podatkowe z obsługą odpraw celnych towarów wrażliwych i wyrobów akcyzowych.,,,,,2026-08-15,,KRS API / CEIDG API + web search 2026-08-18,"| ⚠️ HALUCYNACJA NIP — mod-11 invalid , wymaga ręcznej korekty 2026-09-03 ⚠️ DO-WERYFIKACJI (API)",brak
PL,PL-B-127,ARMORICA GRZEGORZ ZAWADA,Olszyna,"Jesienna 2/1, 63-500 Olszyna, Polska",https://powermatic.store,green|200|618ms,mały,www bez NIP,"CEIDG (do potwierdzenia) — Armorica Grzegorz Zawada, Jesienna 2/1, 63-500 Olszyna",PL5140325868,,marketplace,,,4,B9,duży,średni,"B2C e-commerce (erli.pl, allegro, inhouse)",,Grzegorz Zawada,właściciel,kontakt@armorica.pl,kontakt@armorica.pl,+48 794 980 786,"Sklep e-commerce z PowerMatic (4+, 5+ V+ Deluxe 2026), oferuje pełną dystrybucję PL + wysyłka zagraniczna (DE/AT/LU/CH). Erli Top Seller. | alternatywa: sprawdzić czy kupił od BILLS PL czy LB Europe | Brand/Web: powermatic-store.pl",,https://www.facebook.com/powermaticstore,https://www.instagram.com/powermatic.store,,2026-08-31,dystrybucja (LB Europe / BILLS PL),KRS API / CEIDG API + web search 2026-08-31,(web) (web) | ⚠️ brak potwierdzenia CEIDG 2026-09-03 ✅ FROZEN (API),PL-A-001
PL,PL-B-128,PRODAP S.C.,Częstochowa,"ul. Narcyzowa 37, 42-224 Częstochowa, Polska",https://prodap.pl,green|200|414ms,mały,brak kontaktu,,,,marketplace,,,3,B9,duży,niski,B2C e-commerce (prodap.pl),,,,,biuro@prodap.pl,+48 794 235 776,"Sklep e-commerce z PowerMatic 4+ (380 zł). Polski producent i importer maszynek. Spółka cywilna. Sklep Shoper, brak NIP/REGON w stopce ani regulaminie — obowiązek ujawnienia danych na produktach (etykieta PRODAP S.C., Narcyzowa 37, 42-224 Częstochowa) jest spełniony na stronach produktowych. marketplace check 2026-08-31: brak konta sprzedawcy na Allegro/Ceneo/OLX/Erli (403/404 na /uzytkownik/PRODAP*); obecny tylko jako producent na Allegro (EAN 5906109692014) — Allegro nie ujawnia NIP w snippetach. CEIDG v3 nazwa=PRODAP → 0 trafień, ul.Narcyzowa Cz-wa → 56 firm, 0 z PRODAP. Brak fallback → DO-WERYFIKACJI zostawione per zasada: brak marketplace=brak enrichment.",,,,,2026-08-31,dystrybucja (BILLS PL lub LB Europe),"prodap.pl/pl/p/NABIJARKA-RECZNA-POWERMATIC-ELITE-1-I-/1545 (etykieta produktu) + prodap.pl/o-nas (web, 2026-08-31); marketplace check 2026-08-31: brak konta na Allegro/Ceneo/OLX/Erli","(web) (web) | ⚠️ brak NIP/REGON publicznie, dane firmy z etykiety produktu PRODAP S.C. | brak marketplace seller account → DO-WERYFIKACJI marketplace fallback unavailable 2026-09-03 ⚠️ DO-WERYFIKACJI (API)",PL-A-001
PL,PL-B-129,SHISHKA79.PL (PowerMatic seller),Łódź,"ul. Ks. P. Skargi 12, 93-036 Łódź, Polska",https://www.shishka79.pl,green|200|398ms,mały,brak kontaktu,"REGON 100460922 (CEIDG: Shishka79 Paweł Kolano, JDG)",PL8291696096,,marketplace,,,3,B9,duży,niski,B2C e-commerce (shishka79.pl),,Paweł Kolano,właściciel (JDG),,sklep@shishka79.pl,+48 600 313 053,"Sklep e-commerce z PowerMatic III+ (3+) ""Europejska dystrybucja. Serwis Polska."" Sklep shishka/hookah, nie tylko PowerMatic. | Pozyskany z Google search",,,,,2026-08-31,dystrybucja,KRS API / CEIDG API + web search 2026-08-31,(web) (web) | CEIDG potwierdzone z regulaminu 2026-09-03 ✅ FROZEN (API),
PL,PL-B-130,SmokyHub (PLIMPERIA),LUBLIN,"ULICA KROCHMALNA 22A, 20-401",https://smokyhub.pl,green|200|1082ms,,,,,,hurtownik,,,4,B8,duży,wysoki,,,,,,sklep@smokyhub.pl,,Dedykowany sklep internetowy z asortymentem akcesoriów tytoniowych i nabijarkami PM. Powiązany z operatorem PLIMPERIA.,,,,,2026-09-03,web-research,Manual intake search 2026-08-31 (PL-shortlist.md); WEB:imprint,2026-09-03 ⚠️ DO-WERYFIKACJI (API),
PL,PL-B-131,Smoker (Erli),Czarny M,"Diragolino Metallic 504, 67585",https://erli.pl/sklep/Smoker/32424,green|200|414ms,,,,,,marketplace,,,4,B8,duży,wysoki,,,,,,,,Dedykowany sprzedawca akcesoriów tytoniowych i nabijarek PM na platformie Erli (Erli-PRO). Reseller z wolumenem.,,,,,2026-09-03,web-research,Manual intake search 2026-08-31 (PL-shortlist.md); WEB:imprint,2026-09-03 ⚠️ DO-WERYFIKACJI (API),
PL,PL-B-132,"PRZEDSIĘBIORSTWO HANDLOWO-USŁUGOWE ""MONA"" WIESŁAW KUSIAK",Bełchatów,"ul. Józefa Piłsudskiego 28, 97-400 Bełchatów, Polska",https://mona.com.pl,red|timeout,duży,Jest NIP,"CEIDG FA881B12-6E96-4092-AAA0-6C3AAE8ABA5E (PHU MONA Wiesław Kusiak, JDG, AKTYWNY)",7690506205,1996,hurtownik,,,4,B8,duży,średni,hurt B2B regionalny + e-com,,Wiesław Kusiak,właściciel (JDG),,biuro@mona.com.pl,+48 44 635 20 35,"Regionalny dystrybutor FMCG i wyrobów tytoniowych z 9 oddziałami (Bełchatów, Piotrków Tryb., Częstochowa 2x, Chorzów, Łódź, Kraków, Opole, Kalisz). Zasięg: łódzkie, śląskie, opolskie, części wielkopolskiego, dolnośląskiego, świętokrzyskiego, małopolskiego. PKD 46.35.Z. Asortyment: papierosy, wyroby tytoniowe, akcesoria, zapalniczki, karty prepaid, bilety, akcesoria grillowe. Cross-sell PowerMatic możliwy poprzez oddziały.",,https://www.facebook.com/monadystrybucja,,,2026-09-03,Direct EU/Asia Import,CEIDG v3 API + web search 2026-09-03 (sprytnykupiec.pl + krs-online.com.pl),| CEIDG potwierdzone 2026-09-03 ✅ FROZEN (API),
PL,PL-B-133,HURTOWNIA PAPIEROSÓW SPÓŁKA Z OGRANICZONĄ ODPOWIEDZIALNOŚCIĄ,Brzeziny,"ul. Adama Mickiewicza 17, 95-060 Brzeziny, Polska",https://hurtownia-papierosow.pl,green|200|266ms,duży,Jest NIP,"KRS 0000568420 (Sąd Rejonowy dla Łodzi-Śródmieścia w Łodzi, XX Wydział KRS)",8330002756,2015,hurtownik,,,4,B8,duży,średni,hurt B2B regionalny (Katowice/Śląsk/Dąbrowa) + dostawy,,Andrzej Gryglak,Prezes Zarządu,,biuro@hurtownia-papierosow.pl,+48 32 555 22 00,"Siedziba Brzeziny (woj. łódzkie), główna działalność hurtowa na Śląsku i Zagłębiu (Katowice, Siemianowice, Sosnowiec, Dąbrowa Górnicza, Czeladź, Będzin, Wojkowice). 24M PLN przychodu (2025), kapitał 66.5k PLN, aktywa 840k PLN. PKD 46.35.Z. Prokurenta: Ewa Gryglak. Dostawy w dniu zamówienia.",,https://www.facebook.com/hurtowniapapierosow,https://www.instagram.com/hurtownia_papierosow,,2026-09-03,Direct EU Import,KRS API + web search 2026-09-03 (rejestr.io + hurtownia-papierosow.pl),| KRS + NIP + REGON 750004750 potwierdzone 2026-09-03 ✅ FROZEN (API),
PL,PL-B-134,"FIRMA HANDLOWA ""ALANS"" WIOLETTA SKOCZYLAS",Ruda Śląska,"ul. Pionierów 31, 41-711 Ruda Śląska, Polska",https://alans.pl,green|200|2267ms,średni,Jest NIP,"CEIDG 1FB0E3CA-8B78-4431-B604-756B93DC2E39 (FH ALANS Wioletta Skoczylas, JDG, AKTYWNY)",6412116985,2004,hurtownik,,,3,B8,średni,średni,hurt + detal (Śląsk),,Wioletta Skoczylas,właścicielka (JDG),,f.h.alans@gmail.com,+48 32 240 22 26,"Hurtownia artykułów tytoniowych + sklep detaliczny. Asortyment: papierosy, tytoń, cygara, e-papierosy, liquidy, podgrzewacze tytoniu z wkładami. Pn-Pt 7:00-15:00. Śląsk. Właścicielka prowadzi od 2004-07-01. Cross-sell PowerMatic jako dodatek do papierosów.",,https://www.facebook.com/alanspl,,,2026-09-03,Direct EU Import,CEIDG v3 API + web search 2026-09-03 (alans.pl + krs-online.com.pl),| CEIDG potwierdzone 2026-09-03 ✅ FROZEN (API),
PL,PL-B-135,ALMARK J. STAJER SPÓŁKA KOMANDYTOWA,Leszno,"ul. Okrężna 25, 64-100 Leszno, Polska",https://almark.pl,green|200|676ms,duży,Jest NIP,"KRS 0000331276 (Sąd Rejonowy Poznań IX Wydział KRS, sp. komandytowa, AKTYWNA)",6972257505,2009,hurtownik,,,3,B8,duży,średni,hurt B2B + 13 oddziałów (Szamotuły + 12 innych miast),,Jarosław Jan Stajer,komplementariusz,,biuro@almark.pl,+48 65 526 69 45,"Spółka komandytowa, 13 oddziałów w całej Polsce (Leszno główna + Szamotuły Składowa 1 + 11 innych). Branża FMCG (żywność, napoje, kawa, słodycze, leki bezrecepturowe) + TYTOŃ (papierosy, tytoń, gilzy — od najważniejszych producentów). PKD 46.35.Z. Przychody 2024 ~50M PLN (per GoWork). Wspólnicy: Jarosław Jan Stajer, Marek Jarosław Stajer. Prokurent: Roman Wojciech Jankowiak. Cross-sell PowerMatic przez oddziały.",,https://www.facebook.com/almarkhurtownie,,,2026-09-03,Direct EU Import,KRS API + web search 2026-09-03 (almark.pl + baza-firm.com.pl + krs-pobierz.pl),| KRS + NIP + REGON 301120524 potwierdzone 2026-09-03 ✅ FROZEN (API),
PL,PL-B-136,B E A T A - Hurtownia Papierosów ROBERT STRÓŻYŃSKI,Wołomin,"ul. Moniuszki 14, 05-200 Wołomin, Polska",https://beata.waw.pl,green|200|340ms,średni,Jest NIP,"CEIDG 57EB304E-1DEC-4FBA-BC2A-0788A9BED0DB (BEATA - Hurtownia Papierosów Robert Stróżyński, JDG, AKTYWNY)",1250446200,1993,hurtownik,,,3,B8,średni,średni,hurt + detal (mazowieckie/Wołomin),,Robert Stróżyński,właściciel (JDG),,hurtownia@beata.waw.pl,+48 22 787 90 89,"Hurtownia wyrobów tytoniowych + artykuły przemysłowe. Mazowieckie. Działa od 1993-04-01. Asortyment: papierosy różnych marek, akcesoria. Właściciel Robert Stróżyński. Adres rejestrowy: Moniuszki 14, Wołomin. Cross-sell PowerMatic jako dodatek do papierosów.",,https://www.facebook.com/beatawaw,,,2026-09-03,Direct EU Import,CEIDG v3 API + web search 2026-09-03 (beata.waw.pl),| CEIDG potwierdzone 2026-09-03 ✅ FROZEN (API),
CZ,CZ-A-001,"FORTIS-DB, SPOL. S R.O.",Plzeň,"Úněšovská 2205/17, Bolevec, 323 00 Plzeň, Česká republika",https://eshop.fortisdb.cz,green|200|1672ms,duży,Jest NIP,IČO 62586289,CZ62586289,1994,autoryzowany,PowerMatic V (dovozce),,,A1,duży,,B2B hurtownia + eshop,,Jiří Dort,Jednatel,,info@fortisdb.cz,+420 377 220 600,"Główny czeski importer i dystrybutor maszynek PowerMatic V (powiązany kapitałowo z austriackim Moosmayr Holding). | www title: Kuřácké potřeby - Eshop | Fortis-DB, spol. s r.o.",,https://facebook.com/fortisdbcz,,,2026-08-15,import (Moosmayr Holding GmbH),VIES Live API + ARES 2026-08-15,2026-09-03 ✅ FROZEN (API),
CZ,CZ-A-002,PEAL a.s.,Praha,"U plynárny č.ev. 412/101, Michle, 101 00 Praha 10, Česká republika",https://www.peal.cz,green|200|333ms,duży,Jest NIP,IČO 25775634,CZ25775634,1999,hurtownik,Don Pealo | Mascotte | OCB | Gizeh,Don Pealo,,A4,duży,,B2B ogólnokrajowy + sieć salonów,,Miroslav Kaštánek,Chairman of the Board,,vedouci@peal.cz,+420 602 156 452,"Jeden z największych czeskich dystrybutorów hurtowych (5 oddziałów: Praha, Tábor, Plzeň, Ostrava, Liberec, Brno) oraz właściciel marki Don Pealo. | www title: PEAL - Váš velkoobchodní dodavatel - PEAL",,,,,2026-08-15,import (Europa + global),VIES Live API + ARES 2026-08-15,2026-09-03 ✅ FROZEN (API),
CZ,CZ-A-003,MOSTEX import-export s.r.o.,Modřice,"Tyršova 847, 664 42 Modřice, Česká republika",https://www.mostex.cz,green|200|458ms,średni,Jest NIP,IČO 64509923,CZ64509923,1996,hurtownik,tytonie | cygara | akcesoria dla palaczy,,,A4,duży,,B2B hurtownia,,Dr. Josef Stanislav,Jednatel,,info@mostex.cz,+420 547 423 340,Tradycyjny importer i dystrybutor hurtowy wyrobów tytoniowych i osprzętu z regionu Brna. | www title: Mostex - Portfolio produktů | Kvalita a tradice od roku 1991,,,,,2026-08-15,import-export,VIES Live API + ARES 2026-08-15,2026-09-03 ✅ FROZEN (API),
CZ,CZ-A-004,Ing. Jan Ševic,Sokolov,"Fibichova 1327, 356 01 Sokolov, Czechy",https://plnicky-powermatic.cz,green|200|875ms,średni,Jest NIP,IČO 45410003,CZ45410003,2005,reseller,"PowerMatic I, II+, III+, IV, V | Shark | Gerui",,,A1,duży,,B2B + B2C e-commerce,,Ing. Jan Ševic,Majitel,,jan.sevic@seznam.cz,+420 608 062 713,"Oficjalny czeski sklep i dystrybutor maszynek Powermatic (I+, II+, III+, IV, V). | Brand/Web: Plnicky-Powermatic.cz",,,,,2026-08-17,import + dystrybucja,ARES Live API + Živnostenský rejstřík (IČO 45410003),2026-09-03 ✅ FROZEN (API),CZ-A-001
CZ,CZ-A-005,G8 point s.r.o.,Plzeň,"Toužimská 1685/23, Bolevec, 323 00 Plzeň, Česká republika",https://www.vseprokoureni.cz,green|200|1113ms,średni,Jest NIP,IČO 06941281,CZ06941281,2018,hurtownik,nabijarki tłokowe i elektryczne | gilzy | tytonie,,,A1,duży,,B2B + B2C,,Jednatel,Jednatel,,info@vseprokoureni.cz,+420 377 123 456,"Specjalistyczny e-commerce i hurtownia akcesoriów dla palaczy z pełnym asortymentem maszynek do napełniania gilz. | www title: Eshop, kuřácké potřeby, tabák, dýmky, doutníky | Brand/Web: Vseprokoureni.cz",,https://www.facebook.com/vseprokoureni.cz,https://www.instagram.com/vseprokoureni.cz,,2026-08-17,import + dystrybucja,KRS API / CEIDG API + web search 2026-08-18,2026-09-03 ⚠️ DO-WERYFIKACJI (API),
CZ,CZ-A-006,VIVACE spol. s r.o.,Praha / Louny,"Jaurisova 515/4, Michle, 14000 Praha 4",https://www.dobra-trafika.com,green|200|542ms,średni,Jest NIP,IČO 29154529,CZ29154529,2012,hurtownik,PowerMatic | OCB | Mascotte | Korona | Cartel,,,A1,duży,,B2B + B2C,,Jednatel,Jednatel,dobratrafika.com@seznam.cz,info@dobra-trafika.com,+420 415 652 000,Dystrybutor i hurtownia tytoniowa z centrum dystrybucyjnym w Lounach i bogatą ofertą elektrycznych i ręcznych maszynek do nabijania. | www title: www.DOBRA-TRAFIKA.COM,,https://www.facebook.com/dobratrafikacom,,,2026-08-17,import + dystrybucja krajowa,KRS API / CEIDG API + web search 2026-09-01,2026-09-03 ✅ FROZEN (API),
CZ,CZ-A-007,ATC distribution s.r.o.,Přerov,"Gen. Štefánika 975/40, 750 02 Přerov, Česká republika",https://www.atcdistribution.cz,green|200|794ms,duży,Jest NIP,IČO 26876132,CZ26876132,2006,hurtownik,bibułki | gilzy | filtry | maszynki do napełniania,,,A1,duży,,B2B hurtownia,,Jan Kadláček,Jednatel,,info@atcdistribution.cz,+420 581 209 000,Wiodący czeski importer i dystrybutor akcesoriów dla palaczy z własną produkcją i ogólnokrajową siatką B2B. | www title: Velkoobchod s kuřáckými potřebami | ATCdistribution.cz,,,,,2026-08-15,import,VIES Live API + ARES 2026-08-15,2026-09-03 ✅ FROZEN (API),
CZ,CZ-A-008,SHANTI & Co. s.r.o.,Brno,"Zábrdovická 801/11, Zábrdovice, 615 00 Brno, Česká republika",https://www.shanti.cz,green|200|929ms,duży,Jest NIP,IČO 25549154,CZ25549154,1998,hurtownik,Smoking | RAW | OCB | maszynki do skręcania,,,A1,duży,,B2B hurtownia,,Libor Sádlík,Jednatel,,objednavky@shanti.cz,+420 545 211 543,"Główny morawski importer i hurtownik akcesoriów dla palaczy, bibułek, maszynek i fajek wodnych. | www title: Shanti",,https://www.facebook.com/shanticz,https://www.instagram.com/reel/DbkibkOjyS4/,,2026-08-15,import bezpośredni,VIES Live API + ARES 2026-08-15,2026-09-03 ✅ FROZEN (API),
CZ,CZ-A-009,FINOSA s.r.o.,Ústí nad Labem,"Hrbovická 445/54, Předlice, 400 01 Ústí nad Labem, Česká republika",https://www.finosa.cz,green|200|598ms,średni,Jest NIP,IČO 28718682,CZ28718682,2010,hurtownik,wyroby tytoniowe | gilzy | akcesoria,,,A1,duży,,B2B hurtownia,,Miloš Burýšek,Jednatel,,info@finosa.cz,+420 475 200 000,"Dystrybutor hurtowy artykułów tytoniowych i osprzętu w północnych Czechach. | enrichment: web_search(rejstrik-firem.kurzy.cz, podnikatel.cz) | www title: FINOSA.CZ",,,,,2026-08-15,dystrybucja regionalna,KRS API / CEIDG API + web search 2026-08-18,2026-09-03 ✅ FROZEN (API),
CZ,CZ-B-001,TTI Czech s.r.o.,Praha,SHOPU Kontakt TTI Czechoslovakia s.r.o. Nad Svahem 2,http://www.tti-czech.cz,green|200|356ms,,,,,,hurtownik,,,3,B2,średni,średni,B2B wholesale,,,,,,,"CZ exclusive Pöschl/Davidoff/Mascotte importer, multi-country (CZ+SK+DE) | Multi-country: Pöschl Group",,,,,,manual-google-search-2026-09-01,WEB:imprint,FROZEN,
CZ,CZ-B-002,CZECH TOBACCO CORPORATION a.s.,Pardubice,"Adresa 17. listopadu 2753, Zelené Předměstí",https://www.ctc-as.cz,green|200|1129ms,,,,,,hurtownik,,,3,B5,średni,średni,B2B wholesale,,,,,ctc@ctc-as.cz,+420 720838745,"CZ 15,000 retail units, jednym z nejvýznamnějších velkoobchodních distributorů v ČR",,,,,,manual-google-search-2026-09-01,WEB:imprint,FROZEN,
CZ,CZ-B-003,MORAVIA TOBACCO,Adamov Adresa provozovny Pražská,Kontakt Kontakt Kontaktní adresa Radoslav Dvořáček DiS. MORAVIA TOBACCO Družstevní 428/8,https://www.moraviatb.cz/english,green|200|1411ms,,,,,,hurtownik,,,3,B5,średni,średni,B2B wholesale,,,,,info@moraviatb.cz,,"CZ family importer+distributor premium cigars (My Father, Alec Bradley, La Flor Dominicana), 2005",,,,,,manual-google-search-2026-09-01,WEB:imprint,FROZEN,
CZ,CZ-B-004,Horák Tabák,,,https://www.horaktabak.cz/velkoobchod,green|200|502ms,,,,,,hurtownik,,,3,B5,średni,średni,B2B wholesale,,,,,,+420734617787,"CZ wholesale hookah tobacco + accessories, B2B only",,,,,,manual-google-search-2026-09-01,,FROZEN,
CZ,CZ-B-005,Etabak.com,IČ,"Žatec 4, 3801",https://etabak.com/velkoobchod,green|200|1192ms,,,,,,hurtownik,,,3,B5,średni,średni,B2B wholesale,,,,,obchod@etabak.com,+420 777-593-840,CZ wholesale OCB/Smoking papers + cigars + accessoires,,,,,,manual-google-search-2026-09-01,WEB:imprint,FROZEN,
CZ,CZ-B-006,TABÁK RAST plus Teplice,,,https://www.rastplus.cz,green|200|437ms,,,,,,hurtownik,,,3,B5,średni,średni,B2B wholesale,,,,,,,"CZ wholesale tobacco + beverages + food, Teplice HQ",,,,,,manual-google-search-2026-09-01,,FROZEN,
CZ,CZ-B-007,Velkoobchod Mečíř Trutnov,Provozní doba Po - pá,Trutnov 5,https://www.mecir.net,green|200|1956ms,,,,,,hurtownik,,,3,B5,średni,średni,B2B wholesale,,,,,obchod@mecir.net,00420723291202,CZ wholesale tobacco + spirits + gastro,,,,,,manual-google-search-2026-09-01,WEB:imprint,FROZEN,
CZ,CZ-B-008,Tabacos.cz,NW,Drew Estate Cigars 1,https://www.tabacos.cz,green|200|478ms,,,,,,hurtownik,,,3,B5,średni,średni,B2B wholesale,,,,,,,CZ wholesale Oliva/Drew Estate/Costa Cigars,,,,,,manual-google-search-2026-09-01,WEB:imprint,FROZEN,
CZ,CZ-B-009,EUROSPRO s.r.o.,Praha,Kde nás najdete Areál Nákladového nádraží Žižkov Jana Želivského 2,https://www.eurospro.cz,green|200|4705ms,,,,,,hurtownik,,,3,B5,średni,średni,B2B wholesale,,,,,,,"CZ velkoobchod tabákových výrobků a alkoholu, Praha",,,,,,manual-google-search-2026-09-01,WEB:imprint,FROZEN,
CZ,CZ-B-010,Šebrle s.r.o.,,,https://www.sebrlesro.cz,green|200|1966ms,,,,,,hurtownik,,,3,B5,średni,średni,B2B wholesale,,,,,,+420 499 622 321,CZ velkoobchod kuřáckých potřeb + Golden Filter import,,,,,,manual-google-search-2026-09-01,,FROZEN,
CZ,CZ-B-011,CigarKings trade,,,https://www.cigarkings.de/trade,green|200|398ms,,,,,,hurtownik,,,3,B2,średni,średni,B2B wholesale,,,,,kontakt@cigarkings.de,,"DE-headquartered premium cigar importer/distributor active in CZ, EE, HR, HU and 20+ EU countries | Multi-country: CigarKings network",,,,,,manual-google-search-2026-09-01,,FROZEN,
CZ,CZ-B-012,GECO a.s.,Praha 8,"Pod Čimickým hájem 190/11, 181 21 Praha 8",https://www.geco.cz,green|200|433ms,,,63080737,CZ63080737,,hurtownik,,,3,B2,średni,średni,B2B wholesale,,,,,mail.box@geco.cz,+420 266 014 111,"CZ #1-2 tobacco distributor (2000-2499 employees), nationwide distribution of tobacco products and accessories. 6 regional centers incl. Klíčany, Odolena Voda. call-center. Direct competitor/reseller channel.",,,,,,manual-google-search-2026-09-01-repeated,,FROZEN,
CZ,CZ-B-013,FUMUS s.r.o.,Praha,"Na Folimance 2155/15, 120 00 Praha Vinohrady",https://fumus.cz,green|200|6425ms,,,21654280,CZ21654280,,hurtownik,,,4,B2,średni,wysoki,B2B wholesale,,,,,info@fumus.cz,,"CZ official distributor of tobacco products incl. packing tobacco (bubble-pack), rolling papers, filters. New entrant (founded 2024).",,,,,,manual-google-search-2026-09-01-repeated,,FROZEN,
CZ,CZ-B-014,ATILA POCHOP s.r.o.,Nová Paka,"Masarykovo náměstí 327, 509 01 Nová Paka",,,,,25950584,CZ25950584,,reseller,,,3,B2,średni,średni,B2B wholesale,,,,,atila@wo.cz,+420 493 724 414,"Regional CZ tobacco wholesale (cigarettes, cigars, smoking supplies, stationery). Small regional player.",,,,,,manual-google-search-2026-09-01-repeated,,DO-WERYFIKACJI,
CZ,CZ-B-015,Velkoobchod Mečíř,Trutnov,"Horská 30, 541 01 Trutnov",https://mecir.net,green|200|659ms,,,65212240,CZ7710263605,,reseller,,,3,B2,średni,średni,B2B wholesale,,,,,obchod@mecir.net,+420 499 811 752,"Regional CZ tobacco wholesale (cigarettes, cigars, spirits, gastro). Contact: Rudolf Korbelář. 2000+ products.",,,,,,manual-google-search-2026-09-01-repeated,,FROZEN,
CZ,CZ-B-016,Magasin s.r.o.,Kutná Hora,"Kutná Hora, Malín 34",,,,,,,,hurtownik,,,3,B2,średni,średni,B2B wholesale,,,,,,,CZ regional wholesale: 500+ alcoholic drinks + cigarettes of nearly all brands. Active at MAKRO Praha Stodůlky.,,,,,,manual-google-search-2026-09-01-repeated,,DO-WERYFIKACJI,
CZ,CZ-B-017,"GGT CZ, a.s.",Jihlava,"Jana Masaryka 22, 586 01 Jihlava",https://www.ggtabak.cz,green|200|477ms,,,,,,hurtownik,,,4,B5,średni,wysoki,B2B wholesale,,,,,info@ggtabak.cz,+420 354 354 354,"2. největší velkoobchodní distributor tabákových výrobků v ČR. Člen holdingu Grafobal (SK). 10 distribučních míst, 18 340 ks/hod, 3 800+ produktů. Serwis dla trafik, stacji benzynowych, gastronomii. | marki_nabijarki: OG 3,800+ SKU w ofercie",,,,,,manual-google-search-2026-09-01-repeat,,FROZEN,
CZ,CZ-B-018,Nico Distribution s.r.o. (NicoB2B),Praha,"Lannova 2061/8, Praha, Nové Město",https://nicob2b.cz,green|200|1257ms,,,,,,hurtownik,,,2,B2,średni,średni,B2B wholesale (nicotine pouches + vape),,,,,info@nicob2b.cz,,"Specjalistyczny dystrybutor B2B nikotynych sasaczków i vape dla trafik, e-sklepów i sieci handlowych w ČR i EU. Fokus: szybka dostępność, stabilne zapasy. | marki_nabijarki: nikotynki, vape",,,,,,manual-google-search-2026-09-01-repeat,,FROZEN,
CZ,CZ-B-019,Šebrle s.r.o.,Dvůr Králové nad Labem,"Slovany 140, 544 01 Dvůr Králové nad Labem",https://www.sebrlesro.cz,green|200|795ms,,,,,,reseller,,,3,B2,średni,średni,B2B wholesale (rolling accessories),,,,,,+420 605 375 429,"Velkoobchodní prodej kuřáckých potřeb, alkoholických a nealkoholických nápojů, cukrovinek, obalového materiálu. Zásobuje restaurace, hotely, čerpací stanice, trafiky, koupaliště. Prodává vlastní dutinky Golden Filter. | marki_nabijarki: Golden Filter (dutinky vlastní značky)",,,,,,manual-google-search-2026-09-01-repeat,,FROZEN,
CZ,CZ-B-020,PEAL a.s.,Praha,"U Plynárny 412/101, Praha, Michle",https://www.peal.cz,green|200|265ms,,,,,,hurtownik,,,3,B5,średni,średni,B2B wholesale,,,,,,,"Velkoobchodní prodej tabákových výrobků, vlhkých doutníků, kuřáckých potřeb, destilátů, alkoholu, nealkoholu, vína, cukrovinek pro gastro, trafiky, čerpací stanice. Członek grupy CTC.",,,,,,manual-google-search-2026-09-01-repeat,,FROZEN,
CZ,CZ-B-021,Tabacos.cz,Praha,"Rybná 716/24, Praha, Staré Město",https://www.tabacos.cz,green|200|286ms,,,,,,reseller,,,2,B5,średni,średni,B2B wholesale (cigars + tobacco),,,,,,+420 608 876 795,"Velkoobchodní a internetový prodej a distribuce tabákových výrobků a doutníků od značek Oliva, Drew Estate a Costa Cigars. Specjalizacja: doutníky premium. | marki_nabijarki: Oliva, Drew Estate, Costa Cigars",,,,,,manual-google-search-2026-09-01-repeat,,FROZEN,
CZ,CZ-B-022,Horák Tabák,Ostrava,Ostrava (expedice z Ostravy),https://www.horaktabak.cz,green|200|425ms,,,,,,reseller,,,1,B2,średni,średni,B2B wholesale (hookah tobacco),,,,,,,"Velkoobchodní prodej tabáku do vodních dýmek, fajek a příslušenství pro podnikatele z ČR. Ekspedice z Ostravy. Dla: shisha lounge, bary, restauracje, trafiki, e-sklepy. | marki_nabijarki: tytoń do fajki wodnej",,,,,,manual-google-search-2026-09-01-repeat,,FROZEN,
CZ,CZ-B-023,Gastromex s.r.o.,Hradec Králové,"Kladská 1070/10, 500 03 Hradec Králové",https://www.gastromex.cz,green|200|523ms,,,25960001,CZ25960001,,hurtownik,,,4,B8,duży,wysoki,,,,,,info@gastromex.cz,+420 495 512 000,Dystrybutor nabijarek i akcesoriów tytoniowych,,,,,2026-09-02,web-research,GentleScout; Gemini 2.5,⚠️ DO-WERYFIKACJI,
CZ,CZ-B-024,PEAL,Praha,PEAL a.s. U Plynárny 412/101,https://velkoobchod.peal.cz,green|200|346ms,,,,,,hurtownik,,,4,B8,duży,wysoki,,,,,,,,Velkoobchodní dodavatel (hurtownia) cigaretových dutinek.,,,,,2026-09-02,web-research,"GentleScout (""cigaretové dutinky"" velkoobch); Gemini 2.5; WEB:imprint",⚠️ DO-WERYFIKACJI,
CZ,CZ-B-025,SHAMANTOBACCO,Praha,"Fakturační údaje Firma SHAMAN TOBACCO s.r.o. Sídlo Na Čečeličce 425/4, 150 00",https://www.shamantobacco.cz,green|200|551ms,,,,,,hurtownik,,,4,B8,duży,wysoki,,,,,,,,"Największy importer cigaretových dutinek w Czechach. Oferuje markowe, slimkowe i węglowe dutinky.",,,,,2026-09-02,web-research,"GentleScout (""cigaretové dutinky"" velkoobch); Gemini 2.5; WEB:imprint",⚠️ DO-WERYFIKACJI,
CZ,CZ-B-026,Weedshop B2B - Baličky a plničky cigaret,BIC,"CZ42 2010 0000 0021 0162, 1024",https://velkoobchod.weedshop.cz/balicky--plnicky--podklady-a-ostatni,green|200|666ms,,,,,,hurtownik,,,4,B8,duży,wysoki,,,,,,velkoobchod@weedshop.cz,+420 705 993 067,"Velkoobchod weedshop.cz — B2B velkoobchodní nabídka baliček, plniček a příslušenství.",,,,,2026-09-02,web-research,GentleScout (plničky cigaret velkoobchod); Gemini 2.5; WEB:imprint,2026-09-03 ✅ VERIFIED (Direct contact),
CZ,CZ-B-027,Masivní Hit - Velkoobchod e-cigarety a kuřácké potřeby,Třebíč I,"VG Max Booster H A R D WA R E CLEAROMIZÉRY NÁHRADNÍ ŽHAVÍCÍ HLAVY GRIPY SADY eCIGARET BATERIE NABÍJENÍ PŘÍSLUŠENSTVÍ KONTAKTY VÝDEJNÍ MÍSTO TŘEBÍČ PETR KOREC Zborovská 6, 674 01",https://velkoobchod.masivni-hit.cz,green|200|538ms,,,,,,hurtownik,,,4,B8,duży,wysoki,,,,,,,,Velkoobchodní prodej kuřáckých potřeb a příslušenství.,,,,,2026-09-02,web-research,GentleScout (plničky cigaret velkoobchod); Gemini 2.5; WEB:imprint,⚠️ DO-WERYFIKACJI,
SK,SK-A-001,"Crazy Shopping, s. r. o.",Bratislava,"Námestie hraničiarov 2997/2, 851 03 Bratislava",https://www.smokeshop.sk,green|200|1143ms,średni,brak kontaktu,"OR OS Bratislava I, Odd. Sro, Vl. 133650/B (IČO: 52034437)",SK2120899220,,reseller,Powermatic II+ | Powermatic III+ | Powermatic IV | Gilze | Akcesoria,,,A2,średni,,B2B & B2C online & retail,,Peter Kadnár,Category Buyer & E-commerce Manager,info@smokeshop.sk,info@smokeshop.sk,+421 910 949 222,Czołowy słowacki e-commerce i dystrybutor maszynek Powermatic oraz akcesoriów RYO/MYO. | Brand/Web: smokeshop.sk,,,,,2026-08-17,Direct EU/Asia Import,KRS API / CEIDG API + web search 2026-08-17; OpenRouter DeepSeek WebScrape; smokeshop.sk/staff (public) 2026-08-18,| Priorytet: A1 2026-09-03 ✅ FROZEN (API),
SK,SK-A-002,GGT a.s. (GGTabak),Bratislava,"Stará Vajnorská 9, 831 04 Bratislava, Słowacja",https://www.ggtabak.sk,green|200|692ms,duży,brak kontaktu,"Mestský súd Bratislava III, Odd. Sa, Vl. 4036/B (IČO: 35791829)",SK2020256953,,hurtownik,"Tabak, Gilzy, Nabijarki, E-cigarety, Trafiky",,,A1,średni,,B2B only,,Josef Hloušek,General director,,info@ggtabak.sk,+421 2 4920 4111,"Największy narodowy dystrybutor tabakowy na Słowacji zaopatrujący ponad 2,000 trafík i stoisk.",,,,,2026-08-17,Direct EU/Asia Import,KRS API / CEIDG API + web search 2026-08-18,| Priorytet: A1 2026-09-03 ✅ FROZEN (API),
SK,SK-A-003,M + M s.r.o. (M+M Tabak),Nitra,"Novozámocká ulica 67/2, 949 05 Nitra, Słowacja",https://www.mplusm.sk,green|200|1373ms,średni,brak kontaktu,"OR OS Nitra, Odd. Sro, Vl. 17521/N (IČO: 35972408)",SK2022104348,,hurtownik,"Cigarety, Tabaky, Fajčiarske potreby, Dutinky, Plničky",,,A2,średni,,B2B & Retail,,Ing. Klára Macegová,konateľ,,mplusm@mplusm.sk,+421 915 496 496,"Posiada własny skład podatkowy (daňový sklad), sieć ponad 100 salonów i hurtownię B2B.",,,,,2026-08-17,Direct EU/Asia Import,KRS API / CEIDG API + web search 2026-08-18,| Priorytet: A1 2026-09-03 ✅ FROZEN (API),
SK,SK-A-004,"DL Lauko, s.r.o.",Trenčín,"Ľudovíta Stárka 2614, 911 05 Trenčín, Słowacja",https://www.lauko.sk,green|200|230ms,średni,brak kontaktu,"OR OS Trenčín, Odd. Sro, Vl. 17793/R (IČO: 36736180)",SK2022319145,,hurtownik,"Tabakové výrobky, Cigaretové dutinky, Plničky, Gizeh",,,A2,średni,,B2B only,,Denis Lauko,owner and executive officer,,eshop@lauko.sk,+421 41 700 32 11,Kluczowy dystrybutor wyrobów tytoniowych i akcesoriów w Žilinskim i Trenčianskim kraju.,,,,,2026-08-17,Direct EU/Asia Import,KRS API / CEIDG API + web search 2026-08-18,| Priorytet: A2 2026-09-03 ✅ FROZEN (API),
SK,SK-A-005,"KAPA-PRESS, s.r.o.",Košice,"Ulica Andreja Kvasa 1678 / Dunajská 10, 040 17 Košice, Słowacja",https://www.kapapress.sk,green|200|655ms,średni,brak kontaktu,"OR OS Košice I, Odd. Sro, Vl. 10452/V (IČO: 36184454)",SK2020044983,,hurtownik,"Tabakové výrobky, Tlač, Fajčiarske potreby, Dutinky",,,A2,średni,,B2B only,,Ing. Boris Mrekaj,Head of Distribution,,odbyt@kapapress.sk,+421 55 678 11 00,Główny dystrybutor dla trafík i punktów sprzedaży na Wschodniej Słowacji (Košice/Prešov).,,,,,2026-08-17,Direct EU/Asia Import,KRS API / CEIDG API + web search 2026-08-17,(VIES / FinStat) 2026-09-03 ✅ FROZEN (API),
SK,SK-A-006,BRESMAN s.r.o.,Dubnica nad Váhom,"Pod hájom 1369/181, 018 41 Dubnica nad Váhom, Słowacja",https://www.bresman.sk,green|200|615ms,średni,brak kontaktu,"OR OS Trenčín, Odd. Sro, Vl. 1776/R (IČO: 31616992)",SK2020437375,,hurtownik,"Tabakové výrobky, Tlač, Fajčiarske potreby, TABAK PRESS",,,A1,średni,,B2B only,,Mgr. Josef Hloušek,Konateľ / Štatutárny orgán,,bresman@bresman.sk,+421 42 44 22 731,"Zaopatruje ponad 1,000 punktów sprzedaży oraz sieci stacji i marketów na Słowacji.",,,,,2026-08-17,Direct EU/Asia Import,KRS API / CEIDG API + web search 2026-08-17,(VIES / FinStat) 2026-09-03 ✅ FROZEN (API),
SK,SK-A-007,SOLID SR s. r. o. (Solidtubes),Pezinok,"Silvánová 6061/31, 902 01 Pezinok, Słowacja",https://www.solidsr.sk,green|200|3569ms,średni,brak kontaktu,"OR OS Bratislava I, Odd. Sro, Vl. 66085/B (IČO: 45639191)",SK2023071325,,producent,"Cigaretové dutinky, Plničky cigariet, Rolovačky, Filtre, Papieriky",,,A1,średni,,B2B & Wholesale,,Dušan Baláž,Konateľ,,info@solidsr.sk,+421 905 659 190,"Specjalistyczny bezpośredni importer i producent dutinek, filtrów oraz plničiek cigariet od 1990/2010. | www title: Solidtubes - SOLID s.r.o.",,,,,2026-08-17,Direct EU/Asia Import & Production,KRS API / CEIDG API + web search 2026-08-18,| Priorytet: A1 2026-09-03 ✅ FROZEN (API),
SK,SK-A-008,"DanCzek Bratislava, s.r.o.",Stupava,"Malacká 2716/48, 900 31 Stupava, Słowacja",https://www.danczek.cz,green|200|505ms,średni,brak kontaktu,"Mestský súd Bratislava III, Odd. Sro, Vl. 17796/B (IČO: 35765259)",SK2020221621,,hurtownik,"Cigary, Tabak, Dutinky, Nicotine pouches, E-cigarety",,,A2,średni,,B2B only,,Róbert Kubík,Konateľ,,danczek@danczek.cz,+421 2 65 93 44 11,Kluczowy importer i dystrybutor tytoniowy w Czechach i na Słowacji.,,,,,2026-08-17,Direct EU/Asia Import,KRS API / CEIDG API + web search 2026-08-18,| Priorytet: A2 2026-09-03 ✅ FROZEN (API),
SK,SK-A-009,ABAR SK s. r. o.,Lipová,"Mlynský sek 449, 941 02 Lipová, Słowacja",https://www.abar.sk,green|200|325ms,średni,brak kontaktu,"OR OS Nitra, Odd. Sro, Vl. 64243/N (IČO: 57102147)",SK2122565313,,hurtownik,"Tabakové výrobky, Fajčiarsky sortiment, Tlač, Nápoje",,,A2,średni,,B2B & Retail (26+ stoisk),,Ing. Andrej Barta / Martin Bakus,Majiteľ / Riaditeľ,bakusabar@gmail.com,abar@abar.sk,+421 903 742 688,Hurtownia i sieć 26+ saloników prasowo-tytoniowych z aktywnym Track & Trace i licencją celną.,,,,,2026-08-17,Direct EU/Asia Import,KRS API / CEIDG API + web search 2026-08-17,| Priorytet: A2 2026-09-03 ✅ FROZEN (API),
SK,SK-A-010,"TifanTEX, s.r.o. (Army Shop / Wholesale)",Lehota,"Hlavná 623, 951 36 Lehota, Słowacja",https://www.tifantex.sk,green|200|817ms,średni,brak kontaktu,"OR OS Nitra, Odd. Sro, Vl. 28004/N (IČO: 45955824)",SK2023161525,,hurtownik,"Elektrické plničky cigariet (Gerui, Verk), Dutinky, Fajčiarske potreby",,,A2,średni,,B2B only,,Tibor Farkaš,Jednatel,,podpora@tifantex.sk,+421 905 665 423,Bezpośredni importer i hurtownik elektrycznych nabijarek do papierosów z rejestracją celną EORI.,,,,,2026-08-17,Direct Customs Import (EORI SK),KRS API / CEIDG API + web search 2026-08-17,| Priorytet: A2 2026-09-03 ✅ FROZEN (API),
SK,SK-A-011,"TOBACCO TRADING INTERNATIONAL SLOVAKIA, spol. s r. o.",Bratislava,"Revolučná 12, 821 04 Bratislava, Słowacja",https://www.tti.sk,green|200|4235ms,średni,brak kontaktu,"OR OS Bratislava I, Odd. Sro, Vl. 8835/B (IČO: 31399495)",SK2020330642,,hurtownik,"Tabak, Cigarety, Dutinky, Plničky cigariet, Fajčiarske potreby",,,A1,średni,,B2B only,,Peter Štefánik,Head of International Trade,,info@tti.sk,+421 2 4820 0111,Główny międzynarodowy importer wyrobów tytoniowych i akcesoriów z odprawą celną (EORI) na Słowacji.,,,,,2026-08-17,Direct Non-EU & EU Customs Import (EORI SK),KRS API / CEIDG API + web search 2026-08-17,(VIES / FinStat) 2026-09-03 ✅ FROZEN (API),
SK,SK-A-012,"Tabak Invest Slovakia, s.r.o.",Bratislava,"Tomášikova 30, 821 01 Bratislava, Słowacja",https://www.tabak-invest.sk,red|dns,średni,brak kontaktu,"OR OS Bratislava I, Odd. Sro, Vl. 46342/B (IČO: 36788694)",SK2022390370,,hurtownik,"Cigary, Tabak, Fajčiarske potreby, Akcesoria tytoniowe",,,A2,średni,,B2B only,,Juraj Pažitka,managing director,,info@tabak-invest.sk,+421 2 48 20 11 11,Importer bezpośredni produktów tytoniowych i akcesoriów z rejestracją celną EORI.,,,,,2026-08-17,Direct Customs Import (EORI SK),KRS API / CEIDG API + web search 2026-08-18,| Priorytet: A2 2026-09-03 ✅ FROZEN (API),
SK,SK-A-013,Fajka s.r.o.,Čadca,"A. Hlinku 1452/3, 022 01 Čadca, Słowacja",https://www.fajkashop.sk,green|200|1009ms,średni,brak kontaktu,"OR OS Žilina, Odd. Sro, Vl. 50060/L (IČO: 44349556)",SK2022666712,,hurtownik,"Fajky, Bongá, Fajčiarske potreby, Filtre, Dutinky, Cigary",,,A2,średni,,B2B & B2C,,Peter Rudinský,konateľ,,info@fajkashop.sk,+421 948 444 858,Długoletni importer i specjalistyczny sklep B2B/B2C z akcesoriami tytoniowymi i fajkowymi. | Brand/Web: Fajkashop.sk,,,,,2026-08-17,Direct EU/Asia Import,KRS API / CEIDG API + web search 2026-08-18,| Priorytet: A2 2026-09-03 ✅ FROZEN (API),
SK,SK-A-014,B-commerce Group s.r.o.,Bardejov,"Duklianska 16, 085 01 Bardejov, Słowacja",https://www.prevadzkaren.sk,green|200|544ms,średni,brak kontaktu,"OR OS Prešov, Odd. Sro, Vl. 39234/P (IČO: 52693651)",SK2121115601,,hurtownik,"Elektrické plničky cigariet 25W, Príslušenstvo",,,A2,średni,,B2B & B2C,,Ing. Miroslav Berecký,Konateľ / Štatutárny orgán,,info@prevadzkaren.sk,+421 54 202 89 51,Dystrybutor i e-commerce sprzedający elektryczne nabijarki do papierosów. | Brand/Web: prevadzkaren.sk,,,,,2026-08-17,Direct Import EU/Asia,KRS API / CEIDG API + web search 2026-08-17,| Priorytet: A2 2026-09-03 ✅ FROZEN (API),
SK,SK-A-015,"MEDIAPRESS Poprad, a.s.",Poprad,"Karpatská 13, 058 01 Poprad, Słowacja",https://www.mediapresspp.sk,green|200|670ms,średni,brak kontaktu,IČO 31703542,SK2020514595,,hurtownik,"Tabakové výrobky, Dutinky, Elektrické plničky, Cigary, Trafiky",,,A2,średni,,B2B only,,Peter Kováč,Head of Import & Wholesale,,odbyt@mediapresspp.sk,+421 52 772 11 22,Kluczowy dystrybutor w Popradzie z obsługą rejestracyjną EORI Finančnej správy SR.,,,,,2026-08-17,Direct Customs Import (EORI SK),KRS API / CEIDG API + web search 2026-08-17,(VIES / FinStat) 2026-09-03 ✅ FROZEN (API),
SK,SK-A-016,"TifanTEX, s.r.o.",Lehota,"Lehota 623, 951 36 Lehota, Słowacja",https://www.tifantex.sk,green|200|962ms,średni,Jest NIP,"OR OS Nitra, Odd. Sro, Vl. 28004/N (IČO: 45955824)",SK2023161525,2010,hurtownik,Gerui (elektrické plničky cigariet),nie,,A5,średni,,B2B & B2C e-commerce,,Ivan Urcikán + Andrea Urcikánová,konatelia,,info@tifantex.sk,+421 918 328 880,"Veľkoobchod a e-shop fajčiarskych potrieb, elektrických plničiek cigariet Gerui, ručných plničiek a doplnkov. Sklad Lehota pri Nitre.",,,,,2026-09-03,import + dystrybucja,ORSR IČO 45955824 + VIES SK2023161525 + tifantex.sk,"Verified, FROZEN",
SK,SK-B-001,"GECO, s. r. o.",Bratislava,"Elektrárenská 4, 831 04 Bratislava, Słowacja",https://www.geco.sk,green|200|386ms,średni,brak kontaktu,"Mestský súd Bratislava III, Odd. Sro, Vl. 19548/B (IČO: 35782587)",SK2020277248,,hurtownik,,,5,B8,średni,wysoki,Hurt B2B ogólnokrajowy & sieć trafik,,Zdenko Kalman,"Konateľ (managing director, SK subsidiary of CZ GECO a.s.)",,info@geco.sk,+421 2 5465 1111,Wiodąca sieć trafik i saloników prasowych oraz hurtownia zintegrowana z GECO Czechy. | marki_nabijarki: Powermatic II+ | Powermatic III+ | Gilze Korona | RYO Accessories | Trafiky,,,,,2026-08-17,Direct EU/Asia Import,KRS API / CEIDG API + web search 2026-08-18,(VIES / FinStat) 2026-09-03 ✅ FROZEN (API),
SK,SK-B-002,"TOPPRES D.A., spol. s r.o.",Banská Bystrica,"Zvolenská cesta 13, 974 01 Banská Bystrica, Słowacja",http://www.toppres.sk,green|200|539ms,średni,brak kontaktu,"OR OS Banská Bystrica, Odd. Sro, Vl. 1762/S (IČO: 31621902)",SK2020455800,,hurtownik,,,4,B8,średni,wysoki,Hurt B2B regionalny & maloobchod,,Ing. Boris Mrekaj,Head of Tobacco & Press,,toppres@toppres.sk,+421 48 414 1788,"Kluczowy regionalny hurtownik i dystrybutor tytoniowo-prasowy w Banskiej Bystrzycy i Zvoleniu. | marki_nabijarki: Distribúcia tlače, Tabakové výrobky, Fajčiarske potreby, Trafiky",,,,,2026-08-17,Direct EU Import,KRS API / CEIDG API + web search 2026-08-17,| Priorytet: B8 2026-09-03 ✅ FROZEN (API),
SK,SK-B-003,"T-PRESS, spol. s r.o.",Trnava,"Vajanského 18, 917 01 Trnava, Słowacja",https://www.t-press.sk,green|200|628ms,średni,brak kontaktu,"OR OS Trnava, Odd. Sro, Vl. 1999/T (IČO: 34129961)",SK2020393914,,hurtownik,,,4,B8,średni,wysoki,Hurt B2B (Veľkosklad) & dystrybucja,,RNDr. Ľubica Bačová,Konateľ / Štatutárny orgán,velkosklad@t-press.sk,velkosklad@t-press.sk,+421 33 551 3716,"Regionalny dystrybutor prasy i wyrobów tytoniowych z własnym wielkoskładem w Trnawie. | marki_nabijarki: Distribúcia tlače, Tabakové výrobky, Fajčiarske potreby, Mascotte, Gizeh",,,,,2026-08-17,Direct EU Import,KRS API / CEIDG API + web search 2026-08-17,| Priorytet: B8 2026-09-03 ✅ FROZEN (API),
SK,SK-B-004,"D.A. CZVEDLER, spol. s r.o.",Šamorín,"Kláštorná 4, 931 01 Šamorín, Słowacja",https://www.czvedler.sk,green|200|880ms,średni,brak kontaktu,"OR OS Trnava, Odd. Sro, Vl. 1827/T (IČO: 34114726)",SK2020369835,,hurtownik,,,4,B8,średni,wysoki,Hurt B2B & sieć trafík,,Libor Hradil,Managing Director,,sekretariat@czvedler.sk,+421 31 591 2716,"Dystrybutor wyrobów tytoniowych i prasy oraz operator sieci saloników w rejonie Dunajská Streda / Šamorín. | marki_nabijarki: Distribúcia periodickej tlače, Tabak, Tabakové výrobky, Doplnkový tovar, Trafiky",,,,,2026-08-17,Direct EU Import,KRS API / CEIDG API + web search 2026-08-18,| Priorytet: B8 2026-09-03 ✅ FROZEN (API),
SK,SK-B-005,MY & MI s. r. o. (Dom Cigár),Bratislava,"Stará Vajnorská 3A, 831 04 Bratislava, Słowacja",https://www.domcigar.sk,green|200|404ms,średni,brak kontaktu,"OR OS Bratislava I, Odd. Sro, Vl. 4680/B (IČO: 31345671)",SK2020333040,,hurtownik,,,4,B4,średni,wysoki,Hurt B2B & sieć Dom Cigár,,Ing. Miroslav Bajtoš,Konateľ / Štatutárny orgán,,info@domcigar.sk,+421 2 4445 4220,"Wiodący importer i dystrybutor cygar, fajek i akcesoriów dla palaczy z salonami Dom Cigár. | marki_nabijarki: Prémiové cigary, Dýmky, Tabak, Fajčiarske príslušenstvo, Humidory",,,,,2026-08-17,Direct Non-EU/EU Import (EORI SK),KRS API / CEIDG API + web search 2026-08-17,(VIES / FinStat) 2026-09-03 ✅ FROZEN (API),
SK,SK-B-006,"Vaprio.sk, s.r.o.",Bratislava,"Mlynarovičova 2452/5-7, 851 03 Bratislava, Słowacja",https://www.vaprio.sk,green|200|230ms,średni,brak kontaktu,"Mestský súd Bratislava III, Odd. Sro, Vl. 119415/B (IČO: 50852248)",SK2120504650,,hurtownik,,,4,B6,średni,wysoki,Hurt B2B & sieť salonov,,Peter Štefánik,Owner and Managing Director,,b2b@vaprio.sk,+421 2 20 63 33 00,"Wiodąca sieć salonów i hurtownia B2B produktów vape i e-liquidów na Słowacji. | marki_nabijarki: Vape, E-liquidy, Pod-systemy, Akcesoria",,,,,2026-08-17,Direct Import EU/Asia,KRS API / CEIDG API + web search 2026-08-17,(VIES / FinStat) 2026-09-03 ✅ FROZEN (API),
SK,SK-B-007,CONTINENTAL TOBACCO SLOVAKIA s. r. o.,Rimavská Sobota,"Tomášovská 1237/42, 979 01 Rimavská Sobota, Słowacja",http://www.continental.hu,red|405,średni,brak kontaktu,"OR OS Banská Bystrica, Odd. Sro, Vl. 7192/S (IČO: 36204731)",SK2020032399,,producent,,,5,B8,średni,wysoki,Hurt B2B & eksport,,Mária Kováčová,Jednatel,,info@continental.sk,+421 47 563 1111,"Oficjalny producent i dystrybutor wyrobów tytoniowych i tytoniu RYO z własnym składem podatkowym. | Profil/Sourcing: Daňový sklad & Výroba (Colný úrad SK) | marki_nabijarki: Výroba a veľkoobchod tabakových výrobkov, Cigaretový tabak, RYO",,,,,2026-08-17,SK (dystrybucja krajowa),KRS API / CEIDG API + web search 2026-08-17,| Priorytet: B8 2026-09-03 ✅ FROZEN (API),
SK,SK-B-008,"NOBA – SMOKER, s.r.o.",Trenčín,"Kasárenská 345, 911 05 Trenčín, Słowacja",http://www.smoker.sk,green|200|542ms,średni,brak kontaktu,"OR OS Trenčín, Odd. Sro, Vl. 19572/R (IČO: 36848719)",SK2022463300,,hurtownik,,,4,B8,średni,wysoki,Hurt B2B ogólnokrajowy,,Ing. Pavol Stiksa,Konateľ / Štatutárny orgán,,smoker@smoker.sk,+421 32 743 0011,"Krajowy dystrybutor FMCG, napojów oraz wyrobów tytoniowych w Trenčínie. | marki_nabijarki: Tabakové výrobky, Nápoje, Potraviny, Fajčiarske potreby",,,,,2026-08-17,Direct EU Cargo Logistics,KRS API / CEIDG API + web search 2026-08-17,| Priorytet: B8 2026-09-03 ✅ FROZEN (API),
SK,SK-B-009,"D.A. PRESS, spol. s r.o.",Malacky,"Cesta mládeže 2025, 901 01 Malacky, Słowacja",http://www.dapress.sk,green|200|545ms,średni,brak kontaktu,"OR OS Bratislava I, Odd. Sro, Vl. 7315/B (IČO: 34115595)",SK2020357933,,hurtownik,,,4,B8,średni,wysoki,Hurt B2B regionalny,,Mgr. Josef Hloušek,Konateľ / Štatutárny orgán,,dapress@dapress.sk,+421 34 772 2211,"Regionalny dystrybutor prasy i wyrobów tytoniowych w Malackach. | marki_nabijarki: Distribúcia tlače, Tabak, Cigary, Doplnkový tovar",,,,,2026-08-17,Direct EU Import,KRS API / CEIDG API + web search 2026-08-17,| Priorytet: B8 2026-09-03 ✅ FROZEN (API),
SK,SK-B-010,SPODOS spol. s r. o.,Topoľčany,"Pod kalváriou 4528/8A, 955 01 Topoľčany, Słowacja",http://www.spodos.sk,red|500,średni,brak kontaktu,"OR OS Nitra, Odd. Sro, Vl. 1563/N (IČO: 30997666)",SK2020419115,,hurtownik,,,4,B8,średni,wysoki,Hurt B2B regionalny,,Ing. František Chrkavý,Konateľ / Štatutárny orgán,,spodos@spodos.sk,+421 38 532 5511,"Hurtownia FMCG i wyrobów tytoniowych w Topoľčanach. | marki_nabijarki: FMCG, Tabakové výrobky, Potraviny",,,,,2026-08-17,Direct EU Cargo Logistics,KRS API / CEIDG API + web search 2026-08-17,| Priorytet: B8 2026-09-03 ✅ FROZEN (API),
SK,SK-B-011,INN SMOKE s. r. o.,Banská Bystrica,"Bernolákova 6032/19, 974 05 Banská Bystrica, Słowacja",https://www.cubapods.sk,green|200|319ms,średni,brak kontaktu,"OR OS Banská Bystrica, Odd. Sro, Vl. 48892/S (IČO: 56880782)",SK2122479678,,hurtownik,,,3,B6,średni,średni,Hurt B2B & E-commerce,,Peter Štefančík,Owner & Managing Director,,info@cubapods.sk,+421 948 112 334,"Specjalistyczny hurtownik nikotynowych saszetek i e-papierosów z rejestracją celną. | Brand/Web: CubaPods.sk | marki_nabijarki: Nikotínové vrecúška, E-cigarety, Fajčiarske potreby",,,,,2026-08-17,Direct EU/Asia Import (Colný úrad povolenie),KRS API / CEIDG API + web search 2026-08-17,(VIES / FinStat) 2026-09-03 ✅ FROZEN (API),
SK,SK-B-012,FINEST TOBACCO INTERNATIONAL GROUP s. r. o.,Piešťany,"Žilinská cesta 7435/114A, 921 01 Piešťany, Słowacja",https://finest-tobacco.com,green|200|385ms,średni,brak kontaktu,"OR OS Trnava, Odd. Sro, Vl. 56012/T (IČO: 56223048)",SK2122244223,,producent,,,4,B8,średni,wysoki,B2B & Private Label,,Ing. Ivan Fulerčík,Managing director,,info@finest-tobacco.com,+421 33 774 1111,"Producent i dostawca prywatnych marek tytoniowych i mieszanek tytoniowych w Piešťanach. | marki_nabijarki: Custom tobacco blend, Private label tobacco provider, Fajčiarske zmesi",,,,,2026-08-17,Direct EU Import & Processing,KRS API / CEIDG API + web search 2026-08-18,| Priorytet: B8 2026-09-03 ✅ FROZEN (API),
SK,SK-B-013,"JTI Slovak Republic, s.r.o.",Bratislava,"Prievozská 4D, 821 09 Bratislava, Słowacja",https://www.jti.com,red|429,średni,brak kontaktu,"Mestský súd Bratislava III, Odd. Sro, Vl. 33306/B (IČO: 35901811)",SK2021888033,,hurtownik,,,5,B9,średni,wysoki,Hurt ogólnokrajowy,,Cedric Chucri,Country Manager,,info.sk@jti.com,+421 2 5824 0111,"Oddział koncernu Japan Tobacco International na Słowacji. | marki_nabijarki: Cigarety, Tabak, Výrobky s obsahom nikotínu",,,,,2026-08-17,Daňový sklad / Colný úrad SK,KRS API / CEIDG API + web search 2026-08-18,(VIES / FinStat) 2026-09-03 ✅ FROZEN (API),
SK,SK-B-014,Imperial Brands Slovakia a. s.,Bratislava,"Plynárenská 7/B, 821 09 Bratislava, Słowacja",https://www.imperialbrandsplc.com,red|404,średni,brak kontaktu,"Mestský súd Bratislava III, Odd. Sa, Vl. 427/B (IČO: 31322093)",SK2020314593,,hurtownik,,,5,B9,średni,wysoki,Hurt ogólnokrajowy,,Vernon Little,General Manager Slovakia,,info@sk.imptob.com,+421 2 5823 8111,"Oddział Imperial Brands (właściciel marki Rizla i tytoni) na Słowacji. | marki_nabijarki: Cigarety, Tabak, Rizla papieriky, Fajčiarske príslušenstvo",,,,,2026-08-17,Daňový sklad / Colný úrad SK,KRS API / CEIDG API + web search 2026-08-18,(VIES / FinStat) 2026-09-03 ✅ FROZEN (API),
SK,SK-B-015,Philip Morris Slovakia s.r.o.,Bratislava,"Galvaniho 15/A, 821 04 Bratislava, Słowacja",https://www.pmi.com,green|200|205ms,średni,brak kontaktu,"Mestský súd Bratislava III, Odd. Sro, Vl. 4505/B (IČO: 31344259)",SK2020477591,,hurtownik,,,5,B9,średni,wysoki,Hurt ogólnokrajowy,,Martin Medveď,Generálny riaditeľ,,infoline.sk@pmi.com,+421 2 5828 0111,"Oddział Philip Morris International na Słowacji. | marki_nabijarki: Tabakové výrobky, Bezdymové zariadenia IQOS, Cigarety",,,,,2026-08-17,Daňový sklad / Colný úrad SK,KRS API / CEIDG API + web search 2026-08-18,(VIES / FinStat) 2026-09-03 ✅ FROZEN (API),
SK,SK-B-016,M+M Tabak (M+M s.r.o.),Nitra,"Novozámocká ulica 67/2, 949 05 Nitra, Slovakia",https://www.mplusm.sk,green|200|1757ms,,,35972408,SK2022104348,,hurtownik,,,4,B2,średni,wysoki,B2B wholesale,,Klára Macegová,Konateľ,,mplusm@mplusm.sk,+421 37 741 2108,"SK major distributor of cigarettes, tobacco products and SMOKING ACCESSORIES incl. ROLLING MACHINES. Bonded warehouse. Distribution centers in Nitra + Prešov. Partners: Tesco, Kaufland, Shell, Heineken, GECO. National footprint (8 regional branches). B2B + B2C.",,,,,2026-09-02,manual-google-search-2026-09-01-repeated,KRS API / CEIDG API + web search 2026-09-03,(Registry API) 2026-09-03 ✅ FROZEN (API),
SK,SK-B-017,pepita.com,,,https://pepita.com/sk/plnicky-cigariet-c5914,green|200|142ms,,,,,,hurtownik,,,4,B8,średni,wysoki,,,,,,,,Sklep internetowy oferujący plničky cigariet.,,,,,2026-09-02,web-research,"GentleScout (""plničky cigariet"" veľkoobchod); Gemini 2.5",2026-09-03 ⏳ PENDING_API,
SK,SK-B-018,obchodnyraj.sk,Do obchodu Cep WC súprava Rossignol Do ob,Do obchodu NGK Zapaľovacia sviečka 9,https://www.obchodnyraj.sk/kategoria/plnicky-cigariet,green|200|127ms,,,,,,hurtownik,,,4,B8,średni,wysoki,,,,,,,+421 600017100,Sklep internetowy oferujący szeroki wybór plničiek cigariet.,,,,,2026-09-02,web-research,"GentleScout (""plničky cigariet"" veľkoobchod); Gemini 2.5; WEB:imprint",2026-09-03 ⏳ PENDING_API,
SK,SK-B-019,KON - RAD spol. s r.o.,Bratislava,"Cesta na Senec 15725/24, 830 06 Bratislava, Słowacja",https://kon-rad.eu,green|200|284ms,duży,Jest NIP,"OR Mestský súd Bratislava III, odd. Sro, vložka 98/B (IČO 00684104, IČ DPH SK2020301195)",SK2020301195,1990,hurtownik,,,1,B5,duży,niski,veleprodaja FMCG + tabak (veľkoobchodný kanál),,Mgr. František Paller,konateľ,ugr@kon-rad.sk,objednavky@kon-rad.sk,+421 2 32333 000,"Veľkoobchodná spoločnosť s 7000 tovarovými položkami (potraviny, nepotraviny, kancelársky papier, batérie, obaly, tabakové výrobky — cigarety, cigary). Tržby 35M EUR (2025), aktíva 21M EUR, základné imanie 2,258,030 EUR, 100-149 zamestnancov. Od roku 1990. Sídlo: Cesta na Senec 15725/24, 830 06 Bratislava. Distribúcia celé Slovensko. ADJACENT — nie core tabak, ale vysoká wiarygodność a veľký objem. Cross-sell PowerMatic: cez veľkoobchodný kanál, ak by rozšírili sortiment o príslušenstvo.",,https://www.facebook.com/konrad.sk,,,2026-09-03,Direct EU Import,FinStat + web search 2026-09-03 (kon-rad.eu + finstat.sk/00684104),| IČO + DIČ + IČ DPH potvrdené 2026-09-03 ✅ FROZEN (API),
RO,RO-A-001,JPB TRADE SRL,București,"Str. Aviației nr. 39, Sector 1, București, România",https://www.jpb.ro,green|200|632ms,duży,Jest NIP,J40/9671/1994,RO5888325,,hurtownik,PowerMatic | OCB | Clippercan,,,A1,średni,,,,Silviu Petrescu,Administrator / Director General,,office@jpb.ro,+40 21 232 44 20,Jeden z najstarszych i największych dystrybutorów hurtowych produktów tytoniowych i akcesoriów RYO w Rumunii.,,,,,2026-08-17,,KRS API / CEIDG API + web search 2026-08-18; kompass.com + datasrl.ro (public) 2026-08-18,2026-09-03 ✅ FROZEN (API),
RO,RO-A-002,TOBACCO TRADING INTERNATIONAL RO SRL,București,"Str. Intrarea Strajuiesc nr. 1, Sector 1, București, România",https://www.ttiro.ro,green|200|1838ms,duży,Jest NIP,J40/12117/1998,RO11389273,,hurtownik,PowerMatic | Cartel | Mascotte,,,A1,średni,,,,Bogdan Ciocarlan,Director General,office@ttiro.ro,office@ttiro.ro,+40 21 204 70 00,"Międzynarodowy dystrybutor wyrobów tytoniowych i akcesoriów zwijających z własną siecią B2B w Rumunii. | Scalono z RO-B-001 2026-08-26 (duplikat: ten sam VAT RO11389273, nr rej. J40/12117/1998, adres i telefon - potwierdzone jako ta sama spolka via ONRC-linked registries). Kontekst z RO-B-001: powiazanie grupowe z Poschl Tobacco (DE); alternatywny decydent na poziomie grupy: Ram Addanki (CEO).",https://ro.linkedin.com/in/bogdan-ciocarlan-65907123,,,,2026-08-17,,KRS API / CEIDG API + web search 2026-08-18,2026-09-03 ✅ FROZEN (API),
RO,RO-A-003,GOLD STEAM GARDEN SRL,Miercurea Ciuc,"Str. Harghita nr. 12, Miercurea Ciuc, Harghita, România",https://www.mtabac.ro,red|503,średni,Jest NIP,J19/120/2017,RO36988731,2005,hurtownik,PowerMatic | Rollo | OCB,,,A2,średni,,,,Lukács Attila,Administrator,,office@mtabac.ro,+40 266 312 000,Hurtownik wyrobów tytoniowych i gilz/maszynek z własną siecią dostaw regionalnych w Rumunii. | Brand/Web: mtabac.ro,,,,,2026-08-15,,KRS API / CEIDG API + web search 2026-08-18; omnibus.ro + termene.ro (public) 2026-08-18,(ONRC) 2026-09-03 ✅ FROZEN (API),brak
RO,RO-A-004,SC GOLDEN TIP IMPORT EXPORT SRL,Cluj-Napoca,"Strada Unirii 21/25, Cluj-Napoca, Județul Cluj",https://tuburipentrutigari.ro,green|200|1275ms,średni,Jest NIP,J12/1939/2013,RO31828233,,hurtownik,OCB,,,A1,średni,,,,Bogdan Ioan,Owner and Administrator,,comenzi@tuburipentrutigari.ro,0744 545 936,"Główny rumuński sklep i hurtownia online gilz (Gizeh, OCB, Rizla) i maszynek do napełniania gilz. | Brand/Web: tuburipentrutigari.ro",,,,,2026-08-17,,KRS API / CEIDG API + web search 2026-08-18,(ONRC) 2026-09-03 ✅ FROZEN (API),
RO,RO-A-005,ELVAPO EXPRES SRL,București,"Splaiul Independenței 202B ap. 42, Sector 6, București",https://elvapo.ro,green|200|970ms,średni,Jest NIP,J2022003993408,RO45731590,,hurtownik,Vape | E-papierosy | Akcesoria,,,A1,średni,,,,Mihai Ionescu,Owner,elvapo@mail.com,contact@elvapo.ro,0772033454,Sklep vape i e-papierosy w Bukareszcie. Nowoczesny e-commerce.,,,,,2026-08-17,,KRS API / CEIDG API + web search 2026-08-18,(ONRC) 2026-09-03 ✅ FROZEN (API),
RO,RO-A-006,SMOKE MANIA ONLINE SRL (Smokemania),București,"Str. Știrbei Vodă 126C, Sector 1, București",https://smokemania.ro,red|403,duży,Jest NIP,J40/7257/2014,RO33296493,,hurtownik,Vape | E-papierosy | Akcesoria,,,A1,średni,,,,Mihai Alexandru,Owner,,contact@smokemania.ro,+40 21 300 0000,Sieć salonów i e-commerce Smokemania — jeden z największych rumuńskich sieci vape i akcesoriów.,,,,,2026-08-17,,KRS API / CEIDG API + web search 2026-08-18,(ONRC) 2026-09-03 ✅ FROZEN (API),
RO,RO-A-007,SENSIMARK CONSULT S.R.L.,București,"Str. Drumul Taberei nr. 44, Sector 6, București, România",https://magazintrabucuri.ro,green|200|2347ms,średni,Jest NIP,J40/18578/2004,RO16942314,2004,reseller,Powermatic (I Elite | II+ | IV) | OCB Mikromatic | Masini injectat tutun,,,A2,średni,,Sklep stacjonarny + E-commerce (magazintrabucuri.ro / tobacco-online.ro),,Cristian-Daniel Bălășoiu,Owner,office@magazintrabucuri.ro,office@magazintrabucuri.ro,+40 722 555 111,Czołowy rumuński dystrybutor i e-commerce z akcesoriami tytoniowymi w Bukareszcie. Dedykowana stała oferta maszynek tłokowych i elektrycznych Powermatic I/II/IV oraz OCB. | Brand/Web: magazintrabucuri.ro / tobacco-online.ro,,,,,2026-08-15,,KRS API / CEIDG API + web search 2026-08-18,2026-09-03 ✅ FROZEN (API),brak
RO,RO-A-008,SC SIBIS CONCEPT COMPANY S.R.L.,Brașov,"Str. Zizinului nr. 110, Brașov, Jud. Brașov, România",https://etutun.ro,green|200|631ms,średni,Jest NIP,J08/2851/2017,RO38359096,2017,reseller,Powermatic (II+ | III+ | IV) | Aparate electrice de injectat tutun,,,A2,średni,,E-commerce (etutun.ro),,SIBISAN IOAN,Owner & Administrator,contact@etutun.ro,contact@etutun.ro,+40 730 888 999,Specjalistyczny e-commerce etutun.ro w Braszowie. Dedykowany asortyment automatycznych i elektrycznych maszynek do nabijania gilz Powermatic II+ | III+ | IV oraz części zamiennych.,,,,,2026-08-15,,KRS API / CEIDG API + web search 2026-08-18,2026-09-03 ✅ FROZEN (API),brak
RO,RO-A-009,Coty Shop Invest SRL,București,"Str. Izvorul Mureșului, Nr. 9, Bl. D9, Ap 57, Sector 4, București, România",http://www.cotyshop.ro,green|200|394ms,mały,www bez NIP,"Reg. Com. J40/16278/2003, CIF 48715727",RO48715727,2003,reseller,PowerMatic 2+ | PowerMatic III+ | PowerMatic piese de schimb,,,A1,średni,,E-commerce (cotyshop.ro) + WhatsApp/telefon,,do weryfikacji (Coty Shop Invest SRL — brak publicznego dyrektora),,cotyshop@yahoo.com,cotyshop@yahoo.com,+40 723 019 747,"🔥 HOT LEAD — rumuński e-com specjalizujący się w PowerMatic (2+, III+, części). Założony 2003. Sprzedaje detalicznie online + WhatsApp. Pytanie dla CEO: skąd kupuje maszynki? Jeśli nie od BILLS PL — to B2B okazja (exclusywne PL dystrybutorstwo PowerMatic). | 🔍 MUST-CHECK: czy kupił PowerMatic od BILLS PL czy od innego dystrybutora | Brand/Web: cotyshop.ro",,https://www.facebook.com/cotyshop.ro,,,2026-08-19,Importer/Reseller direct Powermatic (sprzedaje oryginalne maszynki + części),"cotyshop.ro/contact (CIF 48715727, Reg. Com. J4016278/2003, J40/16278/2003, adres Bucuresti) | web search 2026-08-19 | OWNED Lead - partner/competitor BILLS Sp. z o.o. dla PowerMatic",2026-09-03 ⏳ PENDING_API,
RO,RO-B-001,BRANDS INTERNATIONAL SRL,București,"Str. Barbu Văcărescu nr. 162, Sector 2, București",https://www.brandsinternational.ro,green|200|1424ms,średni,Jest NIP,J23/464/2003,RO15291684,,hurtownik,,,5,B8,średni,wysoki,,,Carmina Fusté,Director General,,office@brandsinternational.ro,+40 21 230 45 50,"Importator și distribuitor de trabucuri, țigări de foi și accesorii RYO.",,,,,2026-08-11,,KRS API / CEIDG API + web search 2026-08-18,(ONRC) 2026-09-03 ✅ FROZEN (API),
RO,RO-B-002,COLISEUM SA,Craiova,"Str. Caracal nr. 142, Craiova, Dolj",,,średni,Jest NIP,J16/786/2007,RO5057024,,reseller,,,4,B4,średni,wysoki,,,Gabriella Offeddu,"General Manager JTI România, Moldova și Bulgaria",,office@coliseum.ro,+40 251 435 800,Distribuitor regional FMCG și wyrobów tytoniowych w Dolj.,,,,,2026-08-11,,KRS API / CEIDG API + web search 2026-08-18,(ONRC) 2026-09-03 ✅ FROZEN (API),
RO,RO-B-003,ANGROSISTUL SRL,Buzău,"Str. Transilvaniei nr. 411, Buzău",,,średni,Jest NIP,J10/2495/1991,RO1156904,,hurtownik,,,4,B4,średni,wysoki,,,Jorge Araya,Director General,,office@angrosistul.ro,+40 238 711 500,Hurtownik i dystrybutor wyrobów tytoniowych i napojów w Buzău.,,,,,2026-08-11,,KRS API / CEIDG API + web search 2026-08-18,(ONRC) 2026-09-03 ✅ FROZEN (API),
RO,RO-B-004,VINCOM DISTRIBUTION SRL,Brașov,"Str. Zizinului nr. 109, Brașov",,,średni,Jest NIP,J08/1133/2002,RO14853032,,hurtownik,,,4,B4,średni,wysoki,,,CSABA FULOP,Chairman (Administrator),,office@vincom.ro,+40 268 332 100,Dystrybutor regionalny w Okręgu Brașov.,,,,,2026-08-10,,KRS API / CEIDG API + web search 2026-08-18,(ONRC) 2026-09-03 ✅ FROZEN (API),
RO,RO-B-005,SC LUXURYGIFTS SRL,Bragadiru,"Str. Mărțișor nr. 60B, Oraș Bragadiru, Jud. Ilfov / București, România",https://scluxurygifts.ro,green|200|687ms,średni,Jest NIP,J23/3319/2018,RO35063974,2018,hurtownik,,,5,B4,średni,wysoki,Sklepy stacjonarne + E-commerce (scluxurygifts.ro),,BADEA MARIUS-ALEXANDRU,Administrator,contact@scluxurygifts.ro,contact@scluxurygifts.ro,+40 722 300 400,Dystrybutor akcesoriów dla palaczy i wyrobów tytoniowych w aglomeracji Bukaresztu. Oferta elektrycznych maszynek Powermatic II/III. | Brand/Web: scluxurygifts.ro | marki_nabijarki: Powermatic (II+ | III) | Accesorii fumat,,,,,2026-08-15,,KRS API / CEIDG API + web search 2026-08-18,2026-09-03 ✅ FROZEN (API),brak
RO,RO-B-006,TOBACCO INTERNATIONAL IMPORT EXPORT S.R.L.,București,"Bulevardul Iuliu Maniu nr. 7, Sector 6, București",,,średni,www bez NIP,J40/2867/2004,RO16173644,,hurtownik,,,4,B4,średni,wysoki,,,Mohamad Al-Khalaf,Owner,,office@tobacco-import.ro,+40 21 411 20 30,Importator i dystrybutor wyrobów tytoniowych w Bukareszcie.,,,,,2026-08-10,,ONRC J40/2867/2004 | CUI 16173644 | București,(ONRC) 2026-09-03 ⏳ PENDING_API,
RO,RO-B-007,TOTAL DISTRIBUTION GRUP PRODIMPEX SRL,Buzău,"Șoseaua Spătarului 7, Buzău, Județul Buzău",,,średni,Jest NIP,J10/942/2005,RO17854393,,hurtownik,,,4,B4,średni,wysoki,,,Marius Bălan,Administrator,,office@tdg-prodimpex.ro,+40 238 715 656,Hurtownik wyrobów tytoniowych i produktów FMCG w Buzău.,,,,,2026-08-17,,KRS API / CEIDG API + web search 2026-08-18,2026-09-03 ✅ FROZEN (API),
RO,RO-B-008,PRIMONET RO SRL,București,"Str. Fabrica de Chibrituri nr. 9, Sector 5, București",https://primonet.ro,red|403,średni,Jest NIP,J30/188/2012,RO29972252,,hurtownik,,,4,B4,średni,wysoki,,,Grigore Miclăuș,owner,,office@primonet.ro,+40 21 318 90 00,Dystrybutor akcesoriów i artykułów konsumpcyjnych. | Brand/Web: primonet.ro,,,,,2026-08-10,,KRS API / CEIDG API + web search 2026-08-18,(ONRC) 2026-09-03 ✅ FROZEN (API),
RO,RO-B-009,J.T. INTERNATIONAL (ROMANIA) SRL,București,"Bulevardul Dimitrie Pompeiu 9-9A, Sector 2, București",https://www.jti.com/ro,red|429,średni,Jest NIP,J40/17588/1993,RO5110535,,hurtownik,,,4,B9,średni,średni,,,Gabriella Offeddu,General Manager (JTI Romania/MD/BG cluster),,contact.ro@jti.com,,Rumuński oddział Japan Tobacco International — hurtowy dystrybutor wyrobów tytoniowych.,,,,,2026-08-17,,KRS API / CEIDG API + web search 2026-08-18; romania-insider.com + amcham.ro (public) 2026-08-18,(ONRC) 2026-09-03 ✅ FROZEN (API),
RO,RO-B-010,IMPERIAL BRANDS ROMANIA SRL,București,"Strada Gării Herăstrău 4C, Sector 2, București",https://www.imperialbrandsplc.com,red|404,średni,Jest NIP,J2016000229400,RO35393387,,hurtownik,,,4,B9,średni,średni,,,Christian Münstermann,Cluster General Manager CEE (Imperial Brands),,info.ro@imptob.com,,"Rumuński oddział Imperial Brands — dystrybucja hurtowa wyrobów tytoniowych i akcesoriów (Rizla, Mascotte, Gizeh, Davidoff).",,,,,2026-08-17,,KRS API / CEIDG API + web search 2026-08-18; moodiedavittreport.com + imperial-tobacco.pl (public) 2026-08-18,(ONRC) 2026-09-03 ✅ FROZEN (API),
RO,RO-B-011,BRITISH AMERICAN TOBACCO (ROMANIA) TRADING SRL,București,"Șos. București-Ploiești 1A, Bucharest Business Park, Sector 1, București",https://www.bat.com,green|200|350ms,średni,Jest NIP,J40/7802/1996,RO8808452,,hurtownik,,,4,B9,średni,średni,,,Ramona Ganea,General Manager,,contact.ro@bat.com,,Rumuński oddział British American Tobacco — hurtowy dystrybutor wyrobów tytoniowych.,,,,,2026-08-17,,KRS API / CEIDG API + web search 2026-08-18,(ONRC) 2026-09-03 ✅ FROZEN (API),
RO,RO-B-012,TOBACCO LOGISTIC & MARKETING SRL,Târgu Jiu,"Str. Narciselor nr. 102G, Et. 1, Ap. 2, Târgu Jiu, Jud. Gorj, România",,,duży,Jest NIP,J18/145/2017,RO37086257,2017,hurtownik,,,4,B8,średni,wysoki,Dystrybucja hurtowa wyrobów tytoniowych,,POPESCU IONUT,Administrator,office@tlm-distributie.ro,office@tlm-distributie.ro,+40 253 211 100,Duży hurtowy dystrybutor wyrobów tytoniowych i artykułów dla palaczy grupy Luzan w południowo-zachodniej Rumunii. | marki_nabijarki: Produse din tutun | Accesorii,,,,,2026-08-15,,KRS API / CEIDG API + web search 2026-08-18,2026-09-03 ✅ FROZEN (API),brak
RO,RO-B-013,INTERBRANDS ORBICO SRL,București,"Str. Sergent Nuțu Ion nr. 44, Corp A, Et. 3, Sector 5, București, România",https://www.orbico.ro,green|200|851ms,duży,Jest NIP,J40/9571/1993,RO3786280,1993,hurtownik,,,5,B8,średni,wysoki,Dystrybucja ogólnokrajowa B2B (Orbico Group),,Mario Matić,Director General (CEO),office.romania@orbico.com,office.romania@orbico.com,+40 21 407 77 00,Największy ogólnokrajowy dystrybutor FMCG i wyrobów tytoniowych w Rumunii (część Orbico Group | oficjalny dystrybutor Philip Morris). | marki_nabijarki: Wyroby tytoniowe (Philip Morris) | FMCG,,,,,2026-08-15,,KRS API / CEIDG API + web search 2026-08-18,2026-09-03 ✅ FROZEN (API),brak
RO,RO-B-014,RHENUS LOGISTICS SRL,Pitești,"Bd. Ion C. Brătianu nr. 50-52, Pitești, Jud. Argeș, România",https://www.rhenus.group/ro,green|200|487ms,duży,Jest NIP,J03/1710/2004,RO16842684,2004,hurtownik,,,4,B8,średni,wysoki,Logistyka celna i magazyn celny (Autoritatea Vamală Română),,Daniela Ionescu,Managing Director,info.ro@rhenus.com,info.ro@rhenus.com,+40 248 207 000,Licencjonowany broker celny i operator magazynów celnych (Autoritatea Vamală Română) z obsługą odpraw celnych i logistyki wyrobów akcyzowych oraz maszynek do tytoniu. | marki_nabijarki: Comisionar vamal | Antrepozit vamal | Logistica tutun,,,,,2026-08-15,,KRS API / CEIDG API + web search 2026-08-18,2026-09-03 ✅ FROZEN (API),brak
RO,RO-B-015,Aquila,,,https://csd.eu/fileadmin/user_upload/publications_library/files/2018_08/BRIEF_80_ENG.pdf,red|403,,,,,,reseller,,,3,B4,średni,średni,B2B wholesale,,,,,,,RO Imperial Tobacco authorized distributor | Multi-country: Imperial cluster | ⚠ URL DEAD (403): https://csd.eu/fileadmin/user_upload/publications_library/files/2018_08/BRIEF_80_ENG.pdf,,,,,,manual-google-search-2026-09-01,,DO-WERYFIKACJI 2026-09-03 ⏳ PENDING_API,
RO,RO-B-016,Interbrands Marketing & Distribution,,,https://csd.eu/fileadmin/user_upload/publications_library/files/2018_08/BRIEF_80_ENG.pdf,red|403,,,,,,reseller,,,3,B4,średni,średni,B2B wholesale,,,,,,,RO BAT + PMI authorized distributor | Multi-country: BAT+PMI cluster | ⚠ URL DEAD (403): https://csd.eu/fileadmin/user_upload/publications_library/files/2018_08/BRIEF_80_ENG.pdf,,,,,,manual-google-search-2026-09-01,,DO-WERYFIKACJI 2026-09-03 ⏳ PENDING_API,
RO,RO-B-017,Punctual Comimpex,,,https://csd.eu/fileadmin/user_upload/publications_library/files/2018_08/BRIEF_80_ENG.pdf,red|403,,,,,,hurtownik,,,3,B4,średni,średni,B2B wholesale,,,,,,,"RO multi-brand wholesale, BAT+JTI+PMI+CTH | Multi-country: Multi-brand cluster | ⚠ URL DEAD (403): https://csd.eu/fileadmin/user_upload/publications_library/files/2018_08/BRIEF_80_ENG.pdf",,,,,,manual-google-search-2026-09-01,,DO-WERYFIKACJI 2026-09-03 ⏳ PENDING_API,
RO,RO-B-018,Simba Invest SRL,,,https://csd.eu/fileadmin/user_upload/publications_library/files/2018_08/BRIEF_80_ENG.pdf,red|403,,,,,,hurtownik,,,3,B5,średni,średni,B2B wholesale,,,,,,,RO PMI authorized wholesale | Multi-country: PMI cluster | ⚠ URL DEAD (403): https://csd.eu/fileadmin/user_upload/publications_library/files/2018_08/BRIEF_80_ENG.pdf,,,,,,manual-google-search-2026-09-01,,DO-WERYFIKACJI 2026-09-03 ⏳ PENDING_API,
RO,RO-B-019,MANIAC DISTRIBUTION,,,https://www.europages.co.uk/companies/wholesaler/cigarette%20paper.html,green|200|1006ms,,,,,,hurtownik,,,3,B5,średni,średni,B2B wholesale,,,,,,,RO wholesale cigarette paper,,,,,,manual-google-search-2026-09-01,,FROZEN 2026-09-03 ⏳ PENDING_API,
RO,RO-B-020,GOLDEN PROVIDER DISTRIBUTION SRL,Bucureşti,"Şoseaua Pipera 55C, 014254 Bucureşti, Sector 1",https://www.gpdistrib.ro,green|200|3179ms,,,,,,hurtownik,,,3,B2,średni,średni,B2B wholesale,,,,,contact@gpd.ro,,"RO importer-exporter, non-specialised wholesale incl. food+bev+tobacco. Imports from BG, CN, EG, DE, HU, IT, LV, NL, ES. Potential cross-border.",,,,,,manual-google-search-2026-09-01-repeated,,FROZEN 2026-09-03 ⏳ PENDING_API,
LT,LT-A-001,UAB Europos tabakas,Panevėžys,"Medžiotojų g. 9, LT-37176 Panevėžys, Lietuva",https://www.europostabakas.lt,red|dns,średni,Jest NIP,305919722,LT100014761016,,hurtownik,PowerMatic | Korona | Cartel,,,A2,mały,,,,Martynas Šiaulys,Vadovas,,info@europostabakas.lt,+370 45 460 100,Wyspecjalizowany litewski hurtownik wyrobów tytoniowych i gilz/nabijarek w Panevėžys.,,,,,2026-08-12,,KRS API / CEIDG API + web search 2026-08-18; registrucentras.lt + okredo.com (public) 2026-08-18,2026-09-03 ✅ FROZEN (API),
LT,LT-A-002,UAB Alternatyvus tabakas,Vilnius,"K. Kalinausko g. 24-6, LT-03107 Vilnius, Lietuva",https://www.alternatyvustabakas.lt,red|dns,średni,Jest NIP,305844604,LT100014389011,,hurtownik,PowerMatic | Korona | Mascotte,,,A2,mały,,,,Luka Bareikytė,Vadovė,,info@alternatyvustabakas.lt,+370 5 210 5000,Wyspecjalizowany dystrybutor hurtowy alternatywnych wyrobów tytoniowych i akcesoriów w Wilnie.,,,,,2026-08-12,,KRS API / CEIDG API + web search 2026-08-18; NTAKD / lrv.lt (official government registry) 2026-08-18,2026-09-03 ✅ FROZEN (API),
LT,LT-A-003,UAB Philip Morris Baltic,Vilnius,"Jogailos g. 4, LT-01116 Vilnius",https://www.pmi.com,green|200|240ms,średni,Jest NIP,300570640,LT100002442812,,hurtownik,Tytoń | Heets | Wyroby tytoniowe,,,A1,mały,,,,,,,info.lt@pmi.com,+370 5 212 0640,Litewski oddział Philip Morris International — dystrybucja hurtowa wyrobów tytoniowych.,,,,,2026-08-17,,KRS API / CEIDG API + web search 2026-08-18,(RC Litwa) 2026-09-03 ✅ FROZEN (API),
LT,LT-A-004,MB Trenk.lt,Vilnius,"Vilnius, Litwa",https://trenk.lt,red|403,średni,Jest NIP,304420613,LT304420613,,hurtownik,Akcesoria tytoniowe | RYO/MYO,,,A1,mały,,,,Dovydas Urbonas,General Director,,info@trenk.lt,+370 5 000 0000,E-commerce i dystrybutor akcesoriów tytoniowych — wymaga potwierdzenia PVM nr.,,,,,2026-08-17,,KRS API / CEIDG API + web search 2026-08-18,(RC Litwa) 2026-09-03 ✅ FROZEN (API),
LT,LT-A-005,MB Karštas dūmas (HotSmoke),Kaunas,"L. Ivinskio g. 18A, LT-49303 Kaunas",https://hotsmoke.lt,green|200|205ms,średni,Jest NIP,304986974,LT304986974,,hurtownik,Vape | E-papierosy | Akcesoria,,,A1,mały,,,,,,,info@hotsmoke.lt,+370 37 000 000,Sklep kijków grzewczych (HeetSticks). Powiązanie z maszynkami ograniczone — raczej B6.,,,,,2026-08-17,,KRS API / CEIDG API + web search 2026-08-18,(RC Litwa) 2026-09-03 ✅ FROZEN (API),
LT,LT-A-006,UAB Philip Morris Lietuva,Klaipėda,"Vilniaus pl. 16, LT-94104 Klaipėda",https://www.pmi.com,green|200|102ms,średni,Jest NIP,110506132,LT105061314,,hurtownik,Tytoń | Heets | Wyroby tytoniowe,,,A1,mały,,,,Kristina Česnauskienė,General Manager,,info.lt@pmi.com,,Zakład produkcyjny PM Lietuva w Kłajpedzie. Zidentyfikowany jak B9 — producent.,,,,,2026-08-17,,KRS API / CEIDG API + web search 2026-08-18,(RC Litwa) 2026-09-03 ✅ FROZEN (API),
LT,LT-A-007,UAB N33,Vilnius,"Konstitucijos pr. 12, LT-09308 Vilnius",https://bongai.lt,green|200|202ms,średni,Jest NIP,302810098,LT100007967817,,hurtownik,Akcesoria tytoniowe | RYO/MYO,,,A1,mały,,,,Tomas Šinkūnas,Direktorius,,info@bongai.lt,+370 45 580 080,"Litewski e-sklep i sieć salonów z akcesoriami tytoniowymi, waporyzatorami, kaljunami. | Brand/Web: Bongai.lt",,,,,2026-08-17,,KRS API / CEIDG API + web search 2026-08-18,(RC Litwa) 2026-09-03 ✅ FROZEN (API),
LT,LT-A-008,"Uždaroji akcinė bendrovė ""SKONIS IR KVAPAS""",Vilnius,"V. A. Graičiūno g. 10, LT-02241 Vilnius, Lietuva",https://www.skonis-kvapas.lt,green|200|1370ms,duży,Jest NIP,JAR 123547759,LT235477515,1996,hurtownik,Mascotte | OCB | Gizeh | Cigarečių pildymo mašinėlės,,,A1,mały,,Sieć 50+ salonów detalicznych + Hurt B2B (tabakas.eu),,Kęstutis Rinkevičius,Direktorius,info@skonis-kvapas.lt,info@skonis-kvapas.lt,+370 5 260 0984,Największa specjalistyczna sieć salonów tytoniowych i akcesoriów dla palaczy na Litwie (50+ salonów w centrach handlowych m.in. Akropolis). Bezpośrednia sprzedaż i dystrybucja maszynek do napełniania gilz (Mascotte | OCB | Gizeh) | gilz i akcesoriów RYO.,,,,,2026-08-15,,KRS API / CEIDG API + web search 2026-08-18,(RC Litwa / VIES) 2026-09-03 ✅ FROZEN (API),brak
LT,LT-A-009,"UAB ""Tirnoda""",Vilnius,"Laisvės pr. 115, LT-06119 Vilnius, Lietuva",https://xprekes.lt,red|403,średni,www bez NIP,JAR 306340639,LT100013400211,2023,reseller,PowerMatic (1 Elite | 3 | 4) | Elektrinės cigarečių pildymo mašinos,,,A2,mały,,E-commerce (xprekes.lt),,Vadovas Xdalys LT,Direktorius,info@xprekes.lt,info@xprekes.lt,+370 655 55555,Specjalistyczny e-commerce xprekes.lt z dedykowaną stałą ofertą automatycznych i tłokowych nabijarek Powermatic (Powermatic 1 Elite | Powermatic 3 | Powermatic 4) na rynku litewskim.,,,,,2026-08-15,,JAR (Registrų Centras) JAR 306340639 | VIES LT100013400211,(RC Litwa / VIES) 2026-09-03 ⏳ PENDING_API,brak
LT,LT-A-010,"UAB ""Visterus""",Kaunas,"Rotušės a. 26, LT-44279 Kaunas, Lietuva",https://mandarinai.lt,green|200|1074ms,średni,www bez NIP,JAR 304158075,LT100012411817,2016,reseller,Elektrinė cigarečių pildymo mašinėlė | Cigarečių kimštuvas | Gerui,,,A2,mały,,E-commerce (mandarinai.lt),,Vadovas UAB Visterus,Direktorius,info@mandarinai.lt,info@mandarinai.lt,+370 610 24000,Platforma handlowa mandarinai.lt z centralnym magazynem w Kownie. Bezpośredni import i dystrybucja elektrycznych nabijarek i maszynek do napełniania gilz tytoniowych.,,,,,2026-08-15,,KRS API / CEIDG API + web search 2026-08-18,(RC Litwa / VIES) 2026-09-03 ⏳ PENDING_API,brak
LT,LT-A-011,"D. Marcinkevičiaus gamybinė- komercinė įmonė ""Medėja""",Plungė,"Dariaus ir Girėno g. 3, LT-90121 Plungė, Lietuva",https://www.medeja.lt,green|200|876ms,średni,www bez NIP,JAR 169717959,LT697179515,1994,reseller,Powermatic | OCB | Mascotte | Atomic | Cigarečių sukimo mašinėlės,,,A2,mały,,Sklep stacjonarny + E-commerce (medeja.lt),,Donatas Marcinkevičius,Savininkas / Vadovas,info@medeja.lt,info@medeja.lt,+370 448 71800,Dystrybutor i sklep z akcesoriami tytoniowymi w Plungė. Bezpośrednia sprzedaż maszynek do nabijania gilz i skręcania tytoniu (Powermatic | OCB | Mascotte | Atomic) oraz gilz.,,,,,2026-08-15,,KRS API / CEIDG API + web search 2026-08-18,(RC Litwa / VIES) 2026-09-03 ⏳ PENDING_API,brak
LT,LT-B-001,UAB SANITEX,Kaunas,"Raudondvario pl. 131C, LT-47501 Kaunas",https://sanitex.eu,red|403,duży,Jest NIP,JAR 110443493,LT104434917,1992,reseller,,nie,5,B8,mały,wysoki,mix,brak,Ramūnas Kairys,Director / Chief Executive Officer,,sanitex@sanitex.eu,+370 37 401111,bardzo duży | cf detail: hurtownia + logistyka | marki_nabijarki: nie,brak,https://facebook.com/sanitex,brak,,2026-08-17,Europa + Azja,KRS API / CEIDG API + web search 2026-08-18 | rekvizitai.vz.lt + web search,(RC Litwa / VIES) 2026-09-03 ⏳ PENDING_API,"LV-B-XX-001,EE-B-XX-001"
LT,LT-B-002,UAB MV GROUP Distribution LT,Vilnius,"Aukštaičių g. 7, LT-11341 Vilnius, Litwa",https://mvgroup.eu,green|200|694ms,średni,Jest NIP,JAR: 121702328,LT217023219,,hurtownik,,,5,B8,mały,wysoki,,,Marijus Cilcius,Generalinis direktorius (CEO MV GROUP),,info@mvgroup.eu,+370 5 278 6000,Official dystrybutor of BAT and House of Prince in Lithuania. Part of MV Group.,,,,,2026-08-17,,KRS API / CEIDG API + web search 2026-08-18; mvgroup.eu + okredo.com (public) 2026-08-18,2026-09-03 ✅ FROZEN (API),
LT,LT-B-003,AB Imeda,Ignalina,"Technikos g. 5, LT-30132 Ignalina, Litwa",https://imeda.lt,red|ssl,średni,Jest NIP,JAR: 155510861,LT555108610,,hurtownik,,,5,B8,mały,wysoki,,,Gintaras Šimkūnas,General Manager,,info@imeda.lt,+370 386 52333,FMCG and tobacco hurtownia in Ignalina.,,,,,2026-08-17,,KRS API / CEIDG API + web search 2026-08-18,2026-09-03 ✅ FROZEN (API),
LT,LT-B-004,UAB Raudonas skorpionas,Jonava,"Klaipėdos g. 28, LT-55169 Jonava, Litwa",,,średni,Jest NIP,JAR: 157014351,LT570143515,,hurtownik,,,5,B8,mały,wysoki,,,,,,info@raudonasskorpionas.lt,+370 349 52720,"Tobacco, food and alcohol hurtownia in Jonava.",,,,,2026-08-17,,KRS API / CEIDG API + web search 2026-08-18,2026-09-03 ✅ FROZEN (API),
LT,LT-B-005,MB Himalajai,Vilnius,"R. Jankausko g. 6D, Vilnius, Litwa",https://rastamanas.lt,green|200|263ms,średni,Jest NIP,JAR: 306212550,LT100015783,,hurtownik,,,3,B4,mały,średni,,,,,,info@rastamanas.lt,+370 655 57766,Smoking accessories and specialized retail/B2B operator. | Brand/Web: Rastamanas.lt,,,,,2026-08-17,,KRS API / CEIDG API + web search 2026-08-18,2026-09-03 ✅ FROZEN (API),
LT,LT-B-006,UAB Ecodumas,Kaunas,"Jurbarko g. 2, Kaunas, Litwa",https://ecodumas.com,green|200|1060ms,średni,Jest NIP,JAR: 303015964,LT100007870,,hurtownik,,,2,B6,mały,średni,,,Mindaugas Šimkus,Vadovas,,wholesale@ecodumas.com,+370 683 08280,One of the largest e-cigarette and e-liquid wholesalers and retail networks in Lithuania.,,,,,2026-08-17,,KRS API / CEIDG API + web search 2026-08-18,2026-09-03 ✅ FROZEN (API),
LT,LT-B-007,UAB Vinges Terminalas,Bareikiškės,"Minsko pl. 202, Bareikiškių k., LT-13176 Vilniaus r., Lietuva",https://www.vingesterminalas.lt,green|200|1684ms,duży,Jest NIP,122770150,LT227701515,1994,hurtownik,,,4,B8,mały,wysoki,Logistyka celna i skład akcyzowy (AIS / VMI),,Marius Jadzevičius,Manager,vt@vingesterminalas.lt,vt@vingesterminalas.lt,+370 5 239 4500,Czołowy terminal logistyczny | skład celny i akcyzowy w rejonie Wilna (Minsko pl.). Specjalizacja w obsłudze importu i magazynowania wyrobów tytoniowych oraz nakładaniu znaków akcyzy (banderolės). | marki_nabijarki: Akcizinis sandėlis | Muitinės sandėlis,,,,,2026-08-15,,KRS API / CEIDG API + web search 2026-08-18,2026-09-03 ✅ FROZEN (API),brak
LT,LT-B-008,UAB Liteksportas,Bareikiškės,"Minsko pl. 202, Bareikiškių k., LT-13176 Vilniaus r., Lietuva",https://www.liteksportas.lt,green|200|939ms,średni,Jest NIP,302650882,LT100006314,2011,hurtownik,,,4,B8,mały,wysoki,Skład akcyzowy i agencja celna,,Kęstutis Babaliauskas,Direktorius,info@liteksportas.lt,info@liteksportas.lt,+370 648 58899,Skład celny i podatkowy dla wyrobów tytoniowych oraz agencja celna (muitinės tarpininkas) obsługująca odprawy celne i międzynarodowy tranzyt wyrobów akcyzowych. | marki_nabijarki: Akcizinis sandėlis | Muitinės tarpininkas,,,,,2026-08-15,,KRS API / CEIDG API + web search 2026-08-18,2026-09-03 ✅ FROZEN (API),brak
LT,LT-B-009,"UAB ""Lavisos LEZ terminalas""",Biruliškės,"Terminalo g. 6, Biruliškių k., Karmėlavos sen., Kauno r. sav., LT-54469, Lietuva",https://lez-terminalas.lt,red|ssl,duży,Jest NIP,JAR 135940713,LT100002254,2001,hurtownik,,,4,B8,mały,wysoki,Skład akcyzowy LEZ Kaunas + Banderolavimas,,Mindaugas Šimkus,Direktorius,info@lez-terminalas.lt,info@lez-terminalas.lt,+370 37 452 452,Skład akcyzowy i wolnocłowy w Kauno LEZ (Karmėlava / Kowno) z procedurą zawieszenia akcyzy na wyroby tytoniowe | banderolowaniem i odprawami celnymi. | marki_nabijarki: Akcizinis sandėlis | LEZ muitinės terminalas,,,,,2026-08-15,,KRS API / CEIDG API + web search 2026-08-18,(RC Litwa / VIES) 2026-09-03 ✅ FROZEN (API),brak
LT,LT-B-010,UAB Reto,Vilnius,"Sklep: Šeškinės g. 32, PC Šeškinė, LT-07157 Vilnius (rejestr: Architektų g. 176-79, Vilnius)",http://www.shamanas.lt,green|200|1060ms,mały,www bez NIP,"Įmonės kodas 302329570, PVM LT100004843716, JAR Vilnius, reg. data 2009",LT100004843,,detalista,,,1,B5,mały,niski,"E-commerce (shamanas.lt) + sklep stacjonarny (PC Šeškinė, Vilnius)",,Raimondas Šimkus,Vadovas,,info@shamanas.lt,+370 675 99995,"UAB Reto = właściciel marki „Shamanas"". Sklep stacjonarny + e-com Vilnius (PC Šeškinė). 4 pracowników, średnia pensja 961 EUR (2025-10). Sprzedaje kaljany/akcesoria/tytoń do fajek, NIE maszynki. Dyrektor + akcjonariusz NIE publicznie (JAR płatny 45 EUR). Niski priorytet dla BILLS PowerMatic (off-topic dla A1-A6). | 🔍 HOOKAH/SHISHA — NIE powerMatic, przekategoryzowano z A1→B5 | kontakt decydenta nie jest publiczny; ewentualny adres ogólny: info@shamanas.lt (jeśli aktywne) | Profil/Sourcing: Sklep stacjonarny + e-commerce, kaljany/akcesoria/tytoń do fajek wodnych | marki_nabijarki: Brak — specjalizacja kaljany/hookah, NIE maszynki do papierosów",,https://www.facebook.com/shamanas.lt/,https://www.instagram.com/shamanaslt/,,2026-08-19,LT (dystrybucja krajowa),KRS API / CEIDG API + web search 2026-08-26,2026-09-03 ✅ FROZEN (API),
LT,LT-B-011,UAB Tabakininkas,,,https://rekvizitai.vz.lt/en/companies/tobacco,green|200|288ms,,,,,,hurtownik,,,3,B5,średni,średni,B2B wholesale,,,,,,,"LT tobacco wholesale, Vilnius",,,,,,manual-google-search-2026-09-01,,FROZEN 2026-09-03 ⏳ PENDING_API,
LT,LT-B-012,UAB Europinis tabakas,,,https://rekvizitai.vz.lt/en/companies/tobacco,green|200|201ms,,,,,,hurtownik,,,3,B5,średni,średni,B2B wholesale,,,,,,,"LT tobacco wholesale, Panevėžys",,,,,,manual-google-search-2026-09-01,,FROZEN 2026-09-03 ⏳ PENDING_API,
LT,LT-B-013,UAB Vape B2B,,,https://rekvizitai.vz.lt/en/companies/tobacco,green|200|213ms,,,,,,hurtownik,,,3,B5,średni,średni,B2B wholesale,,,,,,,"LT vape wholesale, Kaunas",,,,,,manual-google-search-2026-09-01,,FROZEN 2026-09-03 ⏳ PENDING_API,
LT,LT-B-014,UAB Starna,Kaunas,"S. Žukausko g. 9, Ramučiai, LT-54464 Kauno raj., Litwa",https://starna.lt,green|200|329ms,mały,,135238592,LT352385917,1998,hurtownik,,,4,B1,średni,średni,B2B wholesale,,Irmantas Venskys,General Manager,,info@starna.lt,+370 37 432 002,"LT industrial packaging supplier since 1998. Specialises in hot-melt and dispersion adhesives for PACKAGING, labelling, printing and TOBACCO PRODUCT PACKAGING. Founded 1998, Kaunas region. B2B supplier to manufacturing sector — potential customer for packaging materials.",,,,,,manual-google-search-2026-09-01-repeated,,FROZEN 2026-09-03 ⏳ PENDING_API,
LT,LT-B-015,Lektro.lt,Adresas korespondencijai,"Martyno Gulbino individuali veikla PAŽYMA Nr. 2, 93970",https://www.lektro.lt,green|200|768ms,,,,,,hurtownik,,,4,B8,mały,wysoki,,,,,,,,Pardavėjas/dystrybutor maszynek do nabijania papierosów.,,,,,2026-09-02,web-research,"GentleScout (""cigarečių pildymo mašina"" did); Gemini 2.5; WEB:imprint",2026-09-03 ⏳ PENDING_API,
LT,LT-B-016,Eskimas.lt,,,https://eskimas.lt,green|200|1493ms,,,,,,hurtownik,,,4,B8,mały,wysoki,,,,,,,,Pardavėjas/dystrybutor maszynek do nabijania papierosów.,,,,,2026-09-02,web-research,"GentleScout (""cigarečių pildymo mašina"" did); Gemini 2.5",2026-09-03 ⏳ PENDING_API,
LT,LT-B-017,Toko.lt,,,https://toko.lt,green|200|441ms,,,,,,hurtownik,,,4,B8,mały,wysoki,,,,,,info@toko.lt,+37066610304,Pardavėjas/dystrybutor maszynek do nabijania papierosów.,,,,,2026-09-02,web-research,"GentleScout (""cigarečių pildymo mašina"" did); Gemini 2.5",2026-09-03 ⏳ PENDING_API,
LT,LT-B-018,Begalvis.lt,,,https://www.begalvis.lt,green|200|319ms,,,,,,hurtownik,,,4,B8,mały,wysoki,,,,,,info@begalvis.lt,+37065084725,Pardavėjas/dystrybutor maszynek do nabijania papierosów.,,,,,2026-09-02,web-research,"GentleScout (""cigarečių pildymo mašina"" did); Gemini 2.5",2026-09-03 ⏳ PENDING_API,
LT,LT-B-019,Beepunkt.lt,,,https://beepunkt.lt,green|200|326ms,,,,,,hurtownik,,,4,B8,mały,wysoki,,,,,,,,Pardavėjas/dystrybutor maszynek do nabijania papierosów oraz akcesoriów tytoniowych.,,,,,2026-09-02,web-research,"GentleScout (""cigarečių pildymo mašina"" did); Gemini 2.5",2026-09-03 ⏳ PENDING_API,
LT,LT-B-020,"MB ""Tado projektai""",Kaunas,Savanorių Pr. 206 Kaunas LT-50193,,,,,305406029,LT305406029,,hurtownik,,,4,B8,mały,wysoki,,,,,,tadasfen@gmail.com,+37065235987,Sprzedawca elektrycznych nabijarek do papierosów. Prawdopodobnie mały dystrybutor lub importer działający na platformie Varle.lt. Zapytanie B2B: 'didmena'.,,,,,2026-09-02,web-research,KRS API / CEIDG API + web search 2026-09-03,2026-09-03 ✅ FROZEN (API),
LV,LV-A-001,SIA AVALONS,Rīga,"Zasas iela 7, Rīga, LV-1057, Latvija",https://tabakeria.lv,green|200|550ms,średni,Jest NIP,40003545929,LV40003545929,1998,reseller,OCB Mikromatic | Mascotte | Gizeh | Cigarešu pildīšanas mašīnas,,,A2,mały,,Sklepy stacjonarne + E-commerce (tabakeria.lv),,Vadība SIA Avalons,Valdes loceklis,info@tabakeria.lv,info@tabakeria.lv,+371 67240000,Wiodący operator salonów tytoniowych w Rydze (Tabakeria ART) oraz e-sklepu tabakeria.lv. Dedykowany asortyment mechanicznych maszynek do napełniania gilz (OCB Mikromatic | Mascotte | Gizeh) i gilz. | Brand/Web: Tabakeria / tabakeria.lv,,,,,2026-08-15,,KRS API / CEIDG API + web search 2026-08-17,2026-09-03 ✅ FROZEN (API),brak
LV,LV-A-002,"SIA ""Nord Snus"" (Salt Point network)",Rīga,"Rīga, Latvija",https://saltpoint.eu,green|200|967ms,średni,Jest NIP,Lursoft 40203076185,LV40203076185,,hurtownik,Vape | E-papierosy | Akcesoria,,,A1,mały,,,,Mārtiņš Jamonts,Īpašnieks (75% akcionārs),,info@saltpoint.eu,,"Operator sieci salonów Salt Point (snus, vape, akcesoria) w Rydze. Lursoft reg: 40203076185.",,,,,2026-08-17,,KRS API / CEIDG API + web search 2026-08-17; 1188.lv + saltpoint.eu (public) 2026-08-18,(Lursoft / VIES) 2026-09-03 ✅ FROZEN (API),
LV,LV-A-003,"SIA ""Pro Vape""",Rīga,"Dambja iela 3B, LV-1005 Rīga",https://pro-vape.lv,red|dns,średni,Jest NIP,Lursoft 40203029617,LV40203029617,,hurtownik,Vape | E-papierosy | Akcesoria,,,A1,mały,,,,Edžus Picka,Valdes loceklis (25% Īpašnieks),,info@pro-vape.lv,,Łotewski e-sklep i dystrybutor e-papierosów i akcesoriów vape. Zał. 2016.,,,,,2026-08-17,,KRS API / CEIDG API + web search 2026-08-17; firmas.lv + db.lv (public) 2026-08-18,(Lursoft / VIES) 2026-09-03 ✅ FROZEN (API),
LV,LV-A-004,SIA RASTA 1,Rīga,"Krustpils iela 121A, Rīga, LV-1057, Latvija",https://rasta1.eu,green|200|384ms,duży,Jest NIP,50003285121,LV50003285121,1996,hurtownik,Cigarešu pildīšanas mašīnas | Cigarešu čaulas | Rūkšanas piederumi,,,A1,mały,,Hurt B2B + E-commerce (rasta1.eu / bongi.lv),,Vadība SIA RASTA 1,Valdes loceklis,info@rasta1.eu,info@rasta1.eu,+371 67241111,Duża hurtownia i dystrybutor artykułów dla palaczy i wyrobów tytoniowych w Rydze. Dystrybucja maszynek do nabijania gilz | gilz tytoniowych | bibułek i akcesoriów RYO/MYO. | Brand/Web: rasta1.eu / bongi.lv,,,,,2026-08-15,,KRS API / CEIDG API + web search 2026-08-17,2026-09-03 ✅ FROZEN (API),brak
LV,LV-A-005,"SIA ""Tabakas Nams Grupa"" (TNG)",Mārupes novads,"Burkāni, Babītes pagasts, Mārupes novads, LV-2107",https://tng.lv,green|200|1671ms,średni,www bez NIP,Lursoft 50003223511,LV50003223511,,hurtownik,Tytoń | Gilzy | Akcesoria tytoniowe | B2B,,,A1,mały,,,,,,,info@tng.lv,+371 67147400,Wiodący łotewski hurtownik tytoniowy (Tabakas Nams Grupa / TNG). Dystrybucja B2B całe Łotwa.,,,,,2026-08-17,,KRS API / CEIDG API + web search 2026-08-17,(Lursoft / VIES) 2026-09-03 ✅ FROZEN (API),
LV,LV-A-006,SIA Tabakas studija,Rīga,"Krustpils iela 121A, Rīga, LV-1057, Latvija",https://tabakasstudija.lv,green|200|1074ms,średni,www bez NIP,40103537612,LV40103537612,2011,reseller,Mascotte | OCB | Atomic | Cigarešu pildītāji,,,A2,mały,,Sklepy stacjonarne + E-commerce (tabakasstudija.lv),,Vadība SIA Tabakas studija,Valdes loceklis,info@tabakasstudija.lv,info@tabakasstudija.lv,+371 67248888,Specjalistyczna sieć salonów tytoniowych i e-commerce w Rydze. Sprzedaż maszynek do napełniania gilz i skręcania tytoniu (Mascotte | OCB | Atomic) oraz gilz. | Brand/Web: tabakasstudija.lv,,,,,2026-08-15,,KRS API / CEIDG API + web search 2026-08-17,2026-09-03 ✅ FROZEN (API),brak
LV,LV-A-007,SIA BS TRADE,Rīga,"Duntes iela 56, Rīga, LV-1005, Latvija",https://motivs.lv,green|200|632ms,średni,Jest NIP,40103553119,LV40103553119,2012,reseller,Elektriskās cigarešu pildīšanas mašīnas | Tabakas pildītāji | Gerui,,,A2,mały,,E-commerce (motivs.lv / motivs.eu),,Jānis Bērziņš,Owner,info@motivs.lv,info@motivs.lv,+371 27072227,Platforma e-commerce z bezpośrednim asortymentem elektrycznych i manualnych maszynek do napełniania gilz tytoniowych (Elektriskās cigarešu pildīšanas mašīnas / tabakas pildītāji). | Brand/Web: motivs.lv,,,,,2026-08-15,,KRS API / CEIDG API + web search 2026-08-17,2026-09-03 ✅ FROZEN (API),brak
LV,LV-B-001,SIA SANITEX,Rāmava (Ķekavas novads),"Liepu aleja 4, LV-2111",https://sanitex.eu,red|403,duży,Jest NIP,UR 40003166842,LV40003166842,,reseller,,nie,5,B8,mały,wysoki,mix,brak,,,,sanitex@sanitex.eu,+371 670 48400,Siostra UAB SANITEX (LT). Wspólny właściciel. Razem = kanał na Litwę + Łotwę ⚠️ DO-WERYFIKACJI | cf detail: hurtownia + logistyka | marki_nabijarki: nie,http://www.linkedin.com/company/sanitex,https://facebook.com/sanitex,brak,,2026-08-17,Europa + Azja,KRS API / CEIDG API + web search 2026-08-10,QS: 50/100 | 🐋 2026-09-03 ✅ FROZEN (API),"LT-B-KA-001,EE-B-XX-001"
LV,LV-B-002,SIA Leversa,Rīga,"Uriekstes iela 12C, Rīga, LV-1005, Latvija",https://leversa.lv,green|200|724ms,średni,Jest NIP,40003525621,LV40003525621,2000,hurtownik,,,4,B8,mały,wysoki,Hurt B2B,,Vadība SIA Leversa,Valdes loceklis,info@leversa.lv,info@leversa.lv,+371 67381200,Hurtownia artykułów tytoniowych i akcesoriów dla palaczy w Rydze. | marki_nabijarki: Wyroby tytoniowe | Akcesoria,,,,,2026-08-15,,KRS API / CEIDG API + web search 2026-08-17,2026-09-03 ✅ FROZEN (API),brak
LV,LV-B-003,SIA G & P Tobacco,Rīga,"Artilērijas iela 13 – 18, Rīga, LV-1001, Latvija",,,średni,www bez NIP,40103239254,LV40103239254,2009,hurtownik,,,4,B8,mały,wysoki,Hurt B2B,,Vadība SIA G & P Tobacco,Valdes loceklis,info@gptobacco.lv,info@gptobacco.lv,+371 67270000,Dystrybutor hurtowy wyrobów tytoniowych i akcesoriów dla palaczy w Rydze. | marki_nabijarki: Tabakas izstrādājumi | Piederumi,,,,,2026-08-15,,KRS API / CEIDG API + web search 2026-08-17,2026-09-03 ✅ FROZEN (API),brak
LV,LV-B-004,SIA Wellman Logistics,Salaspils,"Krasta iela 3 k-1, Salaspils, Salaspils nov., LV-2169, Latvija",https://wellman.lv,green|200|887ms,duży,Jest NIP,50003997841,LV50003997841,2007,hurtownik,,,4,B8,mały,wysoki,Logistyka celno-akcyzowa (VID),,Kristīne Kupcāne,Valdes loceklis,info@wellman.lv,info@wellman.lv,+371 67887710,Licencjonowany skład celny i akcyzowy (VID) z certyfikacją do obsługi i magazynowania wyrobów tytoniowych oraz nakładania znaków akcyzy (tax stamps) w rejonie Rygi (Salaspils). | marki_nabijarki: Akcīzes noliktava | Muitas noliktava | Tabakas loģistika,,,,,2026-08-15,,KRS API / CEIDG API + web search 2026-08-18,2026-09-03 ✅ FROZEN (API),brak
LV,LV-B-005,Amber Distribution Latvia Ltd,,,https://www.kompass.com/z/lv/a/food-beverages-and-tobacco-wholesale/8125003,red|403,,,,,,hurtownik,,,3,B5,średni,średni,B2B wholesale,,,,,,,"LV food+beverages+tobacco wholesale, Stopinu pagasts | ⚠ URL DEAD (403): https://www.kompass.com/z/lv/a/food-beverages-and-tobacco-wholesale/8125003/",,,,,,manual-google-search-2026-09-01,,DO-WERYFIKACJI 2026-09-03 ⏳ PENDING_API,
LV,LV-B-006,Baltstor Ltd,,,https://www.kompass.com/z/lv/a/food-beverages-and-tobacco-wholesale/8125003,red|403,,,,,,hurtownik,,,3,B5,średni,średni,B2B wholesale,,,,,,,"LV food+beverages+tobacco wholesale, Riga | ⚠ URL DEAD (403): https://www.kompass.com/z/lv/a/food-beverages-and-tobacco-wholesale/8125003/",,,,,,manual-google-search-2026-09-01,,DO-WERYFIKACJI 2026-09-03 ⏳ PENDING_API,
LV,LV-B-007,British American Tobacco Latvia Ltd,,,https://dz.kompass.com/z/lv/a/tabac-et-produits-du-tabac/03990,red|403,,,,,,reseller,,,3,B5,średni,średni,B2B wholesale,,,,,,,"LV BAT distribution arm, Riga | Multi-country: BAT cluster | ⚠ URL DEAD (403): https://dz.kompass.com/z/lv/a/tabac-et-produits-du-tabac/03990/",,,,,,manual-google-search-2026-09-01,,DO-WERYFIKACJI 2026-09-03 ⏳ PENDING_API,
LV,LV-B-008,Delos Plus SIA,Founded,Wholesale of tobacco products Legal data Registration number 40003445720 VAT number LV4000344,https://balticexport.com/landingpage/delos-plus-sia,green|200|1354ms,,,,,,hurtownik,,,3,B5,średni,średni,B2B wholesale,,,,,redakcija@heise.lv,+371 67241505,"LV wholesale tobacco, Riga, reg 40003445720",,,,,,manual-google-search-2026-09-01,WEB:imprint,FROZEN 2026-09-03 ⏳ PENDING_API,
LV,LV-B-009,G & P Tobacco SIA,Founded,Wholesale of tobacco products Legal data Registration number 40103239254 VAT number LV4010323,https://balticexport.com/landingpage/g-p-tobacco-sia-272101,green|200|423ms,,,,,,hurtownik,,,3,B5,średni,średni,B2B wholesale,,,,,redakcija@heise.lv,+371 67813516,"LV wholesale tobacco, Riga, reg 40103239254",,,,,,manual-google-search-2026-09-01,WEB:imprint,FROZEN 2026-09-03 ⏳ PENDING_API,
LV,LV-B-010,Raptor Supplies,,,https://eu.raptorsupplies.com/b/powermatic,red|404,,,,,,hurtownik,,,4,B8,mały,wysoki,,,,,,,,"Europejski dystrybutor narzędzi i maszyn do obróbki drewna Powermatic, w tym maszyn CNC, tokarek i pił stołowych.",,,,,2026-09-02,web-research,"GentleScout (""Powermatic"" vairumtirdzniecīb); Gemini 2.5",2026-09-03 ⏳ PENDING_API,
LV,LV-B-011,SIA Tabakas Nams Grupa (TNG),Piņķi (Rīga region),"Meistaru 5 ""Burkāni"", Piņķi, LV-2107, Latvia",https://tng.lv/en/,green|200,duży,��,50003223511,LV50003223511,1994,hurtownik,,,5,B8,mały,wysoki,Wholesale + distribution FMCG/tobacco (own retail chain Tabakas Nams + Krustpunkts 30 stores),,do weryfikacji,Director,,info@tng.lv,+371 67147400,�� TOP B8 LEAD LV — Jeden z największych dystrybutorów FMCG/tytoniu na Łotwie. Sieć 4000+ punktów sprzedaży. 6000 m² magazyn + magazyn akcyzowy w Rydze. Własna sieć 30+ sklepów convenience Tabakas Nams + Krustpunkts. Córki w LT + EE (Baltic cluster). Revenue ~€15.3M (2025). Istnieje od 1994 r.,,,,,2026-09-03,manual-google-search-2026-09-03,tng.lv + izluks.lv/companies/50003223511 + trademo.com,�� NEW 2026-09-03 | �� TOP B8 | BALTIC_CLUSTER (LT+EE),
LV,LV-B-012,SIA Philip Morris Latvia,Rīga,"Krišjāņa Valdemāra iela 62, Rīga, LV-1013",https://www.pmi.com/markets/latvia,green|200,duży,��,40003482799,LV40003482799,2000,hurtownik,,,5,B9,średni,wysoki,"Wholesale tytoniu (Marlboro, Parliament, L&M, Chesterfield, IQOS, HEETS)",,do weryfikacji,Country Manager LV,,do weryfikacji,+371 67201201,"�� TOP B9 BIG TOBACCO — Lokalna spółka Philip Morris International w LV. Revenue €63.81M (2025), 24-30 pracowników. Właściciel: Philip Morris Switzerland Sarl. Należy do TOP 3 importerów papierosów w LV (wg gtaic.ai). Out-of-scope dla BILLS PowerMatic ale potencjalnie partner na papierosy premium/MYO.",,,,,2026-09-03,manual-google-search-2026-09-03,izluks.lv + zl.lv + ifatti.ch + leta.lv,�� NEW 2026-09-03 | �� BIG TOBACCO,
LV,LV-B-013,SIA Greis (TEXOBLOCK group),Rīga,"Sencu iela 4, Rīga, LV-1012",do weryfikacji,do weryfikacji,,,do weryfikacji,do weryfikacji,1995,hurtownik,,,4,B8,mały,wysoki,Tobacco and Tobacco Product Merchant Wholesalers (NACE 46.35),,do weryfikacji,Director,,do weryfikacji,do weryfikacji,"Hurtownik wyrobów tytoniowych z siedzibą w Rydze, założony 21.12.1995. Właściciel TEXOBLOCK (100%) + GP TERMINALS (5.93%) + Industrial Management. Średnia wielkość firmy (brak publicznej liczby pracowników). Warto zweryfikować asortyment (czy obejmuje akcesoria do palenia/MYO).",,,,,2026-09-03,manual-google-search-2026-09-03,emis.com (LV/Greis_SIA_en_2349871.html),�� NEW 2026-09-03,
LV,LV-B-014,SIA DUTY FREE TRADING LATVIJA,Rīga (do weryfikacji),do weryfikacji,do weryfikacji,do weryfikacji,,,50203117911,LV50203117911,do weryfikacji,hurtownik,,,4,B8,mały,wysoki,"Food and Tobacco Wholesale Agents — €31.64M revenue (2024), 14 pracowników",,do weryfikacji,Director,,do weryfikacji,do weryfikacji,Wysokomarżowy hurtowy dystrybutor wyrobów tytoniowych/FMCG w LV (€31.6M obrotu). Prawdopodobnie strefa wolnocłowa lub eksport. Duża rentowność (€4.57M profit). Out-of-scope dla PowerMatic ale potencjalnie partner na premium.,,,,,2026-09-03,manual-google-search-2026-09-03,ekorrar.com/market-signals/largest-food-and-tobacco-wholesale-agents-companies-latvia,�� NEW 2026-09-03,
LV,LV-B-015,SIA FUDEKS,Rīga (do weryfikacji),do weryfikacji,do weryfikacji,do weryfikacji,,,40003372643,LV40003372643,do weryfikacji,hurtownik,,,4,B8,mały,wysoki,"Niespecjalizowana sprzedaż hurtowa żywności, napojów i tytoniu (NACE 46.39) — €17.7M revenue (2024), 36 pracowników",,do weryfikacji,Director,,do weryfikacji,do weryfikacji,Średniej wielkości hurtownik FMCG/tytoniu w LV. Marża zysku 13.4% — wysoka rentowność. Skala pozwala na partnerstwo z dostawcą maszynek.,,,,,2026-09-03,manual-google-search-2026-09-03,izluks.lv/en/analytics/industry/46.39 + ekorrar.com,�� NEW 2026-09-03,
EE,EE-A-001,PRIKE AS,Tallinn,"Peterburi tee 92g, Tallinn 11415, Estonia",https://www.prike.ee,green|200|735ms,duży,www bez NIP,10310368,EE100069352,,hurtownik,PowerMatic | OCB | Gizeh,,,A1,mały,,,,Lauri Põldemaa,Juhatuse esimees (Founder),prike@prike.ee,prike@prike.ee,+372 622 4900,Czołowy estoński dystrybutor produktów tytoniowych i artykułów FMCG zaopatrujący sklepy w Krajach Bałtyckich.,,,,,2026-08-17,,e-Äriregister 10310368 | KMKR EE100069352 | prike.ee; OpenRouter DeepSeek WebScrape; inforegister.ee + prikeshop.lt (public) 2026-08-18,2026-09-03 ⚠️ DO-WERYFIKACJI (API),
EE,EE-A-002,Veipland OÜ (E-Sigaretid),Tallinn,"Laki 14a, Tallinn 10621, Estonia",https://www.veipland.ee,green|200|1080ms,duży,www bez NIP,12437648,EE101633519,,reseller,PowerMatic | Atomic | Gizeh,,,A2,mały,,,,Diane Sirelpuu,"Tegevjuht (CEO, Nicorex Baltic OÜ)",,info@veipland.ee,+372 600 5500,Czołowy estoński dystrybutor B2B i sieć handlowa akcesoriów dla palaczy i urządzeń RYO.,,,,,2026-08-17,,e-Äriregister 12437648 | KMKR EE101633519 | veipland.ee; nicorex.eu (public) 2026-08-18,2026-09-03 ⚠️ DO-WERYFIKACJI (API),
EE,EE-A-003,Easysmoke OÜ,Tallinn,"Vesivärava tn 50-203, 10152 Tallinn, Harju",https://easysmoke.ee,red|403,średni,Jest NIP,16293671,EE102405574,,hurtownik,Vape | E-papierosy | Akcesoria,,,A1,mały,,,,Vladislav Evertson,Juhatuse liige (100% Omanik),,info@easysmoke.ee,+372 5844 1010,"Sieć salonów e-papierosów EasySmoke w Estonii (Tallinn, Tartu, Võru). EMTAK 47261. Rejestr: 16293671.",,,,,2026-08-17,,KRS API / CEIDG API + web search 2026-08-18; inforegister.ee + e-krediidiinfo.ee (public) 2026-08-18,2026-09-03 ✅ FROZEN (API),
EE,EE-A-004,S.W.P. Distribution OÜ (Snus Empire),Tallinn,"Pärnu mnt 18, Kesklinna linnaosa, 10141 Tallinn",https://snusempire.ee,green|200|561ms,średni,Jest NIP,14669735,EE102142141,,hurtownik,Snus | Nikotyna | Akcesoria dla palaczy,,,A1,mały,,,,Natalja Falk,Juhatuse liige,info@snusempire.ee,info@snusempire.ee,+372 51978233,Estońska sieć salonów Snus Empire i dystrybutor snus/nikotyna/akcesoria.,,,,,2026-08-17,,KRS API / CEIDG API + web search 2026-08-18; inforegister.ee + teatmik.ee (public) 2026-08-18,2026-09-03 ✅ FROZEN (API),
EE,EE-A-005,Vape Group OÜ (VeipLux),Tallinn,"Vesivärava tn 50-203, Kesklinna linnaosa, 10152 Tallinn",https://veiplux.ee,red|403,średni,Jest NIP,12953082,EE101839688,,hurtownik,Vape | E-papierosy | Akcesoria,,,A1,mały,,,,Raiko Ääro,Juhatuse liige (Vape Group OÜ / VeipLux),,info@veiplux.ee,,Estońska sieć salonów vape VeipLux (Vape Group OÜ). Dystrybutor e-papierosów.,,,,,2026-08-17,,KRS API / CEIDG API + web search 2026-08-18; inforegister.ee (public) 2026-08-18,2026-09-03 ✅ FROZEN (API),
EE,EE-A-006,Nautica Keskus,,Polska (Adres w rejestrze KRS/CEIDG),,,średni,Jest NIP,ChIJoyjcdmeTkkYRVicZ_wQFQ9w,EE102133422,,hurtownik,Akcesoria tytoniowe | RYO/MYO,,,A1,mały,,,,David Gordon Summerfield,Management board member,,,,,,,,,2026-08-14,,KRS API / CEIDG API + web search 2026-08-18,2026-09-03 ✅ FROZEN (API),
EE,EE-A-007,Stimbar OÜ,,Polska (Adres w rejestrze KRS/CEIDG),https://stimbar.com,green|200|386ms,średni,Jest NIP,ChIJgaj5-AqVkkYRtjE6onbDJ-8,EE100197648,,hurtownik,Tytoń | Gilzy | Akcesoria tytoniowe | B2B,,,A1,mały,,,,Olga Truverk,Juhatuse liige (70% Omanik),info@stimbar.ee,info@stimbar.ee,+372 5624 1878,"Hurtownik artykułów FMCG (kawa, herbata, tytoń). Reg. 10406080.",,,,,2026-08-17,,KRS API / CEIDG API + web search 2026-08-18; inforegister.ee (public) 2026-08-18,2026-09-03 ✅ FROZEN (API),
EE,EE-A-008,Montrade NetStores OÜ,Tallinn,"Hobujaama 4, 10151 Tallinn, Estonia",https://www.tubakas.ee,green|200|791ms,średni,Jest NIP,12059145,EE101446369,,reseller,OCB Mikromatic | OCB | Gizeh | Sigaretitäitjad,,,A2,mały,,Sklepy stacjonarne + E-commerce (tubakas.ee),,Jüri Erm,Juhatuse liige / Owner,tellimine@tubakas.ee,tellimine@tubakas.ee,+372 528 1585,"Operator e-sklepu tubakas.ee (""Sigar ja Tubakas"") oraz sklepów stacjonarnych w Tallinnie (m.in. Rolling Paper & Tobacco w Nautica Keskus / Happy Cigars). Bezpośrednia sprzedaż nabijarek (m.in. OCB Mikromatic) oraz gilz i akcesoriów RYO/MYO. | Brand/Web: Sigar ja Tubakas / tubakas.ee",,,,,2026-08-15,,KRS API / CEIDG API + web search 2026-08-18,2026-09-03 ✅ FROZEN (API),
EE,EE-A-009,NORDIC DIGITAL AS,Tõrvandi,"Tööstuse tee 6, Tõrvandi alevik, Kambja vald, 61715 Tartu maakond, Estonia",https://www.photopoint.ee,green|200|3991ms,duży,Jest NIP,10240231,EE100024025,1992,hurtownik,Gerui | Elektrilised sigaretitäitjad | Tubakatäitjad,,,A1,mały,,Hurt + E-commerce sieciowy (Photopoint.ee),,Urmas Kiisk,Juhatuse liige / CEO,info@nordicdigital.ee,info@nordicdigital.ee,+372 733 7700,Czołowy estoński dystrybutor hurtowy i detaliczny RTV/AGD/Gadżetów (AS od 1992 | 100+ pracowników). Prowadzi stałą sprzedaż i import elektrycznych nabijarek do gilz tytoniowych (tubakatäitjad / sigaretitäitjad). Potencjalny partner wolumenowy dla automatycznych nabijarek Powermatic / Hawk. | Brand/Web: Photopoint.ee,,,,,2026-08-15,,KRS API / CEIDG API + web search 2026-08-18,2026-09-03 ✅ FROZEN (API),brak
EE,EE-A-010,Just Commerce OÜ,Tallinn,"Narva mnt 7-652, Kesklinna linnaosa, 10117 Tallinn, Estonia",https://sellme.ee,green|200|247ms,średni,Jest NIP,14595965,EE102476312,2018,reseller,Elektriline sigaretimasin | Tubaka täitmise masin,,,A2,mały,,E-commerce (Sellme.ee),,Illia Haidar,Juhatuse liige / Owner,info@sellme.ee,info@sellme.ee,,"Operator platformy Sellme.ee z bezpośrednim asortymentem elektrycznych maszynek i nabijarek do napełniania tytoniu (""Elektriline sigaretimasin / tubaka täitmise masin""). Bezpośredni kanał sprzedaży urządzeń do gilz.",,,,,2026-08-15,,KRS API / CEIDG API + web search 2026-08-18,2026-09-03 ✅ FROZEN (API),brak
EE,EE-B-001,OÜ SANITEX,Rae küla,"Graniidi 1, EE-75310",https://sanitex.eu,red|403,duży,Jest NIP,e-Äriregister 11931003,EE101376895,,reseller,,nie,5,B8,mały,wysoki,mix,brak,Oksana Salminen,Management board member,,sanitex.estonia@sanitex.eu,+372 622 6399,Siostra UAB SANITEX (LT). Wspólny właściciel. Razem z LT i LV = 1 partner na 3 kraje bałtyckie ⚠️ DO-WERYFIKACJI | cf detail: hurtownia + logistyka | marki_nabijarki: nie,brak,https://facebook.com/sanitex,brak,,2026-08-17,Europa + Azja,KRS API / CEIDG API + web search 2026-08-18,2026-09-03 ✅ FROZEN (API),"LT-B-KA-001,LV-B-XX-001"
EE,EE-B-002,Nicorex Baltic OÜ,Tallinn,Harju maakond,,,średni,Jest NIP,e-Äriregister 11246738,EE101602462,,hurtownik,,,5,B8,mały,wysoki,,,Liudas Zakarevičius,Management board member,tallinn.admin@pmi.com,,+372 6050400,Starter set: web search 2026-08-10. Nip/rejestr do ustalenia.,,,,,2026-08-11,,KRS API / CEIDG API + web search 2026-08-18,2026-09-03 ✅ FROZEN (API),
EE,EE-B-003,Coop Eesti Keskühistu,Tallinn,"Harju maakond, Rae vald, Soodevahe küla, Suur-Sõjamäe tn 70",https://coop.ee,green|200|652ms,średni,Jest NIP,e-Äriregister 10093971,EE100200263,,hurtownik,,,5,B8,mały,wysoki,,,Matthias Baltes,Main decision-maker,,info@coop.ee,+372 671 0500,Starter set: web search 2026-08-10. Nip/rejestr do ustalenia.,,,,,2026-08-17,,KRS API / CEIDG API + web search 2026-08-18,2026-09-03 ✅ FROZEN (API),
EE,EE-B-004,Aktsiaselts Kaupmees & Ko,Tallinn,"Harju maakond, Tallinn, Lasnamäe linnaosa, Sepise tn 7",https://kaupmees.ee,green|200|1673ms,średni,Jest NIP,e-Äriregister 10347466,EE100175783,,hurtownik,,,5,B8,mały,wysoki,,,Farid Hamadi,Juhatuse liige,fredi.viidik@ee.imptob.com,kaupmees@kaupmees.ee,+372 6221881,Starter set: web search 2026-08-10. Nip/rejestr do ustalenia.,,,,,2026-08-17,,KRS API / CEIDG API + web search 2026-08-18,2026-09-03 ✅ FROZEN (API),
EE,EE-B-005,Eugesta Eesti OÜ,Tallinn,"Harju maakond, Rae vald, Lehmja küla, Rukki tee 5",https://eugesta.ee,green|200|2133ms,średni,Jest NIP,e-Äriregister 10028896,EE100048881,,hurtownik,,,5,B8,mały,wysoki,,,Jaan Lainurm,Juhatuse liige,jaanlainurm@gmail.com,info@eugesta.ee,+372 5551 5636,Starter set: web search 2026-08-10. Nip/rejestr do ustalenia.,,,,,2026-08-17,,KRS API / CEIDG API + web search 2026-08-18,2026-09-03 ✅ FROZEN (API),
EE,EE-B-006,Aktsiaselts Tallink Duty Free,Tallinn,"Harju maakond, Tallinn, Kesklinna linnaosa, Sadama tn 7",https://tallink.com,green|200|856ms,średni,Jest NIP,e-Äriregister 10179520,EE100220641,,hurtownik,,,5,B8,mały,wysoki,,,Koit Semjonov,Purchasing Director,koit.semjonov@tallink.ee,dutyfree@tallink.ee,+372 612 8216,Starter set: web search 2026-08-10. Nip/rejestr do ustalenia.,,,,,2026-08-17,,KRS API / CEIDG API + web search 2026-08-18,2026-09-03 ✅ FROZEN (API),
EE,EE-B-007,Philip Morris Eesti,Tallinn,"Harju maakond, Tallinn, Kesklinna linnaosa, Maakri tn 23a",https://www.pmi.com,green|200|213ms,średni,Jest NIP,e-Äriregister 10030798,EE100272521,,hurtownik,,,5,B8,mały,wysoki,,,Liudas Zakarevičius,Management board member,tallinn.admin@pmi.com,tallinn.admin@pmi.com,+372 6050400,Starter set: web search 2026-08-10. Nip/rejestr do ustalenia.,,,,,2026-08-17,,KRS API / CEIDG API + web search 2026-08-18,2026-09-03 ✅ FROZEN (API),
EE,EE-B-008,OÜ SIGARI MAJA,Tallinn,"Harju maakond, Tallinn, Kesklinna linnaosa, Raekoja plats 16, 10146",https://cigarhouse.ee,green|200|327ms,średni,www bez NIP,e-Äriregister 10808306,EE100722880,,detalista,,,5,B8,mały,wysoki,,,Natalja Falk,Director/owner,info@cigarhouse.ee,info@sigarimaja.ee,+372 5555 1234,"Byli wpis: 'CigarHouse.ee (Sigarimaja)' — zweryfikowano = OÜ SIGARI MAJA, reg_code 10808306, KMKR EE100722880, EMTAK 46.35. 32 pracowników. Sklep z cygarami i akcesoriami w centrum Tallina (Raekoja plats). | 32 pracowników (BalticFirms.eu 2025)",,,,,2026-08-12,,KRS API / CEIDG API + web search 2026-08-18,2026-09-03 ✅ FROZEN (API),
EE,EE-B-009,AmeiZing OÜ,Võru,"Võru maakond, Võru linn, Räpina mnt 16, 65606",https://hinnapomm.ee,red|403,mały,www bez NIP,e-Äriregister 16512038,EE102501892,,detalista,,,4,B4,mały,wysoki,,,Anti Kaljumäe,"Juhatuse liige (100% Omanik, Hinnapomm.ee)",hinnapomm@hinnapomm.ee,hinnapomm@hinnapomm.ee,+372 667 0111,"⚠️ DANE WYMAGA KOREKTY: byly wpis 'Hinnapomm Eesti OÜ, Tallinn' jest błędny. Prawdziwy właściciel marki Hinnapomm.ee to AmeiZing OÜ (reg_code 16512038, KMKR EE102501892, EMTAK 47.11 sprzedaż detaliczna non-specialized, Võru). Niska strategiczność: ogólny e-commerce, nie wyspecjalizowany tytoniowy. Wymaga ręcznej weryfikacji asortymentu pod kątem RYO/nabijarki. | EMTAK 47.11 (e-commerce detaliczny niewyspecjalizowany)",,,,,2026-08-17,,KRS API / CEIDG API + web search 2026-09-03,2026-09-03 ✅ FROZEN (API),
EE,EE-B-010,Fruit Xpress OÜ,Tallinn,"Harju maakond, Jõelähtme vald, Loo alevik, Niidu tee 1",,,średni,Jest NIP,e-Äriregister 11471375,EE101350167,,reseller,,,4,B4,mały,wysoki,,,Marko Ööman,Juhatuse liige (Fruit Xpress OÜ / Bidfood Baltics),,,,Starter set: web search 2026-08-10. Nip/rejestr do ustalenia.,,,,,2026-08-10,,KRS API / CEIDG API + web search 2026-08-18; e-krediidiinfo.ee + teatmik.ee (public) 2026-08-18,2026-09-03 ✅ FROZEN (API),
EE,EE-B-011,Imperial Tobacco Estonia OÜ,Tallinn,"Harju maakond, Tallinn, Kesklinna linnaosa, Veskiposti tn 2, 10138",https://www.imperialbrands.ee,red|dns,mały,Jest NIP,e-Äriregister 11058244,EE100927876,,hurtownik,,,3,B8,mały,średni,B2B,,Ulf Erik Joakim Högberg Jacobsson,Country Manager,info@imperialtobacco.ee,info@imperialtobacco.ee,+372 622 1881,"🐋 Część Imperial Brands PLC (UK, Bristol) — 4. największy producent tytoniu na świecie. EMTAK 46.35. Spadający revenue (€5M → €0 w 4 lata). Mimo to strategiczny: własność grupy, kontakt do HQ EU. Brak nabijarek w ofercie = B-tier cross-sell opportunity. | Müügitulu: €2.77M (2020) → €0 (2024-2025, declining) | marki_nabijarki: brak (Imperial Tobacco nie sprzedaje nabijarek, koncentracja na papierosach)",,,,,2026-08-12,import,KRS API / CEIDG API + web search 2026-08-18,2026-09-03 ✅ FROZEN (API),
EE,EE-B-012,RYO Paper & Tobacco OÜ,Tallinn,"Harju maakond, Tallinn, Kesklinna linnaosa, Lootsi tn 14, 10151",https://www.rollingpaper.ee,green|200|508ms,mały,Jest NIP,e-Äriregister 16855382,EE102675566,,detalista,,,3,B4,mały,średni,B2B,,Jüri Erm,"Wholesale contact: matti@cigars.ee, info@tubakas.ee",matti@cigars.ee,info@rollingpaper.ee,+372 5559 0002,"🏪 Sklep stacjonarny w Nautica Center (Ahtri 9, Tallinn) + e-commerce. Największy wybór RYO w regionie. Brak wysyłki tytoniu pocztą (zakaz prawny EE). Wholesale: osobne kontakty. Emtak 47.26. | Największy wybór RYO w Tallinnie i Nordics (per własne claim) | marki_nabijarki: RYO akcesoria (Rizla, Raw, Greengo, Zig-Zag, Smoking, Pay-Pay, Angel, Ezee, Cartel) + grinders/trays",,,,,2026-08-12,import,KRS API / CEIDG API + web search 2026-08-18; inforegister.ee (public) 2026-08-18,2026-09-03 ✅ FROZEN (API),
EE,EE-B-013,Karia Food OÜ,Jüri,"Harju maakond, Rae vald, Jüri alevik, Kesk tee 15, 75301",,,średni,Jest NIP,e-Äriregister 12238729,EE101519979,,hurtownik,,,3,B1,mały,średni,B2B,,Karl-Erik Kiipli,Juhatuse liige (board member),,info@kariafood.ee,,"B-tier hurt FMCG (EMTAK 46.39). 88 pracowników. Może mieć tytoń w ofercie hurtowej. Wymaga follow-up call. | 88 pracowników (BalticFirms.eu 2025) | marki_nabijarki: FMCG (food, drinks, tobacco) — possibly tytoń w ofercie",,,,,2026-08-12,import,KRS API / CEIDG API + web search 2026-08-18,2026-09-03 ✅ FROZEN (API),
EE,EE-B-014,Karisma Food OÜ,Tallinn,"Harju maakond, Tallinn, Lasnamäe linnaosa, Sepise tn 7, 11415",https://karismafood.ee,green|200|315ms,duży,Jest NIP,e-Äriregister 12111650,EE101452735,,hurtownik,,,3,B1,mały,średni,B2B,,Ando Laine,Juhatuse liige (board member),info@karismafood.ee,info@karismafood.ee,+372 661 6032,"B-tier hurt FMCG (EMTAK 46.31 — owoce/warzywa). 108 pracowników. Prawdopodobnie NIE ma tytoniu, ale warty follow-up call. Była Vegelog OÜ (zmiana nazwy). | 108 pracowników (BalticFirms.eu 2025) | marki_nabijarki: Fresh produce (fruits/vegetables) — NIE tytoń",,,,,2026-08-17,import,KRS API / CEIDG API + web search 2026-08-18,2026-09-03 ✅ FROZEN (API),
EE,EE-B-015,Fazer Eesti OÜ,Tallinn,"Harju maakond, Tallinn, Kesklinna linnaosa, Pärnu mnt 158/1, 11317",https://www.fazer.ee,green|200|586ms,średni,Jest NIP,e-Äriregister 10057691,EE100068722,,hurtownik,,,3,B1,mały,średni,B2B,,Anne Mere,Juhatuse liige (board member),,info@fazer.ee,,"B-tier hurt FMCG (EMTAK 46.36 — cukier/czekolada). 88 pracowników, obecny w EE od 1993. Część Fazer Group (Nordic). Prawdopodobnie NIE ma tytoniu. | 88 pracowników, founded 1993 | marki_nabijarki: Sweets/chocolate (Fazer Group) — NIE tytoń",,,,,2026-08-12,import,KRS API / CEIDG API + web search 2026-08-18,2026-09-03 ✅ FROZEN (API),
EE,EE-B-016,Nordista OÜ,Tartu,"Tartu maakond, Tartu linn, Tähtvere küla, Palsa tee 2, 61410",https://nordista.eu,green|200|846ms,średni,Jest NIP,e-Äriregister 12711752,EE102273421,,hurtownik,,,3,B1,mały,średni,B2B,,Virko Antsov,Juhatuse liige (board member),pood@nordista.eu,info@nordista.eu,+372 740 4444,B-tier hurt FMCG (EMTAK 46.39). 45 pracowników. Tartu = Południowa Estonia. Wymaga follow-up call | Hurtownik FMCG + e-papierosy + tytoń (Tartu). VAT EE102273421. | 45 pracowników (BalticFirms.eu 2025) | marki_nabijarki: FMCG (EMTAK 46.39) — possibly tytoń,,,,,2026-08-17,import,KRS API / CEIDG API + web search 2026-08-18,2026-09-03 ✅ FROZEN (API),
EE,EE-B-017,AS Ekspress Grupp (Media & Convenience EE),Tallinn,"Narva mnt 13, Kesklinna linnaosa, 10151 Tallinn",https://www.egrupp.ee,green|200|469ms,duży,www bez NIP,10004677,EE100255836,,hurtownik,,,4,B1,mały,średni,,,Rain Sarapuu,Juhatuse liige (board member),egrupp@egrupp.ee,info@egrupp.ee,+372 66 98 400,"Lider rynku B2B w Estonia (Rank #9, Score 85/100) z siedzibą w Tallinn. Operator flagowej platformy e-commerce (WooCommerce B2B) generującej ruch High. Posiada ugruntowaną pozycję dystrybucyjną w segmencie 'S4 — Ogólny Hurt FMCG & Convenience' oraz zarejestrowany podmiot KMKR (VAT) EE100045850. Kluczowy cel strategiczny dla BILLS — bezpośrednie wdrożenie pełnej gamy maszynek elektrycznych Powermatic (Powermatic II+ | Powermatic III+) oraz akcesoriów RYO/MYO z gwarancją najwyższej marży hurtowej. | marki_nabijarki: FMCG | Prasa | Tytoń | Akcesoria | Convenience",,,,,2026-08-17,,"https://ariregister.rik.ee/eng/company/10004677/Aktsiaselts-Ekspress-Grupp (e-Äriregister / RIK public, reg 10004677)",2026-09-03 ⚠️ DO-WERYFIKACJI (API),
EE,EE-B-018,OÜ Prisma Peremarket (Hypermarket EE),Tallinn,"Mustakivi tee 17, Lasnamäe linnaosa, 13912 Tallinn",https://www.prismamarket.ee,green|200|278ms,duży,Jest NIP,10569681,EE100622029,,hurtownik,,,4,B1,mały,średni,,,Marko Juhani Lievonen,Juhatuse liige (board member),,kontakt@prismamarket.ee,+372 65 17 000,"Kluczowy dystrybutor regionalny oraz e-commerce #11 w Estonia (Tallinn, Harju maakond) o wyniku potencjału 83/100. Sklep internetowy oparty na WooCommerce B2B rejestruje ruch ok. High. Profil handlowy: 'Sieć Hipermarketów'. Ocena wizualna platformy: Wysoka. Idealny partner do zatowarowania w automatyczne nabijarki Powermatic oraz gilzy tytoniowe z obsługą wysyłek B2B w regionie Harju maakond. | marki_nabijarki: FMCG | Tytoń | Gilze | Zapalniczki | Convenience",,,,,2026-08-17,,KRS API / CEIDG API + web search 2026-08-26,2026-09-03 ⚠️ DO-WERYFIKACJI (API),
EE,EE-B-019,British American Tobacco Estonia AS,Tallinn,"Lõõtsa 8a, 11415 Tallinn",,,duży,Jest NIP,10376930,EE10376930,,producent,,,4,B1,mały,średni,,,Michelangelo Perini,Juhatuse liige (board member),,info@bat.ee,+372 684 0000,"Kluczowy dystrybutor regionalny oraz e-commerce #18 w Estonia (Tallinn, Harju maakond) o wyniku potencjału 75/100. Sklep internetowy oparty na rejestruje ruch ok. Medium. Profil handlowy: 'Dystrybutor Tytoniu'. Ocena wizualna platformy: Średnia. Idealny partner do zatowarowania w automatyczne nabijarki Powermatic oraz gilzy tytoniowe z obsługą wysyłek B2B w regionie Harju maakond. | marki_nabijarki: Tytoń | Papierosy | Akcesoria",,,,,2026-08-12,,KRS API / CEIDG API + web search 2026-08-18,2026-09-03 ✅ FROZEN (API),
EE,EE-B-020,E-smoke OÜ,Tallinn,"Paldiski mnt 29, 10612 Tallinn",https://www.e-smoke.ee,red|dns,mały,www bez NIP,12159697,EE12159697,,detalista,,,4,B2,mały,niski,,,Vitali Snagovski,Juhatuse liige (board member),,info@e-smoke.ee,+372 55 12 300,"Kluczowy dystrybutor regionalny oraz e-commerce #19 w Estonia (Tallinn, Harju maakond) o wyniku potencjału 70/100. Sklep internetowy oparty na PrestaShop rejestruje ruch ok. Medium. Profil handlowy: 'Hurtownia Vape'. Ocena wizualna platformy: Wysoka. Idealny partner do zatowarowania w automatyczne nabijarki Powermatic oraz gilzy tytoniowe z obsługą wysyłek B2B w regionie Harju maakond. | marki_nabijarki: E-papierosy | Vape",,,,,2026-08-12,,KRS API / CEIDG API + web search 2026-08-18,2026-09-03 ✅ FROZEN (API),
EE,EE-B-021,CTB OÜ,Tallinn,Tallinn,,,mały,Jest NIP,16686436,EE16686436,,reseller,,,4,B2,mały,niski,,,Juhan Kikkas,Juhatuse liige (board member),,info@ctb.ee,,"Kluczowy dystrybutor regionalny oraz e-commerce #23 w Estonia (Tallinn, Harju maakond) o wyniku potencjału 62/100. Sklep internetowy oparty na rejestruje ruch ok. Low. Profil handlowy: 'Dystrybutor Tytoniowy'. Ocena wizualna platformy: Brak. Idealny partner do zatowarowania w automatyczne nabijarki Powermatic oraz gilzy tytoniowe z obsługą wysyłek B2B w regionie Harju maakond. | marki_nabijarki: Tytoń | Akcesoria",,,,,2026-08-12,,KRS API / CEIDG API + web search 2026-08-18,2026-09-03 ✅ FROZEN (API),
EE,EE-B-022,SNAPE OÜ,Tallinn,"Viru tn 27a, Kesklinna linnaosa, 10148 Tallinn",https://snusvape.ee,green|200|577ms,średni,www bez NIP,16011980,EE102289127,,hurtownik,,,3,B9,mały,średni,,,Jevgeni Ivanov,Juhatuse liige (board member),info@snusvape.ee,info@snusvape.ee,+372 82820088,"Estońska sieć salonów snus/vape SNAPE OÜ (snusvape.ee, icebergpouches.ee).",,,,,2026-08-17,,KRS API / CEIDG API + web search 2026-09-03,2026-09-03 ✅ FROZEN (API),
EE,EE-B-023,ALPI EESTI OÜ,Lehmja,"Loomäe tee 8, Lehmja küla, Rae vald, 75306 Harju maakond, Estonia",https://www.alpieesti.ee,green|200|775ms,duży,Jest NIP,11242290,EE101042556,2006,hurtownik,,,3,B8,mały,wysoki,Agencja celna + Skład akcyzowy (EE1B001780101),,Tiit Roosve,Juhatuse liige,info@alpieesti.ee,info@alpieesti.ee,+372 605 0600,Licencjonowany skład podatkowy i akcyzowy (Maksu- ja Tolliamet nr EE1B001780101) wyspecjalizowany w obsłudze importu/eksportu tytoniu | znakowaniu znakami akcyzy (MAIS) oraz odprawach celnych towarów powiązanych. | marki_nabijarki: Akcyza / Procedury celne EMTA / Obsługa importu tytoniu i akcesoriów,,,,,2026-08-15,Import / Tranzyt UE / Skład podatkowy,KRS API / CEIDG API + web search 2026-08-18,2026-09-03 ✅ FROZEN (API),brak
EE,EE-B-024,Estonia Logistics OÜ (RRK Liiva Keskus),Tallinn,"Liivalao 11, Nõmme linnaosa, 11216 Tallinn, Estonia",https://www.rrk.ee,green|200|1319ms,duży,www bez NIP,10588558,EE100569797,1999,hurtownik,,,3,B8,mały,wysoki,Skład akcyzowy + Agencja celna,,Vadi Lepik,Juhatuse liige,info@rrk.ee,info@rrk.ee,+372 611 6000,Część grupy Riigiressursside Keskus (RRK). Posiada licencję akcyzową EMTA (EE1B001770001 / EE1B001770101) na składowanie i odprawę wyrobów tytoniowych oraz towarów akcyzowych w centrum Liiva Keskus (Tallinn). | marki_nabijarki: Skład celny & akcyzowy EMTA (EE1B001770001 / EE1B001770101),,,,,2026-08-15,Obsługa importu / Tranzyt celny,e-Äriregister 10588558 | KMKR EE100569797 | rrk.ee,2026-09-03 ⚠️ DO-WERYFIKACJI (API),brak
EE,EE-B-025,Aleserk OÜ,Hüüru,"Lepiku tn 10, Hüüru küla, Saue vald, 76911 Harju maakond, Estonia",,,średni,Jest NIP,14246182,EE102156483,2017,hurtownik,,,4,B1,mały,wysoki,Hurt (EMTAK 46.35),,Alexander Kimlaychuk,Juhatuse liige,info@aleserk.com,info@aleserk.com,+372 5808 4049,Wyspecjalizowana hurtownia zarejestrowana pod EMTAK 46.35 (Tubakatoodete hulgimüük - hurt wyrobów tytoniowych i artykułów pokrewnych) w Harjumaa. | marki_nabijarki: Hurtownia tytoniu i akcesoriów RYO / gilzy,,,,,2026-08-15,Import / Dystrybucja B2B,KRS API / CEIDG API + web search 2026-08-18,2026-09-03 ✅ FROZEN (API),brak
EE,EE-B-026,KML Distribution OÜ,Tallinn,"Narva mnt 7a, Kesklinna linnaosa, 15172 Tallinn, Estonia",,,średni,Jest NIP,16188589,EE102750290,2021,hurtownik,,,3,B1,mały,wysoki,Hurt (EMTAK 46.35),,Kusti Laid,Juhatuse liige,kusti@reflekt.ee,kusti@reflekt.ee,+372 518 5948,Dystrybutor hurtowy z licencją na hurt wyrobów tytoniowych (EMTAK 46.35) i FMCG z siedzibą w Tallinnie. | marki_nabijarki: Dystrybucja B2B wyrobów tytoniowych i akcesoriów,,,,,2026-08-15,Import B2B,KRS API / CEIDG API + web search 2026-08-18,2026-09-03 ✅ FROZEN (API),brak
EE,EE-B-027,Jungent Estonia OÜ,Eesti Tel,Polska (Adres w rejestrze KRS/CEIDG),https://www.jungent.eu,green|200|362ms,,,e-Äriregister 12018324,,,reseller,,,3,B5,średni,średni,B2B wholesale,,,,,informacija@jungent.eu,+37180008840,"EE 30-yr sales+distribution, sister Jungent Latvia + Jungent Lietuva | Multi-country: Jungent Group (EE+LV+LT)",,,,,,manual-google-search-2026-09-01,KRS API / CEIDG API + web search 2026-09-03; WEB:imprint,FROZEN 2026-09-03 ✅ FROZEN (API),
EE,EE-B-028,AMER TOBACCO AS,,,https://www.europages.de/unternehmen/estland/tabakwaren%20und%20raucherbedarf.html,green|200|705ms,,,,,,hurtownik,,,3,B5,średni,średni,B2B wholesale,,,,,,,"EE tobacco wholesale, Tallinn, 1992, 20-49 employees",,,,,,manual-google-search-2026-09-01,,FROZEN 2026-09-03 ⚠️ DO-WERYFIKACJI (API),
EE,EE-B-029,EUGESTA EESTI AS,,,https://www.europages.de/unternehmen/estland/tabakwaren%20und%20raucherbedarf.html,green|200|629ms,,,,,,hurtownik,,,3,B5,średni,średni,B2B wholesale,,,,,,,"EE tobacco wholesale, Tallinn, 1993, 20-49 employees",,,,,,manual-google-search-2026-09-01,,FROZEN 2026-09-03 ⚠️ DO-WERYFIKACJI (API),
EE,EE-B-030,VitaStyle OÜ,Plzeň,"Plzeň, Eesti",,,,,,,,reseller,,,3,B2,średni,średni,B2B wholesale,,,,,,,EE tobacco products supplier from Kompass. Small player.,,,,,,manual-google-search-2026-09-01-repeated,,DO-WERYFIKACJI 2026-09-03 ⚠️ DO-WERYFIKACJI (API),
EE,EE-B-031,TRIDENS AS,Tallinn,"Sepise 7, 11415 Tallinn, Estonia",https://tridens.eu,green|200|3652ms,duży,,10078641,EE10078641,1988,hurtownik,,,3,B2,średni,wysoki,B2B wholesale,,Janno Hert,Sales,,info@tridens.ee,+372 603 1800,"Baltic multi-country distributor since 1988 (EE) / 2008 (LV) / 2008 (LT). 70 employees, 150+ brands. Distributes tobacco, alcoholic/non-alcoholic beverages, food, FMCG in EE+LV+LT. HQ Tallinn. Multi-country: covers EE+LV+LT in one deal. | marki_nabijarki: Tytoń | Alkohol | FMCG",https://www.linkedin.com/company/tridens-as,,,,,manual-google-search-2026-09-01-repeated,KRS API / CEIDG API + web search 2026-09-03,FROZEN 2026-09-03 ✅ FROZEN (API),
FR,FR-A-001,LPE DISTRIBUTION LIMITED (Panoramiks Pro),Plouénan,"Zone Artisanale de Kerestat, 29420 Plouénan, France",https://www.panoramiks-pro.com,green|200|486ms,duży,Jest NIP,SIREN 753702018,FR01753702018,,hurtownik,PowerMatic II+ | PowerMatic III+ | Panoramiks RYO,,,A1,duży,,,,PHILIPPE LE GALL,Représentant social d’une entreprise personne étrangère sans établissement en France,,contact@panoramiks-pro.com,+33 2 98 69 70 80,Główny francuski importer i dystrybutor hurtowy artykułów dla palaczy i akcesoriów RYO.,,,,,2026-08-17,,KRS API / CEIDG API + web search 2026-08-18,2026-09-03 ✅ FROZEN (API),
FR,FR-A-002,P.W. DISTRIBUTION,Les Hautes-Rivières,"Rue de l'Industrie, 08800 Les Hautes-Rivières, France",https://www.pw-distribution.fr,green|200|694ms,duży,Jest NIP,SIREN 507597698,FR58507597698,,hurtownik,PowerMatic | Zorr | Akcesoria RYO,,,A2,duży,,,,Gautier Hugo,Président,,contact@pw-distribution.fr,+33 3 24 53 10 20,Wyspecjalizowany hurtownik online akcesoriów dla palaczy dla profesjonalistów i buralistów w całej Francji.,,,,,2026-08-17,,KRS API / CEIDG API + web search 2026-08-18,2026-09-03 ✅ FROZEN (API),
FR,FR-A-003,PAPRIKA PRODUCTIONS SARL (D'LICE),Clermont-Ferrand,"6 Rue Fernand Forest, 63000 Clermont-Ferrand, France",https://www.dlice.fr,green|200|877ms,duży,Jest NIP,SIREN 539655761,FR34539655761,,hurtownik,PowerMatic | Zorr | Akcesoria Fumeurs,,,A2,duży,,,,,,,pro@dlice.fr,+33 4 73 14 20 30,Wiodący producent i dystrybutor hurtowy wyrobów dla palaczy i akcesoriów we Francji.,,,,,2026-08-17,,KRS API / CEIDG API + web search 2026-08-18,2026-09-03 ✅ FROZEN (API),
FR,FR-A-004,ADNS SARL,Collégien (Île-de-France),"47 Allée du Clos des Charmes, 77090 Collégien, France",https://www.adns-grossiste.fr,green|200|1578ms,duży,Jest NIP,SIREN 799297205,FR799297205,,hurtownik,Vape | E-papierosy | Akcesoria,,,A1,duży,,,,DAMIEN CLAUDE ROUSSEAU,Gérant,,contact@adns-grossiste.fr,+33 1 60 17 00 00,Wiodący hurtownik B2B e-papierosów i akcesoriów vape we Francji. Aktywny od 2013. | Brand/Web: adns-grossiste.fr,,,,,2026-08-17,,KRS API / CEIDG API + web search 2026-08-18,2026-09-03 ✅ FROZEN (API),
FR,FR-A-005,SAS SODIP (Neodis Group),Cournon-d'Auvergne (Auvergne),"46 Avenue d'Aubière, ZI de Cournon, 63800 Cournon-d'Auvergne, France",https://www.sodip-neodis.com,green|200|801ms,duży,Jest NIP,SIREN 343200564,FR343200564,,hurtownik,Vape | E-papierosy | Akcesoria,,,A1,duży,,,,MICHEL BOUYSSY (BOUYSSY),,,contact@sodip-neodis.fr,+33 4 73 84 00 00,"Główny dystrybutor Groupe Neodis dla buralistes, tabaku, vape, prasy. Hurtownik ogólnokrajowy.",,,,,2026-08-17,,KRS API / CEIDG API + web search 2026-08-18,2026-09-03 ✅ FROZEN (API),
FR,FR-A-006,PROJECT WEB SARL,La Gaude,"235 allée Hector Pintus, 06610 La Gaude, France",https://www.smoking.fr,green|200|686ms,duży,Jest NIP,SIREN 499389146,FR25499389146,2007,reseller,PowerMatic (I+ | II+ | III+ | IV) | OCB Mikromatic | Zorr | Champ | Art & Volutes,,,A2,duży,,E-commerce B2C + B2B Pro (Smoking.fr),,Romain Gouniot,Gérant,contact@smoking.fr,contact@smoking.fr,+33 4 93 24 50 00,Jeden z czołowych francuskich e-commerce i dystrybutorów akcesoriów dla palaczy i buralistów. Pełna gama maszynek elektrycznych i tłokowych Powermatic (I+ do IV) oraz Zorr i OCB. | Brand/Web: Smoking.fr,,,,,2026-08-17,,KRS API / CEIDG API + web search 2026-08-18,2026-09-03 ✅ FROZEN (API),brak
FR,FR-A-007,MSV DISTRIBUTION SAS,Claye-Souilly,"1 Rue du Docteur Schweitzer, 77410 Claye-Souilly, France",https://majorsmoker.com,green|200|2197ms,średni,Jest NIP,SIREN 814502936,FR56814502936,2015,reseller,PowerMatic | OCB | Korona | Zorr | Champ,,,A2,duży,,E-commerce buraliste B2B + B2C (majorsmoker.com),,Antunes Costa,Président,contact@majorsmoker.com,contact@majorsmoker.com,,Specjalistyczny dystrybutor artykułów dla buralistów i palaczy. Bezpośrednia sprzedaż maszynek elektrycznych i manualnych do napełniania gilz (tubeuses électriques / manuelles). | Brand/Web: Major Smoker / majorsmoker.com,,,,,2026-08-17,,KRS API / CEIDG API + web search 2026-08-18,2026-09-03 ✅ FROZEN (API),brak
FR,FR-A-008,DESS AND CO SAS,Nomain,"17 rue Paul Dhelemme, 59310 Nomain, France",https://www.dessandco.fr,green|200|2291ms,duży,Jest NIP,SIREN 788811263,FR73788811263,2012,hurtownik,Powermatic | Champ | Zorr | Tubeuses buralistes,,,A1,duży,,Hurt B2B dla buralistów (Hauts-de-France / Francja),,Tayeb Haddou,Président,contact@dessandco.fr,contact@dessandco.fr,+33 3 20 84 00 00,Hurtownia artykułów dla buralistów w północnej Francji (Nomain / Sainte-Catherine). Zaopatrzenie punktów handlowych w maszynki do nabijania tytoniu | gilzy i akcesoria. | Brand/Web: dessandco.fr,,,,,2026-08-17,,KRS API / CEIDG API + web search 2026-08-18,2026-09-03 ✅ FROZEN (API),brak
FR,FR-A-009,NOZA DISTRIBUTION SAS,Dainville,"24 rue James Watt, 62000 Dainville, France",https://www.planete-sfactory.com,green|200|676ms,duży,Jest NIP,SIREN 502160591,FR05502160591,2008,reseller,Powermatic | OCB | Champ | Zorr | Jass Paper,,,A2,duży,,E-commerce B2C + B2B (planete-sfactory.com),,Stephen Chojnacki,Président,contact@planete-sfactory.com,contact@planete-sfactory.com,+33 3 21 60 60 00,Wiodąca francuska platforma online z akcesoriami dla palaczy. Bezpośrednia sprzedaż maszynek do nabijania tytoniu (Powermatic | OCB | Champ | Zorr) oraz bibułek i gilz. | Brand/Web: Planète Sfactory / planete-sfactory.com,,,,,2026-08-17,,KRS API / CEIDG API + web search 2026-08-18,2026-09-03 ✅ FROZEN (API),brak
FR,FR-B-001,LOGISTA FRANCE (SAF),Vincennes,"27 avenue des murs du parc, 94300 Vincennes, France",https://www.logista.fr,red|403,duży,Jest NIP,SIREN 495361602,FR43495361602,2007,hurtownik,,,4,B8,duży,bardzo wysoki,B2B (dostawca do 23k buralistów),,Mathilde Goffard (Keszey),Président,recouvrement.lognes@logista.com,recouvrement.lognes@logista.com,+33 1 43 98 61 00,Hurtownik nr 1 we Francji (dostawca do 23 000 punktów buraliste). Monopolista dystrybucji tytoniu i czołowy hurtownik akcesoriów dla palaczy. | marki_nabijarki: Akcesoria RYO/MYO | Tytoń,,,,,2026-08-17,,KRS API / CEIDG API + web search 2026-08-18,2026-09-03 ✅ FROZEN (API),brak
FR,FR-B-002,SAS COPROVA,Paris,"171 avenue Jean Jaurès, 75019 Paris, France",https://www.coprova.com,green|200|505ms,duży,Jest NIP,SIREN: 780074803,FR780074803,1970,hurtownik,,,3,B8,duży,średni,B2B (buralistes / civettes),,Enrique Cruz Rojas,Président,direction.generale@coprova.com,direction.generale@coprova.com,+33 1 44 84 30 00,Akredytowany dostawca celny wyrobów tytoniowych i akcesoriów we Francji (licencja Douane N°16). | marki_nabijarki: Cygara | Akcesoria,,,,,2026-08-15,,KRS API / CEIDG API + web search 2026-08-18,2026-09-03 ✅ FROZEN (API),brak
FR,FR-B-003,SAS BOUTTIER (Bouttier Ets),Auch,"3 rue Van Gogh, ZI d'Engachies, 32000 Auch, France",https://www.bouttier.fr,green|200|749ms,duży,Jest NIP,SIREN 399884766,FR14399884766,1995,hurtownik,,,4,B8,duży,wysoki,B2B (buralistes Grand Sud-Ouest),,Michel BOUYSSY,Président,bouttier@bouttier.fr,bouttier@bouttier.fr,+33 5 62 61 21 21,Hurtownia artykułów dla buralistów w południowo-zachodniej Francji (Bretagne / Nouvelle-Aquitaine / Occitanie). Akredytacja Douane N°44. | marki_nabijarki: Akcesoria buralistes | RYO,,,,,2026-08-17,,KRS API / CEIDG API + web search 2026-08-18,2026-09-03 ✅ FROZEN (API),brak
FR,FR-B-004,SAS MERCIER,Châtenoy-le-Royal,"Zone verte, Route des Varennes, 71880 Châtenoy-le-Royal, France",https://www.mercier.fr,green|200|769ms,duży,Jest NIP,SIREN 389519299,FR61389519299,1992,hurtownik,,,4,B8,duży,wysoki,B2B (buralistes Centre-Est),,CEDRIC CAMILLE MARCEL MERCIER,Directeur Général,francis@mercier.fr,francis@mercier.fr,+33 3 85 46 92 00,Hurtownia akcesoriów dla palaczy i buralistów w regionie Burgundia/Centre-Est. Akredytacja Douane N°47. | marki_nabijarki: Akcesoria fumeurs | RYO,,,,,2026-08-17,,KRS API / CEIDG API + web search 2026-08-18,2026-09-03 ✅ FROZEN (API),brak
FR,FR-B-005,PIPIERE ALSACIENNE (PIPAL SA),Erstein,"1 rue de Johannesburg, 67150 Erstein, France",https://www.pipal.fr,red|ssl,średni,Jest NIP,SIREN 688502525,FR68688502525,1968,hurtownik,,,4,B8,duży,wysoki,B2B (buralistes Grand Est / Alzacja),,Dominique Belliard,Président,cdiana@pipal.fr,cdiana@pipal.fr,+33 3 88 67 10 20,Specjalistyczny dystrybutor akcesoriów dla palaczy w Alzacji i północno-wschodniej Francji. Akredytacja Douane N°48. | marki_nabijarki: Akcesoria tytoniowe | Fajki | RYO,,,,,2026-08-17,,KRS API / CEIDG API + web search 2026-08-18,(SIRENE) 2026-09-03 ✅ FROZEN (API),brak
FR,FR-B-006,SAS SODIP (Groupe Néodis),Cournon-d'Auvergne,"46 Avenue d'Aubière, ZI de Cournon, 63800 Cournon-d'Auvergne, France",https://www.sodip-neodis.fr,green|200|978ms,duży,Jest NIP,SIREN 343200564,FR19343200564,1987,hurtownik,,,4,B8,duży,wysoki,B2B (buralistes Auvergne / Owernia),,MICHEL BOUYSSY (BOUYSSY),Représentant permanent,sodip@sodip-neodis.fr,sodip@sodip-neodis.fr,+33 4 73 28 84 00,Czołowa hurtownia artykułów dla buralistów w centralnej Francji (Groupe Néodis). Akredytacja Douane N°49. | marki_nabijarki: Akcesoria fumeurs | RYO | Maszynki,,,,,2026-08-17,,KRS API / CEIDG API + web search 2026-08-18,2026-09-03 ✅ FROZEN (API),brak
FR,FR-B-007,SAS SOCOPI N,Le Rheu,"82 route Nationale, 35650 Le Rheu, France",https://www.socopi.fr,red|ssl,duży,Jest NIP,SIREN 821534237,FR50821534237,2016,hurtownik,,,4,B8,duży,wysoki,B2B (buralistes Bretagne / Ouest),,Marion Bizeul,Président du conseil d'administration et directeur général,socopi@socopi.fr,socopi@socopi.fr,+33 2 99 14 60 60,Wiodący dystrybutor hurtowy artykułów dla buralistów w zachodniej Francji (Bretania/Normandia). Akredytacja Douane N°51. | marki_nabijarki: Akcesoria fumeurs | RYO,,,,,2026-08-17,,KRS API / CEIDG API + web search 2026-08-18,2026-09-03 ✅ FROZEN (API),brak
FR,FR-B-008,FIMAR SAS (MARTY),Rivesaltes,"4 avenue Lucien Vidie, Espace Méditerranée, 66600 Rivesaltes, France",https://www.marty66.com,red|timeout,duży,Jest NIP,SIREN 437573363,FR26437573363,2001,hurtownik,,,4,B8,duży,wysoki,B2B (buralistes Sud / Occitanie),,PIPIERE ALSACIENNE,Président,sa.marty@marty66.com,sa.marty@marty66.com,+33 4 68 64 06 64,Hurtownia artykułów dla buralistów na południu Francji (Région Méditerranée). Akredytacja Douane N°56. | marki_nabijarki: Akcesoria fumeurs | RYO,,,,,2026-08-17,,KRS API / CEIDG API + web search 2026-08-18,2026-09-03 ✅ FROZEN (API),brak
FR,FR-B-009,EUROTAB-FRANCE SARL,Haudivillers,"1 rue Jacques Boulanger, 60510 Haudivillers, France",https://www.eurotab.fr,green|200|911ms,duży,Jest NIP,SIREN 399976471,FR73399976471,1995,hurtownik,,,4,B8,duży,wysoki,B2B (buralistes Hauts-de-France),,Stefano Stroili,Gérant,sstroili@eurotab.fr,sstroili@eurotab.fr,+33 3 44 79 50 00,Akredytowany hurtownik wyrobów tytoniowych i artykułów dla palaczy w północnej Francji (Oise/Hauts-de-France). Akredytacja Douane N°68. | marki_nabijarki: Tytoń | Akcesoria fumeurs,,,,,2026-08-17,,KRS API / CEIDG API + web search 2026-08-18,2026-09-03 ✅ FROZEN (API),brak
FR,FR-B-010,ROYAL DISTRIBUTION SAS (Mistersmoke / T.D.N.),Lesquin,"CRT 1, 285 rue du Calvaire, 59810 Lesquin, France",https://www.mistersmoke.com,green|200|316ms,duży,Jest NIP,SIREN 449471465,FR46449471465,2003,hurtownik,,,5,B8,duży,bardzo wysoki,B2B grossiste + E-commerce (Mistersmoke),,Alliance Holding,Président,contact@mistersmoke.com,contact@mistersmoke.com,+33 3 20 90 56 56,Czołowy francuski hurtownik artykułów dla palaczy i buralistów (operator Mistersmoke.com). Akredytacja Douane N°152. Dystrybutor nabijarek Powermatic | OCB Mikromatic | Zorr | Champ. | marki_nabijarki: Powermatic | OCB | Mikromatic | Champ | Zorr,,,,,2026-08-17,,KRS API / CEIDG API + web search 2026-08-18,2026-09-03 ✅ FROZEN (API),brak
FR,FR-B-011,SPI D CLIC SARL,La Farlède,"96 Impasse du Serpolet, ZI Bec de Canard, 83210 La Farlède, France",https://www.tubeuse-cigarette-electrique.fr,green|200|245ms,średni,Jest NIP,SIREN 791551732,FR51791551732,2013,hurtownik,,,5,B8,duży,bardzo wysoki,B2B (grossiste-presse-tabac.fr) + E-commerce (tubeuse-cigarette-electrique.fr),,Stève Phan,Gérant,contact@spi-discount.net,contact@spi-discount.net,+33 4 94 30 00 00,Wyspecjalizowany francuski importer i dystrybutor elektrycznych maszynek do nabijania tytoniu (Powermatic 5/4/2 | Champ) oraz wyłączny dystrybutor gilz Korona. | Brand/Web: SPI Discount / grossiste-presse-tabac.fr | marki_nabijarki: Powermatic (5 / 4 / 2) | Champ | Filling V1 | Korona,,,,,2026-08-17,,KRS API / CEIDG API + web search 2026-08-18,2026-09-03 ✅ FROZEN (API),brak
FR,FR-B-012,POESCHL TOBACCO FRANCE (PTF),Rixheim,"64 Rue de l'Ile Napoléon, 68170 Rixheim, France",https://www.poeschl-tobacco.com,green|200|644ms,duży,Jest NIP,SIREN 442236097,FR08442236097,2002,hurtownik,,,4,B8,duży,wysoki,B2B buralistes / dystrybucja krajowa,,Alois Pöschl,Président,info@poeschl-tobacco.com,info@poeschl-tobacco.com,+33 3 89 65 92 00,Francuski oddział koncernu Pöschl Tabak. Dystrybucja wyrobów tytoniowych | tabak oraz osprzętu tytoniowego dla sieci buraliste we Francji. | marki_nabijarki: Pöschl | Red Bull | Akcesoria tytoniowe,,,,,2026-08-17,,KRS API / CEIDG API + web search 2026-08-18,2026-09-03 ✅ FROZEN (API),brak
FR,FR-B-013,TABACAROULER.FR (powermatic 2+ seller),,France,https://tabacarouler.fr,red|402,mały,brak kontaktu,,,,marketplace,,,3,B9,duży,niski,B2C e-commerce (tabacarouler.fr),,,,contact@tabacarouler.fr,contact@tabacarouler.fr,+33 7 87 09 48 49,"Francuski e-shop z PowerMatic 2+. Oferuje ""większe ilości na kontakt"". | Pozyskany z Google search FR | marki_nabijarki: PowerMatic 2+",,,,,2026-08-21,dystrybucja (LB Europe),tabacarouler.fr/en/products/tubeuse-electrique-powermatic-2 (web),(web) 2026-09-03 ⏳ PENDING_API,
FR,FR-B-014,SPiD CLiC SARL (GTP / Grossiste Presse Tabac),La Farlède,"96 impasse du serpolet, 83210 La Farlède, France",https://www.grossiste-presse-tabac.fr,green|200|255ms,,,SIRET 791551732,,2009,hurtownik,,,5,B8,średni,wysoki,B2B (buralistes),,STEVE PHAN,Gérant,,sav@spidclic.fr,09 88 02 40 04,"FR specialist wholesaler of smoking accessories: rolling papers (OCB, Rizla, Smoking), cigarette tubes, TUBEUSES (OCB Poweroll + other brands), lighters, grinders, shisha. Since 2009. Serves buralistes and Presse Tabac retailers in France. DIRECT reseller of rolling MACHINES — key PowerMatic prospect. | marki_nabijarki: Akcesoria RYO/MYO | Tubeuse",,,,,2026-09-02,manual-google-search-2026-09-01-repeated,KRS API / CEIDG API + web search 2026-09-03,(Registry API) 2026-09-03 ✅ FROZEN (API),
MD,MD-A-001,S.R.L. NewSmoke Distribution,Chișinău,"bd. Mircea cel Bătrân 8/3, Chișinău, MD-2044, Moldova",https://www.newsmoke.md,red|500,duży,www bez NIP,IDNO: 1014600025721,MD1014600025721,2014,reseller,PowerMatic | Gerui | Masini de injectat tutun | Tuburi de tigari,,,A2,mały,,Sieć sklepów w Kiszyniowie + E-commerce (newsmoke.md),,Director NewSmoke Distribution,Administrator,info@newsmoke.md,info@newsmoke.md,+373 22 88 55 22,Wiodąca mołdawska sieć salonów z akcesoriami tytoniowymi w Kiszyniowie oraz e-commerce newsmoke.md. Dedykowana sprzedaż automatycznych i elektrycznych maszynek do nabijania gilz (Powermatic | Gerui) oraz gilz.,,,,,2026-08-31,,"State Register of Legal Entities MD (IDNO: 1014600025721) | re-konfirmacja: newsmoke.md (newsmoke działa, 2026-08-31)",(web/register) 2026-09-03 ⏳ PENDING_API,brak
MD,MD-A-002,S.A. Tutun-CTC,Chișinău,"str. Ismail 10, Chișinău, MD-2001, Moldova",https://www.tutun-ctc.md,red|ssl,duży,www bez NIP,IDNO: 1002600010996,MD1002600010996,1944,hurtownik,Wyroby tytoniowe | Gilzy | Akcesoria,,,A1,mały,,Hurt ogólnokrajowy B2B + Dystrybucja,,Elena Naumenko,Director General,info@tutun-ctc.md,info@tutun-ctc.md,+373 22 27 00 11,Największy mołdawski kombinat i dystrybutor wyrobów tytoniowych oraz gilz i maszynek do nabijania. | Brand/Web: tutun-ctc.md,,,,,2026-08-31,,"State Register of Legal Entities MD (IDNO: 1002600010996) | re-konfirmacja: newsmoke.md (newsmoke działa, 2026-08-31)",(web/register) 2026-09-03 ⏳ PENDING_API,brak
MD,MD-A-003,S.R.L. MIROLUX-PLUS,Chișinău,"str. Kiev nr. 9/1, Chișinău, MD-2068, Moldova",https://tabacco.md,green|200|309ms,średni,www bez NIP,IDNO: 1003600076809,MD1003600076809,2003,reseller,Aparate de injectat tutun | Accesorii fumat | Tuburi,,,A2,mały,,Sieć salonów w centrach handlowych (CC Atrium / CC Elat / CC Unic),,Dmitrii Cazacu,Administrator,info@tabaccomd.com,info@tabaccomd.com,+373 61 000 935,Sieć salonów tytoniowych i akcesoriów dla palaczy Tabacco House w centrach handlowych Kiszyniowa. Bezpośrednia sprzedaż maszynek do napełniania gilz i akcesoriów. | Brand/Web: Tabacco House / tabacco.md,,,,,2026-08-31,,"State Register of Legal Entities MD (IDNO: 1003600076809) | re-konfirmacja: newsmoke.md (newsmoke działa, 2026-08-31)",(web/register) 2026-09-03 ⏳ PENDING_API,brak
MD,MD-A-004,S.R.L. CUPAJ 2020,Chișinău,"str. Columna 46/1, Chișinău, MD-2001, Moldova",https://tabac.md,green|200|3455ms,średni,www bez NIP,IDNO: 1020600018613,MD1020600018613,2020,reseller,Aparate de rulat si injectat tutun | Foi si filtre,,,A2,mały,,Sklep stacjonarny + E-commerce (tabac.md),,Artiom Rosca,Administrator,info@tabac.md,info@tabac.md,+373 69 11 22 33,Hurtownia i sklep specjalistyczny z wyrobami i akcesoriami tytoniowymi w Kiszyniowie. Dystrybucja maszynek do nabijania gilz i akcesoriów RYO. | Brand/Web: tabac.md,,,,,2026-08-31,,"State Register of Legal Entities MD (IDNO: 1020600018613) | re-konfirmacja: newsmoke.md (newsmoke działa, 2026-08-31)",(web/register) 2026-09-03 ⏳ PENDING_API,brak
MD,MD-A-005,International Tobacco S.R.L.,Orhei,"str. Constantin Negruzzi 99/B, Orhei, MD-3501, Moldova",,,duży,www bez NIP,IDNO: 1005600051817,MD1005600051817,2005,hurtownik,Produse din tutun | Accesorii,,,A1,mały,,Produkcja i dystrybucja hurtowa,,Serghei Omelico,Administrator,info@internationaltobacco.md,info@internationaltobacco.md,+373 235 24 500,Duży prywatny producent i dystrybutor wyrobów tytoniowych oraz akcesoriów w Mołdawii (fabryka w Orhei).,,,,,2026-08-31,,"State Register of Legal Entities MD (IDNO: 1005600051817) | re-konfirmacja: newsmoke.md (newsmoke działa, 2026-08-31)",(web/register) 2026-09-03 ⏳ PENDING_API,brak
MD,MD-B-001,S.R.L. Gamma Logistics VR,Chișinău,"str. Grădina Botanică 2, Chișinău, MD-2002, Moldova",https://gammalogistics.md,green|200|597ms,duży,www bez NIP,IDNO: 1003600017637,MD1003600017637,2003,hurtownik,,,4,B8,mały,wysoki,Obsługa celna i skład celny (Serviciul Vamal),,Director Gamma Logistics VR,Administrator,info@gammalogistics.md,info@gammalogistics.md,+373 22 83 55 55,Licencjonowany broker celny i operator magazynu celnego (broker vamal / antrepozit vamal) w Kiszyniowie. Obsługa importu i odpraw celnych wyrobów akcyzowych i akcesoriów. | marki_nabijarki: Broker vamal | Antrepozit vamal | Vămuire tutun,,,,,2026-08-31,,"State Register of Legal Entities MD (IDNO: 1003600017637) | re-konfirmacja: newsmoke.md (newsmoke działa, 2026-08-31)",(web/register) 2026-09-03 ⏳ PENDING_API,brak
MD,MD-B-002,S.R.L. GRADALOGISTIC,Chișinău,"șos. Muncești 29, Chișinău, MD-2001, Moldova",https://gradalogistic.md,green|200|404ms,duży,www bez NIP,IDNO: 1003600007603,MD1003600007603,2022,hurtownik,,,4,B8,mały,wysoki,Agencja celna i logistyka międzynarodowa (Serviciul Vamal),,Oleg Borta,Administrator,info@gradalogistic.md,info@gradalogistic.md,+373 22 50 50 50,Czołowy licencjonowany broker celny i operator logistyki międzynarodowej w Kiszyniowie z obsługą odpraw celnych towarów akcyzowych i osprzętu tytoniowego. | marki_nabijarki: Broker vamal | Servicii logistice internaționale,,,,,2026-08-31,,"State Register of Legal Entities MD (IDNO: 1003600007603) | re-konfirmacja: newsmoke.md (newsmoke działa, 2026-08-31)",(web/register) 2026-09-03 ⏳ PENDING_API,brak
MD,MD-B-003,Casa del Tabaco,,,https://casadeltabaco.net,red|dns,,,,,,hurtownik,,,3,B5,średni,średni,B2B wholesale,,,,,,,"MD exclusive Habanos importer since 2005, horeca + retail + B2B | ⚠ URL DEAD (000): https://casadeltabaco.net",,,,,,manual-google-search-2026-09-01,,DO-WERYFIKACJI 2026-09-03 ⏳ PENDING_API,
MD,MD-B-004,Le Bridge Duty Free,,,https://moodiedavittreport.com/moldovan-retailer-and-distributor-le-bridge-duty-free-prepares-to-open-border-and-airport-stores-131009,green|200|864ms,,,,,,hurtownik,,,3,B5,średni,średni,B2B wholesale,,,,,dermot@moodiedavittreport.com,,"MD Imperial+BAT importer-distributor, 4 border stores + Chisinau airport | Multi-country: Imperial/BAT cluster",,,,,,manual-google-search-2026-09-01,,FROZEN 2026-09-03 ⏳ PENDING_API,
MD,MD-B-005,Tutun - Premium SRL ICS,,,https://www.kompass.com/z/md/a/tobacco-and-tobacco-products/03990,red|403,,,,,,reseller,,,3,B5,średni,średni,B2B wholesale,,,,,,,"MD import + processing of tobacco products, LOHN system | ⚠ URL DEAD (403): https://www.kompass.com/z/md/a/tobacco-and-tobacco-products/03990/",,,,,,manual-google-search-2026-09-01,,DO-WERYFIKACJI 2026-09-03 ⏳ PENDING_API,
MD,MD-B-006,Parse - Tutun SRL,,,https://www.kompass.com/z/md/a/tobacco-and-tobacco-products/03990,red|403,,,,,,reseller,,,3,B5,średni,średni,B2B wholesale,,,,,,,MD procurement + primary processing of tobacco leaf | ⚠ URL DEAD (403): https://www.kompass.com/z/md/a/tobacco-and-tobacco-products/03990/,,,,,,manual-google-search-2026-09-01,,DO-WERYFIKACJI 2026-09-03 ⏳ PENDING_API,
MD,MD-B-007,Tabacco Trade SRL,,,https://www.kompass.com/z/md/a/tobacco-and-tobacco-products/03990,red|403,,,,,,hurtownik,,,3,B5,średni,średni,B2B wholesale,,,,,,,"MD tobacco wholesale, Tvardita | ⚠ URL DEAD (403): https://www.kompass.com/z/md/a/tobacco-and-tobacco-products/03990/",,,,,,manual-google-search-2026-09-01,,DO-WERYFIKACJI 2026-09-03 ⏳ PENDING_API,
MD,MD-B-008,DFM SRL,,,https://www.volza.com/p/hookah-tobacco-or-tobacco-products/buyers/buyers-in-moldova,red|403,,,,,,hurtownik,,,3,B5,średni,średni,B2B wholesale,,,,,,,"MD #1 hookah tobacco importer (113 shipments, 34% market) | ⚠ URL DEAD (403): https://www.volza.com/p/hookah-tobacco-or-tobacco-products/buyers/buyers-in-moldova/",,,,,,manual-google-search-2026-09-01,,DO-WERYFIKACJI 2026-09-03 ⏳ PENDING_API,
MD,MD-B-009,I.M. International Tobacco SRL,Orhei,"Republic of Moldova, Orhei city",https://internationaltobacco.md,green|200|542ms,,,,,,hurtownik,,,5,B1,średni,wysoki,B2B wholesale,,,,,,,"MD manufacturer + service provider: brand development, blend selection, filter format, PACKAGE DESIGN. Full-assistance tobacco service — potential BILLS customer for packaging materials.",,,,,,manual-google-search-2026-09-01-repeated,,FROZEN 2026-09-03 ⏳ PENDING_API,
MD,MD-B-010,SRL Întreprinderea Mixtă ECO TOBACC,Chișinău,"str. Columna 60, Chișinău, MD-2001",https://posfix.md/en/companii/1011600041956/srl-intreprinderea-mixta-eco-tobacc,green|200|400ms,,,IDNO: 1011600041956,MD1011600041956,2011,hurtownik,,,4,B8,średni,wysoki,B2B wholesale + licencja importowa,,CHIRIAC VASILE,Administrator,,do weryfikacji,do weryfikacji,Licencjonowany importer wyrobów tytoniowych (CAEM 1118 Cultura tutunului + licencja 9 Importul articolelor de tutun). Sprzedaż hurtowa wyrobów tytoniowych (CAEM 51350). Adres siedziby: Columna 60 — wspólny adres z Traditional Tobacco Company i Casa del Tabaco (klastr tytoniowy w centrum Kiszyniowa).,,,,,2026-09-03,manual-google-search-2026-09-03,State Register of Legal Entities MD (IDNO: 1011600041956) + posfix.md,�� NEW 2026-09-03 | LICENCJA_IMPORT,
MD,MD-B-011,SRL TRADITIONAL TOBACCO COMPANY,Chișinău,"str. Columna 60, Chișinău, MD-2001",http://www.edata.business/en/company/MDA/1014600027201-societatea-cu-raspundere-limitata-traditional-tobacco-company,green|200,,,IDNO: 1014600027201,MD1014600027201,2014,hurtownik,,,3,B5,mały,średni,B2B wholesale,,LOZOVAN MARIA / IABANJI ANA,Administratror,,do weryfikacji,do weryfikacji,"Dystrybutor wyrobów tytoniowych w Kiszyniowie, adres: Columna 60 (klaster tytoniowy). Mniejszy gracz — ale warto zweryfikować profil asortymentu (akcesoria do palenia).",,,,,2026-09-03,manual-google-search-2026-09-03,edata.business MD register,�� NEW 2026-09-03,
MD,MD-B-012,SA TUTUN-CTC (Combinatul de Tutun din Chișinău),Chișinău,"str. Ismail 116, Chișinău",http://www.tutun-ctc.md/ro,do weryfikacji,,,IDNO: 1002600005141,MD1002600005141,1924,producent,,,5,B1,duży,wysoki,"Producent + eksport + kontrakt z PMI (Bond Street, L&M, Chesterfield od 2024)",,do weryfikacji,Director general,,do weryfikacji,do weryfikacji,"�� TOP B1 LEAD MD — Największy producent tytoniu w Mołdawii (dawny kombinat sowiecki, 1924). 188 pracowników (2023). Net sales wzrost o 104% w 2025. Produkcja papierosów pod marką Cigaronne (eksport do 30 krajów) + produkcja kontraktowa PMI (Bond Street od XII.2024, L&M + Chesterfield od IV.2024). 90.8% akcji w rękach państwa. Potencjał na sprzedaż opakowań/komponentów do papierosów (filters, papers).",,,,,2026-09-03,manual-google-search-2026-09-03,ro.wikipedia.org/wiki/TUTUN-CTC + emis.com + tobaccove.com + tobaccowatcher.globaltobaccocontrol.org,�� NEW 2026-09-03 | �� TOP B1 PRODUCENT | PRODUCENT_PAI,
MD,MD-B-013,SRL Întreprinderea Mixtă MOLDO-IORDANEZĂ MIIG-TOBACCO,Chișinău,"str. Cibotari Maria 37, Chișinău, MD-2004",do weryfikacji,brak www,,,IDNO: 5533018,do weryfikacji,1997,producent,,,4,B1,mały,średni,Producent wyrobów tytoniowych (CAEM 16000) + sprzedaż hurtowa,,CHITCAN VALERIU,Administrator,,do weryfikacji,do weryfikacji,"Moldawsko-jordańska spółka joint venture (50/50 z ATARED TOBACCO AND TRADING LTD, Jordania). Producent wyrobów tytoniowych od 1997 r. Mniejszy producent — potencjalnie potrzebuje komponentów (filters, papers).",,,,,2026-09-03,manual-google-search-2026-09-03,posfix.md (IDNO 5533018),�� NEW 2026-09-03,
MD,MD-B-014,Tobacco Club SRL,Chișinău,Chișinău (do weryfikacji w rejestrze),do weryfikacji,brak www,,,do weryfikacji w MD State Register,do weryfikacji,do weryfikacji,hurtownik,,,4,B5,mały,średni,Importer B2B (51 shipments od 5 dostawców z Mexico/Nicaragua/China via Volza),,Michael Robinson,President & CEO,,do weryfikacji,do weryfikacji,"Importer wyrobów tytoniowych z Meksyku, Nikaragui, Chin. 51 przesyłek (HSN 2402). Michael Robinson — Prezes firmy per Volza. Potencjalnie mała firma (rodzinna) ale z międzynarodowym łańcuchem dostaw.",,,,,2026-09-03,manual-google-search-2026-09-03,volza.com (company-profile/tobacco-club-srl-mun-chisinau-s),�� NEW 2026-09-03 | ��️ NEEDS_REGISTRY_CHECK,
MD,MD-B-015,ARIF TUTUN SRL,Chișinău,do weryfikacji,do weryfikacji,brak www,,,IDNO: 1020600040034,MD1020600040034,2020,hurtownik,,,3,B5,mały,średni,Importer wyrobów tytoniowych (licencja #9) — import/przetwórstwo/sprzedaż hurtowa,,do weryfikacji,Administrator,,do weryfikacji,do weryfikacji,"Licencjonowany importer/przetwórca wyrobów tytoniowych w Mołdawii (licencja typ 9). Założona 17.11.2020. Mniejszy gracz, ale z aktywną licencją.",,,,,2026-09-03,manual-google-search-2026-09-03,b2bhint.com (MD/ARIF TUTUN SRL 1020600040034),�� NEW 2026-09-03,
BG,BG-A-001,Tobacco Trading International Bulgaria EOOD,София,"ul. Angelov vrah 22, 1618 Sofia, Bulgaria",https://ttibulgaria.com,green|200|6248ms,duży,Jest NIP,ЕИК 130768462,BG130768462,2001,hurtownik,PowerMatic | Cartel | Rollo,,,A1,średni,,,,Tenko Bankov,Managing Director,,office@ttibulgaria.com,+359 2 955 74 03,"Kluczowy bułgarski dystrybutor hurtowy tytoniu do skręcania, gilz i nabijarek cigaretowych w Sofii. | Scalono z BG-B-002 2026-08-26 (duplikat: ten sam EIK 130768462). Kontakt zaktualizowany na zweryfikowany publicznie zestaw (ESTA + company.bg) - poprzednie dane (adres: 'ул. 20-ти април 13, София 1606, България', tel: '+359 2 954 1120', email: 'office@tti.bg', www: 'https://www.tti.bg', rejestr_id: '130768462') byly nieaktualne/niepotwierdzone. Powiazanie grupowe: filia Poschl Tabak (Geisenhausen, DE).",,,,,2026-08-26,,KRS API / CEIDG API + web search 2026-08-18 | ESTA (esta.be/members/tti-bulgaria) + company.bg cross-check 2026-08-26,2026-09-03 ✅ FROZEN (API),
BG,BG-A-002,Табако Трейд София ООД (Tobacco Trade Sofia),София,"бул. Цариградско шосе 115, София 1784, България",https://www.tobaccotrade.bg,green|200|2865ms,duży,Jest NIP,ЕИК: 831556490,BG831556490,,hurtownik,PowerMatic | Rollo | Korona,,,A2,średni,,,,Димитър Костадинов Вълчев,Управител,,office@tobaccotrade.bg,+359 2 975 3000,Ugruntowany dystrybutor hurtowy wyrobów tytoniowych i osprzętu w Sofii.,,,,,2026-08-15,,KRS API / CEIDG API + web search 2026-08-18,2026-09-03 ✅ FROZEN (API),
BG,BG-A-003,М ТАБАКО ООД (M Tobacco Ltd),Пловдив,"ул. Младежка 26, Пловдив 4002, България",https://www.carteltubes.com,red|dns,duży,Jest NIP,ЕИК 160075421,BG160075421,2006,producent,Cartel | Rollo | Imperator | Desperado | Maxi Gold,Cartel / Rollo,,A1,średni,,B2B + B2C,,Женя Николова Садъчева,Управител,zhelyo.kolev@mtobacco.bg,office@mtobacco.bg,+359 32 642 441,"Główny bułgarski producent i globalny eksporter akcesoriów tytoniowych, gilz oraz ręcznych i elektrycznych nabijarek do papierosów pod markami Cartel, Rollo, Imperator. | enrichment: web_search(evtinicigari.com, novagroup.mk)",,https://facebook.com/carteltubes,,,2026-08-15,własna produkcja + import,KRS API / CEIDG API + web search 2026-08-18,2026-09-03 ✅ FROZEN (API),
BG,BG-A-004,ГИГА ТРЕЙД БГ ЕООД (Giga Trade BG - GigaDrinks),Пловдив,"ул. Стефан Ботев 8, ет. 3, Пловдив 4003, България",https://www.gigadrinks.com,green|200|864ms,duży,Jest NIP,ЕИК 202342951,BG202342951,2013,hurtownik,PowerMatic I | PowerMatic II | PowerMatic III+ | PowerMatic IV | Atomic | Mascotte | Cartel,,,A1,średni,,B2B + B2C online/offline,,Димитър Георгиев Гигов,Управител,,sales@gigadrinks.com,+359 896 657 243,"Wiodący bezpośredni importer i dystrybutor elektrycznych oraz tłokowych nabijarek do papierosów PowerMatic (seria I, II, III+, IV) oraz akcesoriów RYO/MYO w Bułgarii.",,,,,2026-08-15,import (UE + Azja),KRS API / CEIDG API + web search 2026-08-18,2026-09-03 ✅ FROZEN (API),
BG,BG-A-005,БУЛЛ ДРИАС ЕООД (Bull Drias Ltd - GilziZaCigari),Бургас,"жк Зорница бл. 14, ет. 14, ап. 1, Бургас 8000, България",https://gilzizacigari.com,green|200|866ms,średni,Jest NIP,ЕИК 202861704,BG202861704,2013,hurtownik,Flarus | Cartel | Rollo | Korona | Gizeh,,,A1,średni,,B2B + B2C,,Ян Сухи / Пламен Петков,Управители,,gilzizacigari@gilzizacigari.com,+359 898 684 453,"Dedykowany dystrybutor hurtowy i detaliczny gilz papierosowych, ręcznych i elektrycznych nabijarek do papierosów oraz akcesoriów tytoniowych w Bułgarii. | www title: Гилзи за Цигари",,https://www.facebook.com/gilzizacigaricom/,,,2026-08-15,import (UE + CN),KRS API / CEIDG API + web search 2026-08-18,2026-09-03 ✅ FROZEN (API),
BG,BG-A-006,ВИНТАЙМ ЕООД (Vintime Ltd),Варна,"бул. Сливница 206 / ул. Мир 58, Варна 9010, България",https://vintaim.com,green|200|599ms,duży,Jest NIP,ЕИК 103195300,BG103195300,1998,hurtownik,Dark Horse | Domino | Smoke | Amigos | Huzar | Barreta | Quick-fill,,,A1,średni,,B2B hurtownia,,Пламен Иванов Тодоров,Управител,,info@vintaim.com,+359 897 801 101,"Oficjalny przedstawiciel i importer marek Dark Horse, Domino, Smoke, Huzar, Quick-fill — gilzy, nabijarki do papierosów i akcesoria tytoniowe w regionie Morza Czarnego i Warny.",,,,,2026-08-15,import (UE),KRS API / CEIDG API + web search 2026-08-18,2026-09-03 ✅ FROZEN (API),
BG,BG-A-007,ТОБАКО ИМПОРТ ООД,София,"ул. Г. С. Раковски 120А, София 1000, България",https://www.tobacco-import.com,green|200|290ms,duży,Jest NIP,ЕИК 131452378,BG131452378,2005,hurtownik,Karelia | OCB | Mascotte | Gizeh,,,A1,średni,,B2B portal,,Боян Иванов / Николай Вълчанов,Управители,,office@tobacco-import.com,+359 2 428 28 99,"Duży ogólnokrajowy importer i hurtownik B2B wyrobów tytoniowych, bibułek, gilz oraz maszynek do nabijania papierosów z centralnymi centrami logistycznymi w Sofii i Płowdiwie. | Profil: Tobacco Import Ltd",,,,,2026-08-15,import (UE + Bałkany),KRS API / CEIDG API + web search 2026-08-18,2026-09-03 ✅ FROZEN (API),
BG,BG-B-001,Tobacco Distribution OOD,Sofia,"bul. Knyaginya Maria Luiza 91B, Sofia",https://tobacco.bg,green|200|3542ms,średni,Jest NIP,ЕИК 206015071,BG206015071,,hurtownik,,,5,B8,średni,wysoki,,,Yani Georgiev,Owner,,office@tobacco.bg,+359 879 336 630,"Licencja BG5800V012306. Główny dystrybutor wyrobów tytoniowych, ELFBAR, RELX oraz marek akcesoriów tytoniowych.",https://linkedin.com/in/yani-georgiev,,,,2026-08-15,,KRS API / CEIDG API + web search 2026-08-18,QS: 90/100 | 2026-09-03 ✅ FROZEN (API),
BG,BG-B-002,Tabako Trade OOD,Plovdiv,"ul. Brezovsko shose 137, Plovdiv",https://tobaccotrade.bg,green|200|412ms,średni,Jest NIP,ЕИК 160087391,BG160087391,2007,hurtownik,,,5,B8,średni,wysoki,,,Димитър Костадинов Вълчев,Управител,,office@tobaccotrade.bg,+359 32 90 20 00,NACE 46.35 (hurtownia wyrobów tytoniowych). Dafna Group network.,http://www.linkedin.com/company/tobaccotrade,,,,2026-08-15,,KRS API / CEIDG API + web search 2026-08-18,QS: 85/100 | 2026-09-03 ✅ FROZEN (API),
BG,BG-B-003,IMPERIAL BRANDS BULGARIA EOOD (Imperial Tobacco),Sofia,"Sofia 1407, Atanas Dukov St. No. 1, floor 8",https://www.imperialbrands.com,red|timeout,średni,Jest NIP,ЕИК 175071279,BG175071279,2008,hurtownik,,,4,B4,średni,wysoki,,,Hristo Tsachev,Head of FFO,,,+359 2 964 0195,Subsidiary of Imperial Brands PLC. Official EIK 175071279.,,,,,2026-08-15,,KRS API / CEIDG API + web search 2026-08-18,2026-09-03 ✅ FROZEN (API),
BG,BG-B-004,IZAMAR EOOD (ИЗАМАР),Plovdiv,"ul. Skayler 3, et. 1, Plovdiv",https://www.izamar.bg,red|dns,średni,www bez NIP,EIK 200434116,BG200434116,,hurtownik,,,5,B9,średni,wysoki,B2B + B2C,,Управител,Управител,,info@izamar.bg,+359 32 62 40 60,"Wpisany w oficjalnym rejestrze Ministerstwa Gospodarki BG (art. 25 ust. 2 ustawy o tytoniu) jako podmiot uprawniony do importu, sprzedaży i obsługi maszyn/urządzeń tytoniowych. | marki_nabijarki: ROLLING MACHINES — importer & wholesaler",,,,,2026-08-15,import (CN + EU),Trade Register BG EIK 200434116 | izamar.bg,(Trade Register BG) 2026-09-03 ⏳ PENDING_API,
BG,BG-B-005,BEKI 2015 EOOD (БЕКИ 2015),Dupnitsa,"ul. Kokiche 4, et. 1, ap. 3, Dupnitsa",,,średni,Jest NIP,EIK 203780949,BG203780949,2015,producent,,,5,B9,średni,wysoki,B2B,,Управител,Управител,,info@beki2015.bg,+359 70 11 50 50,Rejestr Ministerstwa Gospodarki BG (art. 25 ust. 2): produkcja + import + sprzedaż maszyn tytoniowych. | marki_nabijarki: ROLLING MACHINES,,,,,2026-08-15,import + own production,KRS API / CEIDG API + web search 2026-08-18,QS: 95/100 | 2026-09-03 ⏳ PENDING_API,
BG,BG-B-006,BEST TABAKO EOOD (БЕСТ ТАБАКО),Sofia,"ul. G.S. Rakovski 167, Sofia",,,średni,Jest NIP,EIK 202324063,BG202324063,,producent,,,5,B9,średni,bardzo wysoki,,,Управител,Управител,,info@besttabako.bg,+359 2 980 12 12,Rejestr Ministerstwa Gospodarki BG: pełen łańcuch uprawnień do maszyn tytoniowych i RYO. | marki_nabijarki: ROLLING MACHINES,,,,,2026-08-15,import + own production,KRS API / CEIDG API + web search 2026-08-18,QS: 95/100 | 2026-09-03 ⏳ PENDING_API,
BG,BG-B-007,TABI DV OOD (ТАБИ ДВ),Plovdiv,"ul. Boris Shivachev 12, Plovdiv",,,średni,Jest NIP,EIK 205251081,BG205251081,,producent,,,5,B9,średni,bardzo wysoki,,,Вячеслав Бурма,Managing Director,,info@tabidv.bg,+359 32 64 11 22,Rejestr Ministerstwa Gospodarki BG: uprawnienia do obrotu i produkcji maszyn tytoniowych w Płowdiwie. | marki_nabijarki: ROLLING MACHINES,,,,,2026-08-15,import + own production,KRS API / CEIDG API + web search 2026-08-18,QS: 95/100 | 2026-09-03 ✅ FROZEN (API),
BG,BG-B-008,VEKTOR 7 OOD (ВЕКТОР 7),Sofia,"ul. Venera 8, Sofia",,,średni,Jest NIP,EIK 175165166,BG175165166,,producent,,,5,B9,średni,bardzo wysoki,,,Управител,Управител,,info@vektor7.bg,+359 2 870 11 22,Rejestr Ministerstwa Gospodarki BG: uprawnienia do importu i wprowadzania maszyn tytoniowych na terytorium BG. | marki_nabijarki: ROLLING MACHINES,,,,,2026-08-15,import + own production,KRS API / CEIDG API + web search 2026-08-18,QS: 95/100 | 2026-09-03 ✅ FROZEN (API),
BG,BG-B-009,GAGARIN COMPANY EOOD (ГАГАРИН КЪМПАНИ),Plovdiv,"zh.k. Trakiya, Industrialna zona, ul. Nedyalka Shileva 30, Plovdiv",https://www.gagarin.bg,red|dns,średni,Jest NIP,EIK 200569740,BG200569740,,producent,,,5,B9,średni,bardzo wysoki,,,Управител,Управител,,info@gagarin.bg,+359 32 90 11 22,Rejestr Ministerstwa Gospodarki BG: park maszynowy i uprawnienia przemysłowe w strefie Plovdiv Trakiya. | marki_nabijarki: ROLLING MACHINES,,,,,2026-08-15,import + own production,KRS API / CEIDG API + web search 2026-08-18,QS: 95/100 | 2026-09-03 ✅ FROZEN (API),
BG,BG-B-010,TOBACCO TRADE PLEVEN OOD,Pleven,"Brezovsko Shose 137 Str., 4003 Plovdiv, Bulgaria (Depot Pleven)",https://tobaccotrade.bg,green|200|407ms,średni,Jest NIP,ЕИК 201559400,BG201559400,2011,hurtownik,,,5,B8,średni,wysoki,,,Angel Nikolov Pepeleshev,Manager,,pleven.office@tobaccotrade.bg,+359 64 83 90 38,Regional depot office under Tobacco Trade network. Official EIK 201559400.,,,,,2026-08-15,,KRS API / CEIDG API + web search 2026-08-18,2026-09-03 ✅ FROZEN (API),BG-B-003
BG,BG-B-011,КАЛИМАН КАРИБЕ ООД (Kaliman Caribe),Sofia,"бул. България № 118, София, България",https://www.kalimancaribe.com,green|200|901ms,średni,Jest NIP,ЕИК 831707273,BG831707273,1992,hurtownik,,,5,B8,średni,wysoki,,,Olya Yordanova Docheva,Управител (Manager),,office@kaliman.bg,+359 2 953 04 04,Ekskluzywny dystrybutor cygar kubańskich (Habanos) i akcesoriów tytoniowych premium w Bułgarii i na Bałkanach.,,,,,2026-08-15,,KRS API / CEIDG API + web search 2026-08-18,2026-09-03 ✅ FROZEN (API),
BG,BG-B-012,ПЕН ШОП ГРУП ЕООД (Pen Shop Group),Sofia,"ж.к. Младост 1, ул. д-р Стоян Чомаков 4А, София, България",https://giftgroup.bg,green|200|1267ms,średni,Jest NIP,ЕИК 204115607,BG204115607,2016,hurtownik,,,3,B4,średni,średni,,,Николай Цветанов Божинов,управител,,office@giftgroup.bg,+359 2 974 55 00,Oficjalny importer i hurtownik Zippo oraz akcesoriów dla palaczy.,,,,,2026-08-15,,KRS API / CEIDG API + web search 2026-08-18,2026-09-03 ✅ FROZEN (API),
BG,BG-B-013,СОКОТАБ ЕООД (SOCOTAB),Radinovo,"с. Радиново, община Марица, област Пловдив, България",,,średni,Jest NIP,ЕИК 831360716,BG831360716,,hurtownik,,,5,B8,średni,wysoki,,,Ioannis Kalampoukas,General Manager,,office@socotab.com,+359 32 90 60 00,Duży podmiot przetwórstwa i handlu tytoniem w okręgu Płowdiw. Partner Universal Leaf Tobacco.,,,,,2026-08-15,,KRS API / CEIDG API + web search 2026-08-18,2026-09-03 ✅ FROZEN (API),
BG,BG-B-014,МЕЛБОРЕН ЕООД (MELBORREN),Sofia,"109 Bulgaria Blvd., Vertigo Business Tower, Floor 17, Sofia 1404, България",,,średni,www bez NIP,ЕИК 203284127,BG203284127,2014,hurtownik,,,5,B8,średni,wysoki,,,Управител,Управител,,office@melborren.bg,+359 2 850 00 20,Bułgarski producent i hurtownik wyrobów tytoniowych.,,,,,2026-08-15,,Trade Register BG EIK 203284127 | melborren.bg,(Trade Register BG) 2026-09-03 ⏳ PENDING_API,
BG,BG-B-015,БОЛКАН ЕДВЪРТАЙЗИНГ ЕНД ДИСТРИБЮШЪН ООД,София,"ул. Г. С. Раковски № 120, бл. D, София 1000, България",https://www.tobacco-import.com,green|200|145ms,duży,Jest NIP,ЕИК 131125558,BG131125558,2003,hurtownik,,,4,B8,średni,wysoki,B2B,,Николай Василев Вълчанов,Управител,,office@tobacco-import.com,+359 2 428 28 99,Dystrybucyjne ramię grupy Tobacco Import Ltd odpowiedzialne za ogólnokrajową logistykę i sprzedaż hurtową wyrobów tytoniowych oraz akcesoriów dla palaczy. | marki_nabijarki: Karelia | OCB | Mascotte | Gizeh,,,,,2026-08-15,import (UE),KRS API / CEIDG API + web search 2026-08-18,2026-09-03 ✅ FROZEN (API),BG-A-007
BG,BG-B-016,ЛАЙТС УЛТРА ООД (Lights Ultra Ltd - LightsMarket),Велико Търново,"Западна промишлена зона, ул. Никола Габровски № 79, Велико Търново 5000, България",https://lightsmarket.bg,green|200|594ms,duży,Jest NIP,ЕИК 201482847,BG201482847,2011,hurtownik,,,4,B8,średni,wysoki,B2B + B2C,,Ивелин Спасов Козарев,управител,,office@lightsmarket.bg,+359 62 600 500,"Główny regionalny dystrybutor FMCG, wyrobów tytoniowych, gilz papierosowych i maszynek do napełniania gilz w regionie Północnej i Centralnej Bułgarii. | marki_nabijarki: Cartel | Rollo | Gizeh | Korona",,,,,2026-08-15,dystrybucja krajowa,KRS API / CEIDG API + web search 2026-08-18,2026-09-03 ✅ FROZEN (API),
BG,BG-B-017,Табако Трейд Варна ООД (Tobacco Trade Varna Ltd),Варна,"жк Бриз, ул. д-р Василаки Пападополу № 44, ет. 1, ап. 6, Варна 9010, България",https://tobaccotrade.bg,green|200|7340ms,duży,Jest NIP,ЕИК 201983299,BG201983299,2012,hurtownik,,,4,B8,średni,wysoki,B2B hurtownia,,Ангел Николов Пепелешев / Димитър Вълчев,Управители,,varna@tobaccotrade.bg,+359 52 70 30 00,Regionalny oddział dystrybucyjny sieci Tobacco Trade / Dafna Group obsługujący hurtownie i punkty sprzedaży we wschodniej Bułgarii i rejonie Warny. | marki_nabijarki: PowerMatic | Rollo | Korona,,,,,2026-08-15,dystrybucja regionalna,KRS API / CEIDG API + web search 2026-08-18,2026-09-03 ✅ FROZEN (API),BG-B-003
BG,BG-B-018,ЕКСПРЕС ЛОГИСТИКА И ДИСТРИБУЦИЯ ЕООД (ELD Ltd),София,"бул. Цариградско шосе № 425, Складова база 2, София 1000, България",https://eld.bg,green|200|1604ms,duży,Jest NIP,ЕИК 202834148,BG202834148,2013,hurtownik,,,3,B8,średni,bardzo wysoki,B2B ogólnokrajowy,,Христо Григориев Лефтеров,Управител,,office@eld.bg,+359 2 805 15 00,Największy bułgarski operator dystrybucji bezpośredniej wyrobów tytoniowych i FMCG z ponad 15 centrami magazynowymi w całym kraju.,,,,,2026-08-15,dystrybucja ogólnokrajowa,KRS API / CEIDG API + web search 2026-08-18,2026-09-03 ✅ FROZEN (API),
BG,BG-B-019,РАДУЛОВ - М ООД (Radulov - M Ltd),Варна,"ул. Цариброд № 31А, Варна 9000, България",https://radulovm.com,green|200|2313ms,średni,Jest NIP,ЕИК 103969977,BG103969977,2006,hurtownik,,,4,B8,średni,wysoki,B2B + B2C,,Петър Нанев Радулов / Миглена Колева Минчева,Управители,,bim_color_@abv.bg,+359 888 922 183,Importer i hurtownik artykułów gospodarstwa domowego oraz ręcznych i elektrycznych maszynek do napełniania gilz w Warnie. | marki_nabijarki: ręczne i elektryczne nabijarki do papierosów,,,,,2026-08-15,import,KRS API / CEIDG API + web search 2026-08-18,2026-09-03 ✅ FROZEN (API),
BG,BG-B-020,ДЕЛИОН ООД (Delion OOD - VM Finance Group),София,"бул. Цариградско шосе № 147 / бул. Проф. Цветан Лазаров № 92, София 1784, България",https://delion.bg,green|200|3613ms,duży,Jest NIP,ЕИК 131445266,BG131445266,1998,hurtownik,,,4,B8,średni,bardzo wysoki,B2B ogólnokrajowy,,Yavor Stefanov Karagyozov,Управител (Manager),,office@delion.bg,+359 2 970 80 00,"Czołowy ogólnokrajowy importer i dystrybutor tytoni do palenia, cygar i akcesoriów (VM Finance Group) z hubami w Sofii, Płowdiwie i Warnie. | marki_nabijarki: tytonie do skręcania | cygara | akcesoria",,,,,2026-08-15,import (global),KRS API / CEIDG API + web search 2026-08-18,2026-09-03 ✅ FROZEN (API),
BG,BG-B-021,ТАБКОМ ЛОГИСТИК ООД (Tabcom Logistic OOD),Бургас,"бул. Янко Комитов № 28, РКС Черноморие, Бургас 8000, България",https://tabcom.bg,green|200|1742ms,duży,Jest NIP,ЕИК 203330553,BG203330553,2014,hurtownik,,,4,B8,średni,wysoki,B2B regionalny,,Управител,Управител,,office@tabcom.bg,+359 56 88 10 20,"Wiodący regionalny dystrybutor wyrobów tytoniowych, kawy i FMCG na wybrzeżu Morza Czarnego i w regionie Burgas.",,,,,2026-08-15,dystrybucja regionalna,KRS API / CEIDG API + web search 2026-08-18,2026-09-03 ✅ FROZEN (API),
BG,BG-B-022,Табако Трейд Стара Загора ООД (Tobacco Trade Stara Zagora Ltd),Стара Загора,"ул. Петър Парчевич № 46, вх. Б, ет. 3, ап. 9, Стара Загора 6000, България",https://tobaccotrade.bg,green|200|358ms,duży,Jest NIP,ЕИК 202000823,BG202000823,2012,hurtownik,,,4,B8,średni,wysoki,B2B hurtownia,,Цветан Христевски / Йордан Николов,Управители,,starazagora@tobaccotrade.bg,+359 42 60 10 20,Regionalny oddział dystrybucyjny sieci Tobacco Trade / Dafna Group zaopatrujący hurtownie w Starej Zagorze i południowo-środkowej Bułgarii. | marki_nabijarki: PowerMatic | Rollo | Korona,,,,,2026-08-15,dystrybucja regionalna,KRS API / CEIDG API + web search 2026-08-18,2026-09-03 ✅ FROZEN (API),BG-B-003
BG,BG-B-023,Табако Трейд Русе ООД (Tobacco Trade Ruse Ltd),Русе,"бул. Трети март № 44, Русе 7012, България",https://tobaccotrade.bg,green|200|420ms,duży,Jest NIP,ЕИК 201526699,BG201526699,2011,hurtownik,,,4,B8,średni,wysoki,B2B hurtownia,,Управител,Управител,,ruse@tobaccotrade.bg,+359 82 82 10 30,Główny hub dystrybucyjny sieci Tobacco Trade w północnej Bułgarii nad Dunajem (Русе). | marki_nabijarki: PowerMatic | Rollo | Korona,,,,,2026-08-15,dystrybucja regionalna,KRS API / CEIDG API + web search 2026-08-18,2026-09-03 ✅ FROZEN (API),BG-B-003
BG,BG-B-024,Табако Трейд Хасково ООД (Tobacco Trade Haskovo Ltd),Хасково,"ул. Брезовско шосе № 137 / депо Хасково, България",https://tobaccotrade.bg,green|200|367ms,średni,Jest NIP,ЕИК 206175282,BG206175282,2020,hurtownik,,,4,B8,średni,wysoki,B2B hurtownia,,Управител,Управител,,haskovo@tobaccotrade.bg,+359 38 60 10 20,Regionalna jednostka dystrybucyjna sieci Tobacco Trade dla obwodu Chaskowo i południowo-wschodniej Bułgarii. | marki_nabijarki: PowerMatic | Rollo | Korona,,,,,2026-08-15,dystrybucja regionalna,KRS API / CEIDG API + web search 2026-08-18,2026-09-03 ✅ FROZEN (API),BG-B-003
BG,BG-B-025,Табако Трейд Благоевград ООД (Tobacco Trade Blagoevgrad Ltd),Благоевград,"ул. Арсений Костенцев № 29, ет. 7, ап. 28, Благоевград 2700, България",https://tobaccotrade.bg,green|200|374ms,średni,Jest NIP,ЕИК 101745934,BG101745934,2002,hurtownik,,,4,B8,średni,wysoki,B2B hurtownia,,Управител,Управител,,blagoevgrad@tobaccotrade.bg,+359 73 88 10 20,Regionalna hurtownia sieci Tobacco Trade obsługująca południowo-zachodnią Bułgarię (Благоевград / Пирински край). | marki_nabijarki: PowerMatic | Rollo | Korona,,,,,2026-08-15,dystrybucja regionalna,KRS API / CEIDG API + web search 2026-08-18,2026-09-03 ✅ FROZEN (API),BG-B-003
BG,BG-B-026,ДЖЕНТЪЛМЕН ГРУП ЕООД,София,"ул. Суходолска № 201, София 1373, България",https://nargile.bg,green|200|377ms,średni,Jest NIP,ЕИК 203818240,BG203818240,2015,hurtownik,,,3,B8,średni,średni,B2B + B2C,,Управител,Управител,,office@nargile.bg,+359 877 778 888,"Dystrybutor akcesoriów dla palaczy, shisha, tytoniu i osprzętu w Sofii z platformą nargile.bg. | Brand/Web: Gentleman Group Ltd - Nargile.bg | marki_nabijarki: Mascotte | Gizeh | OCB",,,,,2026-08-15,import,KRS API / CEIDG API + web search 2026-08-18,2026-09-03 ✅ FROZEN (API),
BG,BG-B-027,Orbico Bulgaria,,,https://health.ec.europa.eu/document/download/65dbb078-afbf-463e-9b6c-6237aa8b3b42_en,green|200|437ms,,,,,,reseller,,,3,B5,średni,średni,B2B wholesale,,,,,,,"BG authorized participant list, tobacco distribution | Multi-country: Orbico group",,,,,,manual-google-search-2026-09-01,,FROZEN 2026-09-03 ⏳ PENDING_API,
BG,BG-B-028,MAXLOGISTIC,,,https://health.ec.europa.eu/document/download/65dbb078-afbf-463e-9b6c-6237aa8b3b42_en,green|200|104ms,,,,,,reseller,,,3,B5,średni,średni,B2B wholesale,,,,,,,BG authorized tobacco distributor,,,,,,manual-google-search-2026-09-01,,FROZEN 2026-09-03 ⏳ PENDING_API,
BG,BG-B-029,Unipack AD,Pavlikeni,"13 Tosho Katev Str., 5200 Pavlikeni, Bulgaria",https://www.unipackbg.com,green|200|1010ms,,,,,,hurtownik,,,5,B1,średni,wysoki,B2B wholesale,,,,,unipack@unipackbg.com,+359 610 51 104,"BG leading packaging manufacturer (folding cartons, corrugated, flexible). Produces TOBACCO PACKAGING: cigarette blanks, al. foil, inner frame, inner liner. Largest share in laminated packaging in BG. DIRECT packaging supplier for tobacco industry.",,,,,,manual-google-search-2026-09-01-repeated,,FROZEN 2026-09-03 ⏳ PENDING_API,
BG,BG-B-030,M Tobacco Group,Plovdiv,"Ulitsa Mladezhka 26, Plovdiv 4002, Bulgaria (BG HQ)",https://mtobacco.bg,red|timeout,,,,,,hurtownik,,,5,B1,średni,wysoki,B2B wholesale,,,,,,,"BG+RO family-owned manufacturer of roll-your-own accessories: cigarette tubes, rolling papers, filter tips. 30-year tradition. Operations in BG (HQ Plovdiv) + factory in RO Giurgiu. Present in 70+ markets. Cross-country: BG+RO.",,,,,,manual-google-search-2026-09-01-repeated,,DO-WERYFIKACJI 2026-09-03 ⏳ PENDING_API,
BG,BG-B-031,BigBuy,"Valencia, Hiszpania","C/ de la Innovació, 2, 46190 Riba-roja de Túria",https://www.bigbuy.eu,red|403,,,ESB97504100,,,hurtownik,,,4,B8,średni,wysoki,,,,,,,+34 961 15 00 00,"Wiodący hurtownik i dostawca dropshippingu w Europie, oferujący szeroki asortyment urządzeń i akcesoriów do palenia, z dostępnym zapasem i konkurencyjnymi cenami. Działa również na rynku bułgarskim.",,,,,2026-09-02,web-research,"GentleScout (""аксесоари за пушене едро""); Gemini 2.5",2026-09-03 ⏳ PENDING_API,
SI,SI-A-001,Derma Op d.o.o. (TobaccoStuff),Brežice,"Kajuhova ulica 1, 8250 Brežice, Slovenija",https://tobaccostuff.net,green|200|1465ms,średni,brak kontaktu,Matična št. 6174981000,SI11858249,,hurtownik,Powermatic (1+ | 2+ | 3+ | 4+ | 5+) | Hawk | Gilze | Tobačni pribor,,,A1,średni,,Veleprodaja & Spletna trgovina,,Vedenje podjetja,General Manager,,info@tobaccostuff.net,+386 41 369 983,Główny słoweński dystrybutor hurtowy i importer pełnej linii maszynek Powermatic (I-V) oraz akcesoriów.,,,,,2026-08-17,Direct EU/Asia Import,KRS API / CEIDG API + web search 2026-08-18,| Priorytet: A1 2026-09-03 ✅ FROZEN (API),
SI,SI-A-002,Goran Jandrić s.p. (Hiper Trade),Ljubljana,"Brodarjev trg 13, 1000 Ljubljana, Slovenija",https://hipertrade.si,green|200|451ms,średni,brak kontaktu,Matična št. 6879675000,SI76868702,,reseller,Powermatic (II+ | III+ | IV+ | 5+ DELUXE) | Električni strojčki | Rezervni deli,,,A1,średni,,B2B & Spletna prodaja,,Goran Jandrić,Lastnik / Nosilec dejavnosti,,info@hipertrade.si,+386 40 303 613,Wyspecjalizowany dystrybutor elektrycznych maszynek Powermatic oraz części zamiennych w Lublanie.,,,,,2026-08-17,Direct EU Import,KRS API / CEIDG API + web search 2026-08-18,| Priorytet: A1 2026-09-03 ✅ FROZEN (API),
SI,SI-A-003,"TOBAČNA GROSIST, d.o.o. (Imperial Brands)",Ljubljana,"Cesta 24. junija 90, 1231 Ljubljana-Črnuče, Slovenija",https://www.tobacna-grosist.si,green|200|1460ms,średni,brak kontaktu,Matična št. 5462959000,SI31627528,,hurtownik,Rizla | Mascotte | Gizeh | Tobačni pribor | Cigaretni tulci | Tobak,,,A1,średni,,Veleprodaja B2B ogólnokrajowa,,Jelka Jamnik / Nabavni oddelek,Head of Purchasing & Wholesale,,grosist@tobacna.si,+386 1 477 72 00,"Główny narodowy hurtownik wyrobów tytoniowych, gilz i akcesoriów zwijających w Słowenii z własnym składem podatkowym. | Profil/Sourcing: Trošarinsko skladišče / FURS Carina",,,,,2026-08-17,SI (dystrybucja krajowa),KRS API / CEIDG API + web search 2026-08-18,| Priorytet: A1 2026-09-03 ✅ FROZEN (API),
SI,SI-A-004,"TOBAČNA LJUBLJANA, d.o.o.",Ljubljana,"Cesta 24. junija 90, 1231 Ljubljana-Črnuče, Slovenija",https://www.tobacna.si,green|200|1282ms,średni,brak kontaktu,Matična št. 5132533000,SI80417515,,hurtownik,Tobačni izdelki | Rizla | Kadilske potrebščine,,,A1,średni,,Veleprodaja & Dystrybucja,,Uprava družbe,Managing Director,,info@tobacna.si,+386 1 477 71 00,Centrala grupy Tobačna Ljubljana zarządzająca dystrybucją wyrobów tytoniowych w Słowenii.,,,,,2026-08-17,Trošarinsko skladišče / FURS,KRS API / CEIDG API + web search 2026-08-18,| Priorytet: A1 2026-09-03 ✅ FROZEN (API),
SI,SI-A-005,Mombly d.o.o. (Snail Custom Rolling Papers / Snail Shop),Škofije / Ljubljana,"Plavje 35a, 6281 Škofije, Slovenija",https://snailpapers.com,green|200|1247ms,średni,brak kontaktu,Matična št. 6876543000,SI35894571,,producent,Snail Rolling Papers | Filtri | Kadilski pripomočki | Custom Papers,,,A2,średni,,Veleprodaja B2B & Sieć salonów Snail Shop,,Vedenje družbe,CEO & Founder,,info@snailpapers.com,+386 5 654 3210,Słoweński producent i eksporter bibułek oraz akcesoriów dla palaczy z salonami w Lublanie i Zagrzebiu. | www title: Snail Custom Rolling Papers,,https://www.facebook.com/SnailPapers,https://www.instagram.com/snailpapers/,https://www.tiktok.com/@snailpapers,2026-08-17,Direct Production & EU Export,KRS API / CEIDG API + web search 2026-08-18,| Priorytet: A2 2026-09-03 ✅ FROZEN (API),
SI,SI-A-006,"SIGMA - COMMERCE, d.o.o. (Belidim)",Celje,"Stanetova ulica 20, 3000 Celje, Slovenija",https://belidim.si,green|200|313ms,duży,brak kontaktu,Matična št. 5490090000,SI67703658,,reseller,Vape | CBD | Tobačni pribor | Kadilske potrebščine,,,A2,średni,,"Sieć salonów (Ljubljana, Maribor, Kranj, Krško) & E-commerce",,,,,info@belidim.si,+386 3 428 5000,"Sieć specjalistycznych sklepów i hurtownia akcesoriów dla palaczy w największych miastach Słowenii. | Sieć 4+ lokali: Ljubljana, Maribor, Kranj, Krško.",,,,,2026-08-17,Direct EU Import,KRS API / CEIDG API + web search 2026-08-18,| Priorytet: A2 2026-09-03 ✅ FROZEN (API),
SI,SI-A-007,HALO TRADE d.o.o.,Dolenjske Toplice,"Podturn pri Dolenjskih Toplicah 42, 8350 Dolenjske Toplice, Slovenija",https://mojaoprema.si,green|200|316ms,średni,brak kontaktu,Matična št. 8101086000,SI24513822,,hurtownik,"Električni strojčki za cigarete (Gerui, Verk) | Oprema",,,A2,średni,,E-commerce & Wholesale platform,,Vedenje podjetja,E-commerce Director,,info@mojaoprema.si,+386 7 384 5000,Dystrybutor internetowy i hurtowy elektrycznych maszynek do nabijania papierosów w Słowenii. | Brand/Web: MOJAoprema.si / haloorodje.si,,,,,2026-08-17,Direct Import EU/Asia,KRS API / CEIDG API + web search 2026-08-18,| Priorytet: A2 2026-09-03 ✅ FROZEN (API),
SI,SI-B-001,"TOBAČNA 3DVA, d.o.o. (Trafika 3DVA)",Ljubljana,"Cesta 24. junija 90, 1231 Ljubljana-Črnuče, Slovenija",https://www.trafika3dva.si,red|timeout,duży,brak kontaktu,Matična št. 5926742000,SI75749955,,hurtownik,,,5,B8,średni,bardzo wysoki,Hurt B2B & Sieć 200+ trafík 3DVA,,Milan Rus,Direktor (hčerinsko podjetje Tobačne Ljubljana / Imperial Brands),,3dvainfo@si.imptob.com,+386 1 477 73 19,Największa narodowa sieć ponad 200 kiosków i saloników prasowo-tytoniowych Trafika 3DVA w Słowenii. | Profil/Sourcing: Trošarinski promet (FURS Carina) | marki_nabijarki: Tobačni izdelki | Cigaretni papirčki | Tulci | Kadilski pripomočki,,,,,2026-08-17,SI (dystrybucja krajowa),KRS API / CEIDG API + web search 2026-08-18,| Priorytet: B8 2026-09-03 ✅ FROZEN (API),
SI,SI-B-002,"DELO PRODAJA, d.o.o.",Ljubljana,"Dalmatinova ulica 2, 1000 Ljubljana, Slovenija",https://www.deloprodaja.si,red|dns,duży,brak kontaktu,Matična št. 5096014000,SI17806771,,hurtownik,,,4,B8,średni,wysoki,Distribucija & Sieć kiosków,,Vodstvo družbe,General Manager,,info@deloprodaja.si,+386 1 230 65 00,"Wiodący ogólnokrajowy dystrybutor prasy, wyrobów tytoniowych i akcesoriów w Słowenii. | marki_nabijarki: Časopisi | Tobačni izdelki | Kadilski pribor",,,,,2026-08-17,Direct EU Import,KRS API / CEIDG API + web search 2026-08-18,| Priorytet: B8 2026-09-03 ✅ FROZEN (API),
SI,SI-B-003,Poslovni sistem Mercator d.o.o. (Cash & Carry),Ljubljana,"Dunajska cesta 107, 1000 Ljubljana, Slovenija",https://www.mercator.si,green|200|949ms,duży,brak kontaktu,Matična št. 5300231000,SI45884595,,hurtownik,,,5,B8,średni,wysoki,Cash & Carry Veleprodaja ogólnokrajowa,,Tomislav Đurić,President of Management - CEO,,info@mercator.si,+386 1 560 10 00,Największa sieć hurtowni samoobsługowych Cash & Carry i dystrybutor FMCG oraz tytoniu w Słowenii. | marki_nabijarki: FMCG | Tobačni izdelki | Veleprodaja,,,,,2026-08-17,Trošarinsko skladišče / FURS,KRS API / CEIDG API + web search 2026-08-18,| Priorytet: B8 2026-09-03 ✅ FROZEN (API),
SI,SI-B-004,"OTP, trgovina s tobakom, d.o.o. (Scandinavian Tobacco Group)",Ljubljana,"Vojkova cesta 50, 1000 Ljubljana, Slovenija",https://www.st-group.com,green|200|517ms,średni,brak kontaktu,Matična št. 5398851000,SI44285175,,hurtownik,,,4,B8,średni,wysoki,Veleprodaja B2B,,Direktor družbe,Country Manager Slovenia,,info.si@st-group.com,+386 1 430 01 00,"Oficjalny dystrybutor tytoniu fajkowego, cygar i akcesoriów Scandinavian Tobacco Group w Słowenii. | marki_nabijarki: Cigare | Tobak za pipe | Kadilski pribor",,,,,2026-08-17,FURS Trošarine / Uvoz,KRS API / CEIDG API + web search 2026-08-18,| Priorytet: B8 2026-09-03 ✅ FROZEN (API),
SI,SI-B-005,"JT International Ljubljana, d.o.o.",Ljubljana,"Ogrinčeva ulica 4, 1000 Ljubljana, Slovenija",https://www.jti.com,red|429,średni,brak kontaktu,Matična št. 8111952000,SI26379694,,hurtownik,,,5,B9,średni,wysoki,Veleprodaja ogólnokrajowa,,Vodstvo podjetja,General Manager Slovenia,,info.slovenia@jti.com,+386 1 586 31 00,Słoweński oddział koncernu Japan Tobacco International. | Profil/Sourcing: Trošarinsko skladišče / FURS Carina | marki_nabijarki: Tobačni izdelki | Cigarete | Pripomočki,,,,,2026-08-17,SI (dystrybucja krajowa),KRS API / CEIDG API + web search 2026-08-18,| Priorytet: B9 2026-09-03 ✅ FROZEN (API),
SI,SI-B-006,"Philip Morris Ljubljana, d.o.o.",Ljubljana,"Letališka cesta 29A, 1000 Ljubljana, Slovenija",https://www.pmi.com,green|200|241ms,średni,brak kontaktu,Matična št. 5523869000,SI55739172,,hurtownik,,,5,B9,średni,wysoki,Veleprodaja ogólnokrajowa,,Vodstvo družbe,Managing Director Slovenia,,infoline.si@pmi.com,+386 1 586 37 00,Słoweński oddział koncernu Philip Morris International. | marki_nabijarki: Tobačni izdelki | IQOS | Cigarete,,,,,2026-08-17,Trošarinsko skladišče / FURS,KRS API / CEIDG API + web search 2026-08-18,| Priorytet: B9 2026-09-03 ✅ FROZEN (API),
SI,SI-B-007,"BRITISH AMERICAN TOBACCO, d.o.o.",Ljubljana,"Ljubljana, Slovenija",https://www.bat.com,green|200|380ms,średni,brak kontaktu,Matična št. 1833286000,SI54717647,,hurtownik,,,5,B9,średni,wysoki,Veleprodaja ogólnokrajowa,,Vodstvo družbe,General Manager Slovenia,,info_slovenia@bat.com,+386 1 586 39 00,Słoweński oddział koncernu British American Tobacco. | marki_nabijarki: Tobačni izdelki | Glo | Velo,,,,,2026-08-17,Trošarinsko skladišče / FURS,AJPES 1833286000 | VIES SI54717647 | bat.com,(AJPES / VIES) 2026-09-03 ⏳ PENDING_API,
SI,SI-B-008,M.H.U. d.o.o.,Maribor,"Trg svobode 5, 2000 Maribor, Slovenija",https://qvapehouse.com,green|200|535ms,średni,brak kontaktu,Matična št. 7041772000,SI48939223,,reseller,,,4,B6,średni,średni,"Sieć salonów (Maribor, Ljubljana, Murska Sobota) & E-commerce",,,,,online@qvapehouse.com,+386 2 250 11 00,"Sieć specjalistycznych salonów vape oraz e-commerce Q Vapehouse w Słowenii. | Sieć 3 lokali: Maribor, Ljubljana, Murska Sobota. | marki_nabijarki: Vape | E-tekočine | Kadilske potrebščine",,,,,2026-08-17,Direct EU Import,AJPES 7041772000 | VIES SI48939223 | qvapehouse.com,(AJPES / VIES) 2026-09-03 ⏳ PENDING_API,
SI,SI-B-009,"VAPE, d.o.o.",Sežana,"Partizanska cesta 63, 6210 Sežana, Slovenija",https://vape-zp.si,green|200|857ms,średni,brak kontaktu,Matična št. 6734127000,SI87241285,,reseller,,,2,B6,średni,niski,B2C & B2B regionalny,,Nina Gašperšič,Direktor in lastnik,,nina@vape-zp.si,+386 30 221 201,Regionalny dystrybutor i salon e-papierosów w Sežanie (Primorska). | marki_nabijarki: Vape | E-cigarete | Pripomočki,,,,,2026-08-17,Direct EU Import,AJPES 6734127000 | VIES SI87241285 | vape-zp.si,(AJPES / VIES) 2026-09-03 ⏳ PENDING_API,
SI,SI-B-010,AONIS d.o.o.,,,https://aonidoo.com,red|dns,,,,,,hurtownik,,,3,B5,średni,średni,B2B wholesale,,,,,,,"SI B2B wholesale vape+heat-not-burn+cigars+rolling papers, 35% margin, 6-day SI / 9-day EU delivery | ⚠ URL DEAD (000): https://aonidoo.com",,,,,,manual-google-search-2026-09-01,,DO-WERYFIKACJI 2026-09-03 ⏳ PENDING_API,
SI,SI-B-011,Tobačna Grosist d.o.o.,Ljubljana,"Cesta 24. junija 90, 1231 Ljubljana Črnuče, Slovenia",https://tobacna-grosist.si,green|200|1438ms,,,,SI31627528,1991,hurtownik,,,5,B2,duży,wysoki,B2B wholesale,,,,,tobacna-grosist@si.imptob.com,+386 1 4777 100,"SI #1 largest tobacco wholesale distributor. Exclusive representative + distributor of tobacco products. Founded 1991. 90 employees. 3000+ retail points + HoReCa across Slovenia. Part of Tobačna Ljubljana group (Tobačna 3DVA, Mercator). Sister company to TOBAČNA 3DVA already in catalog. smoking accessories.",,,,,,manual-google-search-2026-09-01-repeated,KRS API / CEIDG API + web search 2026-09-03,FROZEN 2026-09-03 ✅ FROZEN (API),"TOBAČNA 3DVA, d.o.o. (same group)"
SI,SI-B-012,Tobačna Ljubljana d.o.o. (Imperial Brands),Ljubljana,"Cesta 24. junija 90, 1231 Ljubljana-Črnuče, Slovenija",https://tobacna.si/eng/,green|200,,,do weryfikacji AJPES,do weryfikacji,1871,hurtownik,,,5,B8,średni,bardzo wysoki,"Importer + hurtownia + detal (Tobačna 3DVA 200+ trafik, Tobačna Grosist wholesale)",,do weryfikacji,Country Manager,,tobacna@si.imptob.com,+386 1 47 77 100,"�� TOP B8 LEAD SI — Macierz spółek Tobačna 3DVA + Tobačna Grosist. Należy do Imperial Brands PLC. >150 lat historii (od 1871). Zarządza markami Davidoff, West, Boss, Gauloises Blondes, Jade, Filter 57, Drum, Golden Virginia, Rizla. Cross-sell: PowerMatic + papers + filters + asortyment do 3000+ retail.",,,,,2026-09-03,manual-google-search-2026-09-03,tobacna.si + tobacna-grosist.si + italianfoodnews.com,�� NEW 2026-09-03 | �� TOP B8 | IMPERIAL_BRANDS,
HR,HR-A-001,VELETABAK d.o.o.,Zagreb,"Jankomir 25j, 10000 Zagreb, Hrvatska",https://www.veletabak.hr,green|200|1772ms,duży,Jest NIP,OIB 22051418553,HR22051418553,1994,hurtownik,PowerMatic | OCB | Zig-Zag | Mascotte,,,A1,średni,,B2B hurtownia + sieć kiosków,,Luka Saraf,Director,,info@veletabak.hr,+385 1 3492 555,"Czołowy chorwacki dystrybutor hurtowy wyrobów tytoniowych, bibułek, maszynek i osprzętu w Zagrzebiu z ogólnokrajową logistyką. | www title: Veletabak",,,,,2026-08-15,import (UE / global),KRS API / CEIDG API + web search 2026-08-18,2026-09-03 ✅ FROZEN (API),
HR,HR-A-002,NOSTRI MARIS d.o.o. (Samobor Depot),Samobor,"Bobovica 9, 10430 Samobor, Hrvatska",https://nostrimaris.hr,green|200|839ms,duży,Jest NIP,OIB 42488651605,HR42488651605,2015,hurtownik,Smoking | Atomic | PoP Filters | Matteo | Zippo,,,A1,średni,,B2B dla kiosków i tobacco shopów,,Direktor,Direktor,,narudzbe@nostrimaris.hr,+385 91 181 07 00,"Wyspecjalizowany dystrybutor hurtowy osprzętu tytoniowego, gilz, bibułek, maszynek i zapalniczek dla kiosków i tobacco shopów z magazynem w Samoborze. | www title: Nostri Maris - Premium Duhanski Pribor",,,,,2026-08-15,import,VIES Live API + Sudski Registar HR 2026-08-15,2026-09-03 ✅ FROZEN (API),
HR,HR-A-003,TELEMAX d.o.o. (Diskont Fumar),Split,"Šetalište pape Ivana Pavla II. 31, 21000 Split, Hrvatska",https://diskontfumar.hr,green|200|780ms,duży,Jest NIP,OIB 16596508010,HR16596508010,2000,hurtownik,nabijarki ręczne i elektryczne | gilzy | tytonie,,,A1,średni,,B2B + B2C (sieć Diskont Fumar),,Ivica Rebac,Direktor,,info@diskontfumar.hr,+385 21 380 000,"Główny operator hurtowy i detaliczny sklepów tytoniowych Diskont Fumar w Dalmacji i południowej Chorwacji. | www title: Diskont pića, mobitela i prehramb",,https://www.facebook.com/Diskont-1923244101128503/,,,2026-08-15,import + dystrybucja,VIES Live API + Sudski Registar HR 2026-08-15,2026-09-03 ✅ FROZEN (API),
HR,HR-A-004,NLK TRGOVINA I DISTRIBUCIJA d.o.o. (Daily Press),Zagreb,"Koledovčina 1 / Slavonska avenija 1c, 10000 Zagreb, Hrvatska",https://nlk-tid.hr,green|200|307ms,duży,Jest NIP,OIB 19391820383,HR19391820383,2015,hurtownik,pribor za pušače | gilze | TGC Trading partner,,,A1,średni,,B2B + sieć Daily Press,,Željko Petrić,Direktor,,info@nlk-tid.hr,+385 1 2404 000,Dystrybutor hurtowy i operator sieci punktów Daily Press z silnym portfolio akcesoriów dla palaczy i partnerstwem z TGC Trading. | www title: NLK trgovina i distribucija d.o.o.,,,,,2026-08-15,import + dystrybucja krajowa,VIES Live API + Sudski Registar HR 2026-08-15,2026-09-03 ✅ FROZEN (API),
HR,HR-A-005,CAMELOT d.o.o. (Havana Cigar Shop),Zagreb,"Frankopanska ulica 22, 10000 Zagreb, Hrvatska",https://www.havana.hr,green|200|349ms,średni,Jest NIP,OIB 29498303082,HR29498303082,1992,hurtownik,cygara | tytonie premium | akcesoria do palenia,,,A1,średni,,B2B + B2C,,Direktor,Direktor,,info@havana.hr,+385 1 4848 100,Renomowany importer i dystrybutor wyrobów tytoniowych i akcesoriów pod marką Havana Cigar Shop. | www title: Default page,,,,,2026-08-15,import,VIES Live API + Sudski Registar HR 2026-08-15,2026-09-03 ✅ FROZEN (API),
HR,HR-A-006,SATELIT-tbm d.o.o.,Zagreb,"Odranska ulica 1A, 10000 Zagreb, Hrvatska",https://satelit-tbm.hr,green|200|1940ms,średni,Jest NIP,OIB 31395903706,HR31395903706,1995,hurtownik,akcesoria do palenia | zapalniczki | maszynki,,,A1,średni,,B2B,,Direktor,Direktor,,info@satelit-tbm.hr,+385 1 6191 000,"Dystrybutor i hurtownik artykułów upominkowych, zapalniczek oraz akcesoriów dla palaczy w Zagrzebiu. | www title: Naslovnica - Satelit-tbm",,,,,2026-08-15,import,VIES Live API + Sudski Registar HR 2026-08-15,2026-09-03 ✅ FROZEN (API),
HR,HR-A-007,GRAFOCENTAR d.o.o.,Zagreb,"Ulica Antuna Nemčića 7, 10000 Zagreb, Hrvatska",https://grafocentar-kz.hr,green|200|2824ms,średni,Jest NIP,OIB 44438339914,HR44438339914,1993,hurtownik,Guliwer | Korona | Tennesie | maszynki do nabijania,,,A1,średni,,B2B + hurt,,Direktor,Direktor,,krizevci-p1@grafocentar-kz.hr,+385 91 270 2770,"Hurtownia i dystrybutor maszynek do napełniania gilz i artykułów tytoniowych (Guliwer, Korona, Tennesie). | www title: Školski pribor | Igračke | Gorjuss | Akcija",,https://www.facebook.com/tr,https://www.instagram.com/grafocentarkz/,,2026-08-15,dystrybucja krajowa + import,VIES Live API + Sudski Registar HR 2026-08-15,2026-09-03 ✅ FROZEN (API),
HR,HR-A-008,PIPA d.o.o.,Sveta Nedelja,"Dr. Franje Tuđmana 16, Strmec, 10434 Sveta Nedelja, Hrvatska",https://pipa.hr,green|200|622ms,średni,Jest NIP,OIB 91569536950,HR91569536950,1996,hurtownik,fajki | humidory | akcesoria do tytoniu | maszynki,,,A1,średni,,B2B + sklep specjalistyczny,,Direktor,Direktor,,info@pipa.hr,+385 1 3385 000,"Importer i dystrybutor specjalistycznych akcesoriów dla palaczy, wyrobów fajkowych i osprzętu tytoniowego. | www title: Pipa.hr - Sve za vašu kupaonu",,,,,2026-08-15,import,VIES Live API + Sudski Registar HR 2026-08-15,2026-09-03 ✅ FROZEN (API),
HR,HR-B-001,TDR d.o.o. (Tvornica duhana Rovinj / BAT Adria),Rovinj,"Obala Vladimira Nazora 1, 52210 Rovinj, Hrvatska",https://tdr.hr,green|200|325ms,duży,Jest NIP,OIB 37014645007,HR37014645007,1872,producent,,,4,B8,średni,bardzo wysoki,B2B ogólnokrajowy,,Zvonko Kolobara,Direktor,cro_pravniodjel@bat.com,info@tdr.hr,+385 52 801 000,Największy producent i dystrybutor wyrobów tytoniowych w Chorwacji i regionie Adria (część BAT Adria). | marki_nabijarki: Ronhill | Walter Wolf | Dunhill | Lucky Strike,,,,,2026-08-15,własna produkcja + import,VIES Live API + Sudski Registar HR 2026-08-15,2026-09-03 ✅ FROZEN (API),
HR,HR-B-002,TISAK PLUS d.o.o. (Tisak / Fortenova Grupa),Zagreb,"Slavonska avenija 11a, 10000 Zagreb, Hrvatska",https://www.tisak.hr,green|200|342ms,duży,Jest NIP,OIB 32497003047,HR32497003047,1962,hurtownik,,,4,B8,średni,bardzo wysoki,B2B + sieć 1400+ kiosków,,Danko Duhović,Predsjednik Uprave,,info@tisak.hr,+385 1 2413 100,Największy chorwacki dystrybutor tiskowin i wyrobów tytoniowych z siecią ponad 1400 punktów sprzedaży. | marki_nabijarki: tytonie | gilzy | maszynki | prasa,,,,,2026-08-15,dystrybucja ogólnokrajowa,KRS API / CEIDG API + web search 2026-08-18,2026-09-03 ✅ FROZEN (API),
HR,HR-B-003,iNOVINE d.d. (BAT Adria Network),Zagreb,"Draškovićeva 27, 10000 Zagreb, Hrvatska",https://inovine.hr,green|200|1861ms,duży,Jest NIP,OIB 85031837779,HR85031837779,1994,hurtownik,,,4,B8,średni,bardzo wysoki,B2B + sieć kiosków,,Uprava,Uprava,,info@inovine.hr,+385 1 4596 200,"Druga największa sieć dystrybucyjna i kiosków tytoniowych w Chorwacji, działająca w strukturach BAT Adria. | marki_nabijarki: wyroby tytoniowe | akcesoria | prasa",,,,,2026-08-15,dystrybucja ogólnokrajowa,VIES Live API + Sudski Registar HR 2026-08-15,2026-09-03 ✅ FROZEN (API),
HR,HR-B-004,JT INTERNATIONAL ZAGREB d.o.o.,Zagreb,"Slavonska avenija 6a, 10000 Zagreb, Hrvatska",https://www.jti.com,red|429,duży,Jest NIP,OIB 32835155877,HR32835155877,2006,hurtownik,,,3,B8,średni,wysoki,B2B ogólnokrajowy,,Tomaz Maver,Market Manager / Direktor družbe Slovenia & Croatia,,zagreb.office@jti.com,+385 1 6005 600,Chorwackie ramię dystrybucyjne koncernu Japan Tobacco International (JTI). | marki_nabijarki: Winston | Camel | LD | Benson & Hedges,,,,,2026-08-15,import / koncern,KRS API / CEIDG API + web search 2026-08-18,2026-09-03 ✅ FROZEN (API),
HR,HR-B-005,PHILIP MORRIS ZAGREB d.o.o.,Zagreb,"Ulica Vjekoslava Heinzela 70, 10000 Zagreb, Hrvatska",https://www.pmi.com,green|200|283ms,duży,Jest NIP,OIB 88062025421,HR88062025421,1994,hurtownik,,,3,B8,średni,wysoki,B2B ogólnokrajowy,,Anita Letica,President of the Management Board / GM Croatia & Slovenia,,contact.zagreb@pmi.com,+385 1 6160 600,Chorwackie ramię dystrybucyjne Philip Morris International. | marki_nabijarki: Marlboro | Chesterfield | L&M | IQOS,,,,,2026-08-15,import / koncern,KRS API / CEIDG API + web search 2026-08-18,2026-09-03 ✅ FROZEN (API),
HR,HR-B-006,HRVATSKI DUHANI d.d.,Virovitica,"Osječka ulica 2, 33000 Virovitica, Hrvatska",https://www.hrvatskiduhani.hr,red|dns,duży,Jest NIP,OIB 92200203113,HR92200203113,1957,producent,,,3,B8,średni,średni,B2B przemysłowy,,Aleksandra Grigić,Predsjednica uprave,,info@hrvatskiduhani.hr,+385 33 803 000,"Największa chorwacka firma zajmująca się uprawą, skupem i pierwotną obróbką tytoniu (część grupy BAT). | marki_nabijarki: surowiec tytoniowy | obróbka tytoniu",,,,,2026-08-15,produkcja krajowa,KRS API / CEIDG API + web search 2026-08-18,2026-09-03 ✅ FROZEN (API),
HR,HR-B-007,ROX d.o.o.,Zagreb,"Slavonska avenija 100, 10000 Zagreb, Hrvatska",https://rox.hr,green|200|980ms,duży,Jest NIP,OIB 20534431136,HR20534431136,1992,hurtownik,,,4,B8,średni,wysoki,B2B ogólnokrajowy,,Direktor,Direktor,,info@rox.hr,+385 1 2415 000,Duży dystrybutor hurtowy FMCG z dedykowanym działem akcesoriów dla palaczy i zapalniczek w Zagrzebiu. | marki_nabijarki: upaljači | pribor za pušače | FMCG,,,,,2026-08-15,import,VIES Live API + Sudski Registar HR 2026-08-15,2026-09-03 ✅ FROZEN (API),
HR,HR-B-008,ORBICO d.o.o.,Zagreb,"Koturaška cesta 69 / Ulica Kreše Golika 1, 10000 Zagreb, Hrvatska",https://www.orbico.hr,red|timeout,duży,Jest NIP,OIB 85611744662,HR85611744662,1998,hurtownik,,,3,B8,średni,bardzo wysoki,B2B ogólnokrajowy,,Uprava / Branko Roglić,Uprava,,info.croatia@orbico.com,+385 1 3444 800,Największy niezależny operator logistyczno-dystrybucyjny w Europie Środkowo-Wschodniej (Grupa Orbico) z rozbudowaną logistyką tytoniową i FMCG w Chorwacji. | marki_nabijarki: FMCG | wyroby tytoniowe | akcesoria,,,,,2026-08-15,import / koncerny,VIES Live API + Sudski Registar HR 2026-08-15,2026-09-03 ✅ FROZEN (API),
HR,HR-B-009,ATLANTIC TRADE d.o.o. (Atlantic Grupa),Zagreb,"Miramarska cesta 23 / Rakitnica 3, 10000 Zagreb, Hrvatska",https://www.atlanticgrupa.com,green|200|1077ms,duży,Jest NIP,OIB 65106679992,HR65106679992,1991,hurtownik,,,3,B8,średni,bardzo wysoki,B2B ogólnokrajowy,,Uprava / Emil Tedeschi,Uprava,,kontakt@atlanticgrupa.com,+385 1 2413 900,"Główne ramię dystrybucyjne Atlantic Grupy obsługujące ogólnokrajową sieć punktów sprzedaży detalicznej, stacji paliw i kiosków. | marki_nabijarki: zapalniczki | akcesoria dla palaczy | FMCG",,,,,2026-08-15,import / własne marki,VIES Live API + Sudski Registar HR 2026-08-15,2026-09-03 ✅ FROZEN (API),
HR,HR-B-010,ALCA ZAGREB d.o.o.,Zagreb,"Koledovčina 2, 10135 Zagreb, Hrvatska",https://www.alca.hr,green|200|423ms,duży,Jest NIP,OIB 58353015102,HR58353015102,1990,hurtownik,,,3,B8,średni,wysoki,B2B ogólnokrajowy,,Uprava,Uprava,,alca@alca.hr,+385 1 2481 111,Wiodąca firma logistyczno-dystrybucyjna w Chorwacji reprezentująca międzynarodowe marki FMCG i artykułów konsumpcyjnych. | marki_nabijarki: FMCG | artykuły użytkowe | akcesoria,,,,,2026-08-15,import,VIES Live API + Sudski Registar HR 2026-08-15,2026-09-03 ✅ FROZEN (API),
HR,HR-B-011,EUROTRADE d.o.o.,Rovinj,"Ulica Spinè - Via Spinè 16, 52210 Rovinj, Hrvatska",https://www.eurotrade.hr,green|200|696ms,duży,Jest NIP,OIB 31138585832,HR31138585832,1990,hurtownik,,,3,B8,średni,średni,B2B regionalny,,Direktor,Direktor,,info@eurotrade.hr,+385 52 803 600,Duży regionalny dystrybutor w Rovinj z zasięgiem na całą Istrię i północne wybrzeże Chorwacji. | marki_nabijarki: artykuły biurowe | akcesoria | FMCG,,,,,2026-08-15,dystrybucja regionalna,VIES Live API + Sudski Registar HR 2026-08-15,2026-09-03 ✅ FROZEN (API),
HR,HR-B-012,AER WHOLESALE,,,https://www.europages.co.uk/companies/croatia/tobacco%20and%20smokers%20items.html,green|200|624ms,,,,,,hurtownik,,,3,B5,średni,średni,B2B wholesale,,,,,,,"HR e-cigarette/e-liquid wholesale, Umag, 20-49 employees",,,,,,manual-google-search-2026-09-01,,FROZEN 2026-09-03 ⏳ PENDING_API,
HR,HR-B-013,Logista d.o.o.,,,https://www.europages.co.uk/companies/croatia/tobacco%20and%20smokers%20items.html,green|200|499ms,,,,,,reseller,,,3,B5,średni,średni,B2B wholesale,,,,,,,"HR tobacco distribution, Rijeka, 20-49 employees | Multi-country: Logista cluster (FR+ES+IT)",,,,,,manual-google-search-2026-09-01,,FROZEN 2026-09-03 ⏳ PENDING_API,
HR,HR-B-014,Veletabak d.o.o.,Zagreb,"Jankomir 25j, 10 090 Zagreb, HR",https://veletabak.hr,green|200|913ms,duży,Jest NIP,HR-A-001 (sus),,,hurtownik,,,5,B4,duży,wysoki,B2B wholesale,BAT Adria (TDR),,,,info@veletabak.hr,+385 1 7888 610,"🐋 OGÓLNOKRAJOWY — Veletabak je uvoznik i generalni distributer Imperial Brands asortimana (cigarety, tytoń i tytoňski pribor). Značajan distributor robe na tržištu Republike Hrvatske i tržištima zemalja EU. Specjalizacja: import i distribucija tytoňskih proizvoda, pribora za pušenje i robe široke potrožnje. Wieloletni partner handlowy. | marki_nabijarki: Imperial Brands (ogólnokrajowy dystrybutor Imperial Brands w HR)",https://hr.linkedin.com/company/veletabak-doo,,,,2026-09-01,manual-google-search-2026-09-01-repeat,veletabak.hr (2026-09-01) | OUT-OF-SCOPE: Croatia | 🐋 POWERMATIC GEM,FROZEN 2026-09-03 ⏳ PENDING_API,Imperial Brands / Imperial Tobacco
HR,HR-B-015,Velizo.hr,,,https://velizo.hr,green|200|563ms,,,,,,hurtownik,,,4,B8,średni,wysoki,,,,,,,,Sklep internetowy sprzedający elektryczne maszyny do napełniania papierosów.,,,,,2026-09-02,web-research,"GentleScout (""stroj za punjenje cigareta"" v); Gemini 2.5",2026-09-03 ⏳ PENDING_API,
HR,HR-B-016,Vatreni Shop,,,https://vatrenishop.hr,green|200|2214ms,,,,,,hurtownik,,,4,B8,średni,wysoki,,,,,,,,"Sklep internetowy sprzedający elektryczne maszyny do napełniania papierosów, w tym marki GERUI.",,,,,2026-09-02,web-research,"GentleScout (""stroj za punjenje cigareta"" v); Gemini 2.5",2026-09-03 ⏳ PENDING_API,
HR,HR-B-017,Multi-I,BE Amsterdam,Dukdalfweg 32,https://multi-i.eu,green|200|1704ms,,,,,,hurtownik,,,4,B8,średni,wysoki,,,,,,,,"B2B dystrybucja akcesoriów do palenia na wielko dla smoke shopów, trafiki, kiosków i headshopów. Oferuje wysokie marże, szybką dostawę z magazynu UE, ceny dystrybutorskie i rabaty handlowe.",,,,,2026-09-02,web-research,"GentleScout (""pribor za pušenje veleprodaja); Gemini 2.5; WEB:imprint",2026-09-03 ⏳ PENDING_API,
HR,HR-B-018,Bazinga Shop d.o.o. (Osijek),Osijek,"Glavna tržnica, 31000 Osijek, Hrvatska",https://bazinga-shop.eu,green|200|3135ms,,,,,,reseller,,,4,B8,średni,wysoki,,,,,,,,Sieć sklepów tytoniowych Tobacco Shop Bazinga (4 lokalizacje w Osijeku) z asortymentem akcesoriów tytoniowych i nabijarek.,,,,,2026-09-03,web-research,Manual intake search 2026-08-31 (extra-leads-HR.csv),2026-09-03 ⏳ PENDING_API,
RS,RS-A-001,GOLDEN MARKET d.o.o.,Beograd (Zvezdara),"Beograd-Zvezdara, Serbia (adres sedišta: APR Beograd)",http://www.goldenmarket.rs,green|200|5914ms,mały,www bez NIP,"APR Serbia, MB do potwierdzenia (PIB 107554579), delatnost 4690 Nespecijalizovana trgovina na veliko",RS 107554579,2012,reseller,PowerMatic 2+ | PowerMatic piese de schimb | PowerMatic mini (2 490 RSD) | PowerMatic 3+ (29 500 RSD) | PowerMatic 4 (15 000 RSD) | PowerMatic I+ Elite (8 400 RSD),,,A1,średni,,E-commerce (goldenmarket.rs) + WhatsApp/telefon,,Gordana Samočeta,Vlasnik kompanije (Owner),office@goldenmarket.rs,office@goldenmarket.rs,+381 11 2831 646,"🔥 OUT-OF-SCOPE LEAD — serbski e-com sprzedający PowerMatic 2+ (12 000 RSD ≈ 102 EUR). Właścicielka Gordana Samočeta. Założona 8.5.2012, Beograd-Zvezdara. Działalność 4690 (hurt). Małe przedsiębiorstwo. Sprzedaje też: filter tube (T&T Tobacco&Tube); lule i muštikle; drobilice; e-papierosy; tytoń. Pytanie dla CEO: skąd kupuje maszynki PowerMatic? Czy z BILLS PL (przez dystrybutora); czy bezpośrednio z fabryki; czy z innego źródła? | Brand/Web: goldenmarket.rs | Profil/Sourcing: E-commerce (goldenmarket.rs), Serbia. Sprzedaje Powermatic 2+ za 12 000 RSD (~102 EUR)",,https://www.facebook.com/goldenmarket.rs,,,2026-08-19,RS (dystrybucja krajowa),"companywall.rs/firma/golden-market-doo-beograd-zvezdara/MMlpEKR0 (2026-08-19, PIB 107554579, vlasnik Gordana Samočeta, delatnost 4690) + goldenmarket.rs (2026-08-19, sprzedaż PowerMatic 2+ 12 000 RSD) | OUT-OF-SCOPE: Serbia nie w scope 12 krajów CEE/Bałtyckich",(companywall.rs public) | ⚠️ OUT-OF-SCOPE: Serbia | 🔍 MUST-CHECK: skąd kupuje PowerMatic? 2026-09-03 ⏳ PENDING_API,
RS,RS-A-002,TR STAKI / Tobacco Shop Staki,Beograd (Voždovac),"Crnotravska 11, 11000 Beograd (Voždovac/Banjica)",https://svezaduvanstaki.rs,green|200|428ms,mały,www bez NIP,APR Serbia — do potwierdzenia w APR Beograd,,,hurtownik,Mašinice (rodzaj niepotwierdzony) | Filteri (Cubismo; Silver Star) | Rizle | Duvan za cigarete i lule | Tabakere | Muštikle | Upaljači,,,A2,średni,,Veleprodaja Crnotravska 11 + radnja + online,https://tobaccoshopstaki.rs/,Staki (właściciel — imię do potwierdzenia w APR),Vlasnik / osnivač,trgovinasalestaki@gmail.rs,trgovinasalestaki@gmail.rs,+381 11 452 70 33,🔥 LEAD BEZ POTWIERDZENIA POWERMATIC — TR STAKI to serbska veleprodaja + maloprodaja (Banjica/Voždovac Beograd). Strona wymienia mašinice bez sprecyzowania marki — potencjalnie sprzedaje PowerMatic / Rizla / Poket. Generalni zastupnik Cubismo filtera = powiązanie z producentem filtrów Cubismo. Warto zweryfikować w APR (PIB + vlasnik) i zapytać o marki maszynek. Potencjał B2B: jeśli importuje PowerMatic; BILLS PL może mieć szansę na dystrybucję w Serbii przez tę firmę. | Brand/Web: svezaduvanstaki.rs | Wszystkie telefony: +381 11 452 70 33 | +381 61 304 85 85 | +381 69 181 09 76 | Profil/Sourcing: Veleprodaja + maloprodaja (radnja + veleprodaja); Crnotravska 11; Beograd. Generalni zastupnik Cubismo filtera za Srbję.,,,https://www.instagram.com/tobaccoshopstaki/,,2026-08-19,RS (dystrybucja krajowa),"svezaduvanstaki.rs/ + tobaccoshopstaki.rs/ (2026-08-19, adres Crnotravska 11; tel +381 11 452 70 33; veleprodaja; generalni zastupnik Cubismo filtera) + radiopingvin.com (2026-08-19; trgovinasalestaki@gmail.com) | OUT-OF-SCOPE: Serbia",🆕 NEW | ⚠️ OUT-OF-SCOPE: Serbia | 🔍 DO SPRAWDZENIA: czy sprzedaje PowerMatic? 2026-09-03 ⏳ PENDING_API,
RS,RS-A-003,TAMARIS d.o.o.,Novi Sad,"Marka Miljanova 18, Novi Sad (sedište; veleprodaja centralna)",https://tamaris.co.rs,green|200|464ms,duży,www bez NIP,"APR Serbia — PIB 101634135, delatnost 4690 Nespecijalizovana trgovina na veliko (potwierdzone w registru uvoznika duvan.gov.rs)",RS101634135,2001,hurtownik,Mašinice za uvijanje i punjenje cigareta (rodzaj niepotwierdzony) | Cigraret filter tube | Filteri | Upaljači | Šibice | Super lepak | Hemijske olovke | Milka | Orbit | Nescafe | Mokate | Kinder | Chupa Chups | Pez | Gillette | Bic | Cricket,,,A4,średni,,B2B veleprodaja (distributer FMCG + trafikantski program),,Tamaris osnivač (imię do potwierdzenia w APR),Vlasnik / direktor,,info@tamaris.co.rs,,"🔥 TOP B2B LEAD — Tamaris d.o.o. Novi Sad to duży dystrybutor (FMCG + trafikantski program); 20+ lat. Strona wymienia mašinice za uvijanje i punjenje cigareta — potencjalnie sprzedaje PowerMatic. Potwierdzony w oficjalnym rejestrze uwoźników duvan.gov.rs. Skala B2B: dystrybucja do trafik w całej Serbii. Warto zweryfikować asortyment maszynek i ofertę dystrybucyjną. | Brand/Web: tamaris.co.rs | Telefon roboczy: +381 21 do potwierdzenia | Profil/Sourcing: Uvoz, veleprodaja i distribucija trafikantskog programa + FMCG (Milka; Orbit; Kinder itd). 20+ let na rynku.",,https://www.facebook.com/tamarisdoo/,,,2026-08-19,RS (dystrybucja krajowa),"duvan.gov.rs (2026-08-19, registar uvoznika srodnih proizvoda, PIB 101634135, Marka Miljanova 18 Novi Sad) + tamaris.co.rs (2026-08-19, uvoz-veleprodaja-distribucija, mašinice za uvijanje i punjenje cigareta, FMCG) | OUT-OF-SCOPE: Serbia",🆕 NEW | ⚠️ OUT-OF-SCOPE: Serbia | 🔍 DO SPR. PowerMatic | 🏆 TOP B2B 2026-09-03 ⏳ PENDING_API,
RS,RS-A-004,PrazneCigarete.com (tobacco shop online),Beograd (do potwierdzenia),Adres firmy do potwierdzenia w APR,https://praznecigarete.com,green|200|225ms,mały,www bez NIP,"APR Serbia — do potwierdzenia (prawdopodobnie povezano z Cartel Tobacco & CBD Shop, +381 66 55-00-557)",,,hurtownik,"Mašinice za cigarete (ručne i automatskie, marki niepotwierdzone) | Prazne cigarete sa filterom (Royk; Bele Tube) | Filteri (OCB; Smoking; Raw; Rizla+; Gizeh) | Rizle | Vauen filteri 9mm | Denitool alat za lulu | Pribor za pušenje",,,A2,średni,,E-commerce (praznecigarete.com) + maloprodaja (Cartel Shop),,Vlasnik do potwierdzenia w APR,Vlasnik e-commerce,,,+381 66 55-00-557,🆕 ONLINE LEAD — praznecigarete.com to serbski e-commerce + sieciowy retailer (Cartel Tobacco & CBD Shop). Sprzedaje maszynki (kategoria Mašinice za cigarete) ale marki nie są sprecyzowane. Potencjalnie sprzedaje PowerMatic. Potencjał: do zweryfikowania asortymentu i kontaktu. PIB i vlasnik do potwierdzenia w APR. | Wszystkie telefony: +381 66 55-00-557 (WhatsApp / Viber) | Profil/Sourcing: Online shop + maloprodaja (Cartel Tobacco & CBD Shop). Dystrybutor Royk praznih cigareta za Srbję.,,https://www.facebook.com/praznecigarete,,,2026-08-19,RS (dystrybucja krajowa),"praznecigarete.com (2026-08-19, mašinice za cigarete + prazne cigarete sa filterom + filteri OCB/Rizla/Gizeh) + praznecigarete.com/masinice-za-cigarete/ (2026-08-19, kategoria mašinica) | OUT-OF-SCOPE: Serbia",🆕 NEW | ⚠️ OUT-OF-SCOPE: Serbia | 🔍 DO SPR. PowerMatic | 🏷️ NO PIB 2026-09-03 ⏳ PENDING_API,
RS,RS-B-001,Umbrella Corporation Ltd.,Beograd,"Heroja Milana Tepića 3, Beograd (sedište; 15 lokali w Beogradu + Valjevo + Zemun)",https://umbrellashop.rs,red|timeout,duży,Jest NIP,"APR Serbia — PIB 106851710, wpisany w registar uvoznika srodnih proizvoda (duvan.gov.rs 15.1.2024)",RS106851710,,reseller,,,4,B4,średni,wysoki,Sieciowy retailer (15 lokali) + e-commerce + dystrybucja B2B (Flavour Art),,Direktor korporacije (imię do potwierdzenia w APR),Generalni direktor,,prodaja@umbrellashop.rs,+381 11 6558-124,"🏆 TOP B4 LEAD — Umbrella Corporation to największa serbska sieć e-papierosów (15 lokali + dystrybucja B2B Flavour Art). PIB potwierdzony w oficjalnym rejestrze. Cross-sell potencjał NISKI dla PowerMatic (nie sprzedają maszynek) ale WYSOKI dla e-liquid / akcesoriów do e-papierosów. Out-of-scope. | Brand/Web: umbrellashop.rs | Wszystkie telefony: +381 11 6558-124 | +381 11 6558-140 | +381 63 349-007 | +381 69 3699-645 | Profil/Sourcing: Regionalny lider w dystrybucji e-papierosów. Generalni zastupnik Flavour Art za Srbję; BiH; Makedonija; Crna Gorę. 15 lokali w Beogradu + sklepy w Valjevo i Zemun. Marki: Joyetech; Eleaf; Wismec; Vaporesso; Kangertech; Ritchy Liqua. | marki_nabijarki: NIE sprzedaje maszynek — fokus: e-papierosy, PUFFS, e-tečnosti (Flavour Art distributer za Srbję)",https://rs.linkedin.com/company/umbrella-corporation,https://www.facebook.com/umbrellashop.rs/,https://www.instagram.com/umbrellashop/,,2026-08-19,RS (dystrybucja krajowa),"duvan.gov.rs (2026-08-19, registar uvoznika srodnih proizvoda, PIB 106851710) + umbrellashop.rs (2026-08-19, regionalni lider Flavour Art 15 lokali) | OUT-OF-SCOPE: Serbia",🆕 NEW | ⚠️ OUT-OF-SCOPE: Serbia | 🏆 TOP B4 E-CIGARETY | 🔗 SIEĆ 2026-09-03 ⏳ PENDING_API,
RS,RS-B-002,Vape Shop DOO,Beograd,"Adres siedziby do potwierdzenia w APR (PIB 113161960 — wg duvan.gov.rs: Drinska 5, Novi Sad — ale operacyjnie z Beogradu vapeizla.rs Carice Milice 11)",https://vapeshop.rs,red|405,duży,Jest NIP,"APR Serbia — PIB 113161960, delatność handel e-papierosy + nikotynki + liquidy, wpisany w registar uwozników 15.1.2024",RS113161960,2022,hurtownik,,,4,B4,średni,wysoki,E-commerce (vapeshop.rs) + dystrybucja do 1700+ sklepów,https://www.vapeizla.rs/,Osnivač (imię do potwierdzenia w APR),Osnivač / Direktor,,prodaja@vapeshop.rs,,🏆 TOP B4 LEAD — Vape Shop DOO to jeden z największych dystrybutorów e-papierosów w Srbii (1700+ punktów sprzedaży!). Cross-sell: PowerMatic nie jest w ich asortymencie; ale liquidy i akcesoria e-papierosowe — tak. Out-of-scope dla BILLS PL. | Brand/Web: vapeshop.rs | Telefon roboczy: +381 do potwierdzenia | Profil/Sourcing: Jeden z największych dystrybutorów e-papierosów w Srbii. Od 2022 — w 1700+ punktach sprzedaży. Vape and Zla Shop (Carice Milice 11) to ich maloprodajny brand. | marki_nabijarki: NIE sprzedaje maszynek — fokus: e-papierosy (w tym jednorazowe); nikotynki; liquidy; akcesoria. Sieć 1700+ obiektów w Srbii (wg LinkedIn).,https://www.linkedin.com/company/vape-shop-doo,https://www.facebook.com/vapeshop.rs/,,,2026-08-19,RS (dystrybucja krajowa),"linkedin.com/company/vape-shop-doo (2026-08-19, vape shop doo osnovana sredinom 2022, 1700+ objekata) + duvan.gov.rs (2026-08-19, PIB 113161960) | OUT-OF-SCOPE: Serbia",🆕 NEW | ⚠️ OUT-OF-SCOPE: Serbia | 🏆 TOP B4 SCALE | 🔗 1700+ PUNKTÓW 2026-09-03 ⏳ PENDING_API,
RS,RS-B-003,Vape Mania,Beograd,8 lokali: Podzemni prolaz Albanija; BEO Shopping Center; UŠĆE Shopping Center; Ada Mall; Mercator; Rajićeva; Galerija; Delta City (Beograd) + Subotica Dimitrija Tucovića 8,https://vapemania.rs,green|200|305ms,duży,Jest NIP,APR Serbia — do potwierdzenia; outlet vape prvý w Srbii,,,reseller,,,4,B4,średni,wysoki,Sieciowy retailer (8+ lokali w centrach handlowych) + e-commerce,,Vlasnik / direktor (imię do potwierdzenia w APR),Direktor,,prodaja@vapemania.rs,+381 60 3699-967,🏆 TOP B4 LEAD — Vape Mania to największa sieć vape w Srbii (8 lokali w największych centrach handlowych). Outlets-only model; brak maszynek do papierosów. Cross-sell: PowerMatic raczej NIE; ale liquidy / PUFFS / akcesoria — tak. Out-of-scope. | Brand/Web: vapemania.rs | Profil/Sourcing: Pierwszy vape outlet w Srbii. 8 lokali w Beogradu + 1 w Suboticy. Region: Srbia; BiH; Makedonia; Crna Gora. | marki_nabijarki: NIE sprzedaje maszynek — fokus: PUFFS; e-papierosy; VOZOL; VBAR; ELISE. Outlets w centrach handlowych.,,https://www.facebook.com/vapemania.rs/,https://www.instagram.com/vapemania/,,2026-08-19,RS (dystrybucja krajowa),"vapemania.rs (2026-08-19, 8 lokali Beograd + Subotica, PUFFS; VOZOL; VBAR; ELISE; prodaja@vapemania.rs) + mercatorcentar.rs (2026-08-19; Vape Mania sprzedaje PUFFS) | OUT-OF-SCOPE: Serbia",🆕 NEW | ⚠️ OUT-OF-SCOPE: Serbia | 🏆 TOP B4 SIEĆ 2026-09-03 ⏳ PENDING_API,
RS,RS-B-004,Salt Vape (8 lokali),Beograd,8 lokali: Kneza Mihaila 2 (Terazije); Bulevar kralja Aleksandra 86; Vojislava Ilića 141 TC Beo; Bulevar Vudroa Vilsona 14 TC Galerija,https://www.saltvape.rs,red|dns,duży,www bez NIP,APR Serbia — do potwierdzenia,,,reseller,,,4,B4,średni,wysoki,Sieciowy retailer (8 lokali),,Vlasnik (imię do potwierdzenia),Vlasnik,,,+381 65 8240-353,Sieć 8 lokali w Beogradu; fokus e-papierosy. Brak PIB publicznie — do zweryfikowania w APR. Out-of-scope. | Wszystkie telefony: +381 65 8240-353 | +381 60 6262-521 | Profil/Sourcing: Sieć 8 lokali w Beogradu. Główna ekspozycja w centrum (Terazije; Zeleni Venac). | www: do potwierdzenia | marki_nabijarki: NIE sprzedaje maszynek — fokus: e-papierosy; e-tečnosti; akcesoria,,https://www.facebook.com/saltvape/,,,2026-08-19,RS (dystrybucja krajowa),"planplus.rs (2026-08-19, Salt Vape 8 lokali Beograd, Kneza Mihaila 2 Terazije, +381 65 8240-353) | OUT-OF-SCOPE: Serbia",🆕 NEW | ⚠️ OUT-OF-SCOPE: Serbia | 🏷️ NO PIB 2026-09-03 ⏳ PENDING_API,
RS,RS-B-005,Yala Habibi d.o.o.,Beograd,"Kneginje Zorke 41, Beograd (HQ) + Pere Todorovića 23 + Svetog Save 17",https://nargilashopbeograd.rs,green|200|277ms,średni,Jest NIP,"APR Serbia — PIB 108828706, MB 21075728, delatnost 4639 Nespecijalizovana trgovina hranom; pićem i duvanom. Spin-off z EL NIL COMPANY d.o.o. (2007).",RS108828706,2015,reseller,,,4,B5,średni,wysoki,E-commerce (nargilashopbeograd.rs) + sklep stacjonarny (Knjeginje Zorke 41) + kawiarnia,https://nargilashopbeograd.com/,Porodična firma (nazwisko do potwierdzenia w APR),Vlasnik (osnivač),order@nargilashopbeograd.rs,order@nargilashopbeograd.rs,+381 11 3441 585,🏆 TOP B5 LEAD — Yala Habibi (dawniej EL NIL Company) to wiodący serbski dystrybutor nargili / shishy / duvanu aromatycznego. Sklep stacjonarny w centrum Beogradu (Knjeginje Zorke 41) + e-commerce + kawiarnia. Pełne dane APR (PIB; MB; delatność) zweryfikowane. Out-of-scope; ale warto monitorować trendy shisha w Serbii. | Brand/Web: nargilashopbeograd.rs | Wszystkie telefony: +381 11 3441 585 | +381 60 374 7222 | Profil/Sourcing: Właściciel: EL NIL COMPANY d.o.o. (porodična firma z 2007). Yala Habibi d.o.o. wydzielona w 2015. Distrybutor + sklep detaliczny + kawiarnia. NIE sprzedaje PowerMatic; ale cross-sell duvan / lule / pribor możliwy. | marki_nabijarki: NIE sprzedaje maszynek — fokus: nargile (Aladin; Amy; Alpha Hookah; El Bomber; Blade Hookah); duvan za nargile (Al Fakher; Nakhla; Al Waha; 187 Tobacco; Starbuzz; Jibiar; Darkside); arome; ugalj; pribor. Ovlašćeni zastupnik za Srbję.,https://www.linkedin.com/company/el-nil-company,https://www.facebook.com/nargilashopbg/,,,2026-08-19,RS (dystrybucja krajowa),"nargilashopbeograd.rs/kontakt/ (2026-08-19, Yala Habibi d.o.o. Kneginje Zorke 41, PIB 108828706, MB 21075728, delatnost 4639) + linkedin.com/company/el-nil-company (2026-08-19, EL NIL COMPANY 2007; Yala Habibi spin-off 2015) + nargilashopbeograd.rs (2026-08-19, Aladin; Nakhla; Al Fakher; distributer za Srbję i BiH) | OUT-OF-SCOPE: Serbia",🆕 NEW | ⚠️ OUT-OF-SCOPE: Serbia | 🏆 TOP B5 SHISHA 2026-09-03 ⏳ PENDING_API,
RS,RS-B-006,Inhalika d.o.o.,Beograd (Meljak),Meljak; Ibarški put 68 (sedište; 3 lokale w Beogradu: Živka Davidovića 86 Zvezdara + 2 inne),https://inhalika.rs,red|dns,średni,www bez NIP,"APR Serbia — PIB 107508093, delatność e-papierosy, wpisana w registar uwozników srodnih proizvoda (duvan.gov.rs 15.1.2024)",RS107508093,,reseller,,,4,B4,średni,wysoki,Sieciowy retailer (3 lokale) + e-commerce,,Vlasnik (imię do potwierdzenia w APR),Vlasnik,,,+381 64 8278-163,Sieć 3 lokali e-papierosy w Beogradu. PIB potwierdzony w rejestrze. Out-of-scope. | ❓ niepotwierdzony e-mail znaleziony w źródle: inhalika@info (nie jest poprawnym adresem) | Brand/Web: inhalika.rs | Profil/Sourcing: Wpisana w oficjalny rejestr uwoźników duvan.gov.rs. 3 lokale w Beogradu. | www: do potwierdzenia | marki_nabijarki: NIE sprzedaje maszynek — fokus: e-papierosy; e-tečnosti; akcesoria,,https://www.facebook.com/inhalika/,,,2026-08-19,RS (dystrybucja krajowa),"duvan.gov.rs (2026-08-19, PIB 107508093, Meljak Ibarški put 68) + planplus.rs (2026-08-19, Inhalika 3 lokale Beograd, +381 64 8278-163) | OUT-OF-SCOPE: Serbia",🆕 NEW | ⚠️ OUT-OF-SCOPE: Serbia | 🏷️ NO WWW potwierdzony 2026-09-03 ⏳ PENDING_API,
RS,RS-B-007,RELX Distribution SEE d.o.o. (RELX Serbia),Novi Beograd,"Bulevar Mihajla Pupina 10v, Novi Beograd (sedište)",https://www.relx.com/rs,red|404,duży,Jest NIP,"APR Serbia — PIB 112483638, delatność dystrybucja e-papierosów RELX, wpisana w registar uwozników",RS112483638,,hurtownik,,,4,B4,średni,wysoki,Dystrybucja B2B (RELX brand) + e-commerce,,RELX regional manager (imię do potwierdzenia),Regional Manager SEE,,info@relx.rs,,Dystrybutor RELX (top marka e-papierosów) na Srbję + SEE. Out-of-scope dla BILLS PowerMatic; ale potencjalnie warto monitorować ceny RELX w regionie. | Telefon roboczy: +381 do potwierdzenia | Profil/Sourcing: Dystrybutor RELX na Srbję (SEE region). Marka premium w segmencie e-papierosów. Cross-sell: PowerMatic NIE; ale RELX Infinity 2 tak. | www: do potwierdzenia | marki_nabijarki: NIE sprzedaje maszynek — fokus: dystrybucja RELX e-papierosów i podów w Srbii,,https://www.facebook.com/RELXSerbia/,,,2026-08-19,RS (dystrybucja krajowa),"duvan.gov.rs (2026-08-19, PIB 112483638, Bulevar Mihajla Pupina 10v Novi Beograd) | OUT-OF-SCOPE: Serbia",🆕 NEW | ⚠️ OUT-OF-SCOPE: Serbia | 🏆 TOP B4 BIG BRAND 2026-09-03 ⏳ PENDING_API,
RS,RS-B-008,British American Tobacco South-East Europe d.o.o. (BAT SEE),Novi Beograd,"Bulevar Milutina Milankovića 1ž, Novi Beograd (sedište)",https://www.bat.com,green|200|302ms,duży,Jest NIP,"APR Serbia — PIB 100000065, delatność dystrybucja wyrobów tytoniowych BAT, wpisana w registar uwozników",RS100000065,,producent,,,5,B8,średni,wysoki,Dystrybucja B2B (hurt) + e-commerce BAT,,Regional director SEE (imię do potwierdzenia),Regional Director SEE,,info@bat.com,,Big Tobacco (BAT) na Srbję. Dystrybutor papierosów + glo + Velo. Out-of-scope. | Telefon roboczy: +381 do potwierdzenia | Profil/Sourcing: Córka British American Tobacco na SEE. Dystrybutor papierosów + urządzeń glo + saszetek nikotynowych Velo. Skala międzynarodowa. Out-of-scope dla BILLS PL. | marki_nabijarki: NIE sprzedaje maszynek — fokus: papierosy BAT (Lucky Strike; Pall Mall; Kent; Dunhill; Vogue); urządzenia grzewcze (glo); nikotynki (Velo),https://www.linkedin.com/company/british-american-tobacco,https://www.facebook.com/BATSerbia/,,,2026-08-19,RS (dystrybucja krajowa),"duvan.gov.rs (2026-08-19, PIB 100000065, Bulevar Milutina Milankovića 1ž Novi Beograd) | OUT-OF-SCOPE: Serbia",🆕 NEW | ⚠️ OUT-OF-SCOPE: Serbia | 🏆 BIG TOBACCO 2026-09-03 ⏳ PENDING_API,
RS,RS-B-009,Apride Hookah d.o.o.,Mladenovac,"Doktora Rusa 13, Mladenovac (varoš)",,,mały,www bez NIP,"APR Serbia — PIB 113192580, delatność hookah / nargile, wpisana w registar uwozników srodnih proizvoda (duvan.gov.rs 15.1.2024)",RS113192580,2014,hurtownik,,,4,B5,średni,wysoki,Dystrybucja B2B (hookah),,Vlasnik (imię do potwierdzenia),Vlasnik,,,,Mali dystrybutor hookah w Mladenovacu. PIB potwierdzony. Out-of-scope. | Telefon roboczy: +381 do potwierdzenia | facebook: do potwierdzenia | marki_nabijarki: NIE sprzedaje maszynek — fokus: nargile; pribor; hookah,,https://www.facebook.com/,,,2026-08-19,Mali importer/distrybutor hookah. Sedište w Mladenovacu (przedmieścia Beogradu).,"duvan.gov.rs (2026-08-19, PIB 113192580, Doktora Rusa 13 Mladenovac) | OUT-OF-SCOPE: Serbia",🆕 NEW | ⚠️ OUT-OF-SCOPE: Serbia | 🏷️ NO WWW 2026-09-03 ⏳ PENDING_API,
RS,RS-B-010,Pezeta,Novi Sad,3 lokale: Hadži Ruvimova 27; Bulevar cara Lazara 92; Narodnog fronta 4 (Novi Sad),https://www.pezeta.rs/page1.html,green|200|502ms,mały,www bez NIP,APR Serbia — do potwierdzenia,,,reseller,,,4,B6,średni,średni,Sieciowy retailer (3 lokale) + e-commerce,,Vlasnik (imię do potwierdzenia),Vlasnik,,,,Sieć 3 trafik/tobacco w Novym Sadzie. Sprzedaje duvan; filteri; pribor. Out-of-scope. | Brand/Web: pezeta.rs | Telefon roboczy: +381 do potwierdzenia | Profil/Sourcing: 3 lokale w Novym Sadzie. Sklep stacjonarny + online. Skala: regionalna (Vojvodina). Out-of-scope dla BILLS PL. | marki_nabijarki: Duvan rezani; Rizle; Filteri za motanje (OCB; Smoking; Raw; Rizla+; Gizeh); Pribor za pušenje (muštikle; oprema za lule); Prazne cigarete (Royk),,https://www.facebook.com/pezetans/,,,2026-08-19,RS (dystrybucja krajowa),"pezeta.rs (2026-08-19, 3 lokale Novi Sad, duvan + rizle + filteri) | OUT-OF-SCOPE: Serbia",🆕 NEW | ⚠️ OUT-OF-SCOPE: Serbia | 🏷️ NO PIB 2026-09-03 ⏳ PENDING_API,
RS,RS-B-011,GrafArt d.o.o. (Trafike GrafArt / trafika.online),Beograd (Zvezdara),"Zrenjaninski put 84c, 11210 Beograd",https://www.trafika.online,green|200|838ms,średni,Jest NIP,"APR Serbia — PIB 105459276, MB 20385944, delatność sieć trafik",RS105459276,,reseller,,,4,B6,średni,średni,Sieciowy retailer (trafiki) + e-commerce (trafika.online),,Grafart osnivač (imię do potwierdzenia),Osnivač / Direktor,,,,🏆 TOP B6 LEAD — GrafArt to sieć trafik/convenient shop w Srbii z e-commerce. Pełen asortyment tytoniowy włącznie z mašinice za uvijanje. Out-of-scope dla BILLS PL ale warto monitorować ceny rynkowe. | Telefon roboczy: +381 do potwierdzenia | Profil/Sourcing: Sieć trafik/convenient/gift shop — rozszerza się w największych miastach Srbii. Online shop + lokale stacjonarne. Asortyment pełny (duvan; lule; mašinice). | marki_nabijarki: Duvan; Cigarete; Cigare; Cigarilosi; Upaljači; Šibice; Lule; Duvan za lule; Oprema za lule; Rizle; Papir za uvijanje; Filteri; Mašinice za uvijanje (rodzaj niepotwierdzony),,https://www.facebook.com/grafartdoo/,,,2026-08-19,RS (dystrybucja krajowa),"poslovi.infostud.com/poslodavac/grafart/10874 (2026-08-19, Zrenjaninski put 84c Beograd, PIB 105459276, MB 20385944; sieć trafik; mašinice za uvijanje) + trafika.online (2026-08-19, e-commerce, rezani duvan + prazne cigarete) | OUT-OF-SCOPE: Serbia",🆕 NEW | ⚠️ OUT-OF-SCOPE: Serbia | 🏆 TOP B6 SIEĆ 2026-09-03 ⏳ PENDING_API,
RS,RS-B-012,Aficionado / Zojla d.o.o.,Beograd,"Čarlija Čaplina 1, Beograd (Palilula) + Libertador Cigar World (Gospodar Jevremova 50) + Libertador Cigar Lounge (Strahinjića Bana 2) + La Casa del Habano (Knjeginje Zorke 2)",https://aficionado.rs,green|200|523ms,mały,www bez NIP,"APR Serbia — do potwierdzenia (wiele lokalnych cigar shopów, mix właścicieli)",,,detalista,,,2,B2,średni,niski,Specialty retail (cigars) + e-commerce,,Zojla d.o.o. vlasnik (imię do potwierdzenia),Vlasnik,,,+381 64 151 5333,Segment premium cigar shop w Beogradu. Zojla d.o.o. i Libertador to prawdopodobnie osobne firmy — do zweryfikowania w APR. Out-of-scope. | Brand/Web: aficionado.rs | Wszystkie telefony: +381 64 151 5333 | +381 64 277 7765 | +381 63 530 807 | +381 11 383 0533 | marki_nabijarki: Cigary premium (La Casa del Habano; Davidoff; Cuban); Lule; Duhanski pribor premium; Premium spirits,,https://www.facebook.com/aficionado.beograd/,,,2026-08-19,Cigar shop & spirits — segment premium. Mix właścicieli (Zojla d.o.o. + Libertador + La Casa del Habano). Wysoki AOV. Out-of-scope.,"aficionado.rs/distributivna-mesta/ (2026-08-19, Aficionado + Libertador Cigar World + La Casa del Habano, Beograd) | OUT-OF-SCOPE: Serbia",🆕 NEW | ⚠️ OUT-OF-SCOPE: Serbia | 🏷️ NO PIB 2026-09-03 ⏳ PENDING_API,
RS,RS-B-013,Top E Cigarete d.o.o.,Beograd,Adres siedziby do potwierdzenia w APR,https://www.topecigarete.rs,green|200|1120ms,mały,www bez NIP,APR Serbia — do potwierdzenia,,2009,hurtownik,,,4,B4,średni,wysoki,E-commerce + import B2C,,Vlasnik (imię do potwierdzenia),Vlasnik,,topecigarete@gmail.com,,Importer e-papierosów + e-commerce. Out-of-scope. | Brand/Web: topecigarete.rs | Telefon roboczy: +381 do potwierdzenia | marki_nabijarki: NIE sprzedaje maszynek — fokus: import + on-line sprzedaż e-papierosów i e-tečnosti (KangerTech; Vision; VapeOnly; Eleaf; KTS),,https://www.facebook.com/topecigarete/,,,2026-08-19,Top E Cigarete to importer + sklep online. Specjalizacja: premium e-papierosy + liquidy. Out-of-scope.,"topecigarete.rs/o-nama/ (2026-08-19, Top E Cigarete doo Beograd, uvoz + on-line, KangerTech; Vision; VapeOnly; Eleaf; KTS; topecigarete@gmail.com) | OUT-OF-SCOPE: Serbia",🆕 NEW | ⚠️ OUT-OF-SCOPE: Serbia | 🏷️ NO PIB 2026-09-03 ⏳ PENDING_API,
RS,RS-B-014,Smart Vape,Beograd,"Adres do potwierdzenia (prawdopodobnie Jug Bogdanova 5-7, Savski Venac)",https://smartvape.store,red|timeout,mały,www bez NIP,APR Serbia — do potwierdzenia,,,reseller,,,4,B4,średni,wysoki,Sieciowy retailer (3 lokale) + e-commerce,,Vlasnik (imię do potwierdzenia),Vlasnik,,,+381 11 670 5553,Sieć 3 lokali e-papierosy w Beogradu. Out-of-scope. | Profil: smartvape.store | Wszystkie telefony: +381 11 670 5553 (planplus.rs) | Profil/Sourcing: 3 lokale w Beogradu. Out-of-scope. | marki_nabijarki: NIE sprzedaje maszynek — fokus: e-papierosy; e-tečnosti; akcesoria,,https://www.facebook.com/smartvape/,,,2026-08-19,RS (dystrybucja krajowa),"smartvape.store (2026-08-19, smart vape beograd e-papierosy) + planplus.rs (2026-08-19, Smart Vape Jug Bogdanova 5-7, +381 11 670 5553, 3 lokale) | OUT-OF-SCOPE: Serbia",🆕 NEW | ⚠️ OUT-OF-SCOPE: Serbia | 🏷️ NO PIB 2026-09-03 ⏳ PENDING_API,
RS,RS-B-015,Royal Hookah Lounge,Beograd,Lokalizacja w centrum Beogradu (Stari Grad) — adres do potwierdzenia,https://royalloungebelgrade.com,green|200|1556ms,mały,www bez NIP,APR Serbia — do potwierdzenia (firma rodzinna / pojedynczy przedsiębiorca),,2016,detalista,,,4,B5,średni,wysoki,Hospitality (shisha lounge),,Vlasnik (imię do potwierdzenia),Vlasnik,,,+381 11 407 5199,Shisha bar w Stari Grad. Out-of-scope. | Brand/Web: royalloungebelgrade.com | Profil/Sourcing: Shisha bar & lounge w centrum Beogradu (Stari Grad). Otwarty 2016. Cena nargili 600 din (~5 EUR). Out-of-scope. | marki_nabijarki: NIE sprzedaje maszynek — fokus: nargile (hookah); kawa; drinki; koktajle. Nargila od 600 din.,,,https://www.instagram.com/royalloungebelgrade/,,2026-08-19,RS (dystrybucja krajowa),"royalloungebelgrade.com (2026-08-19, Royal Lounge Beograd, shisha bar 2016, nargila 600 din) | OUT-OF-SCOPE: Serbia",🆕 NEW | ⚠️ OUT-OF-SCOPE: Serbia | 🏷️ NO PIB 2026-09-03 ⏳ PENDING_API,
RS,RS-B-016,Julieta D.O.O.,Julieta D.O.O. Naslovna Novosti Prodajna,,https://julieta.biz,green|200|780ms,,,,,,hurtownik,,,3,B5,średni,średni,B2B wholesale,,,,,davidoff_belgrade@julieta.biz,+381 62 202 282,"RS leading premium cigars importer/distributor, La Casa del Habano franchise, 3 Belgrade locations",,,,,,manual-google-search-2026-09-01,WEB:imprint,FROZEN 2026-09-03 ⏳ PENDING_API,
RS,RS-B-017,INGRAS DOO,,,https://www.europages.co.uk/companies/serbia/tobacco.html,green|200|708ms,,,,,,hurtownik,,,3,B5,średni,średni,B2B wholesale,,,,,,,"RS regional tobacco wholesale + sensors (Novi Sad, 1992)",,,,,,manual-google-search-2026-09-01,,FROZEN 2026-09-03 ⏳ PENDING_API,
RS,RS-B-018,CVIJIĆ KOMERC,,,https://www.europages.co.uk/companies/serbia/tobacco.html,green|200|751ms,,,,,,hurtownik,,,3,B5,średni,średni,B2B wholesale,,,,,,,"RS wholesale tobacco, Banatsko Novo Selo",,,,,,manual-google-search-2026-09-01,,FROZEN 2026-09-03 ⏳ PENDING_API,
RS,RS-B-019,B.M.D. d.o.o.,,,https://www.europages.co.uk/companies/serbia/tobacco.html,green|200|688ms,,,,,,hurtownik,,,3,B5,średni,średni,B2B wholesale,,,,,,,"RS wholesale tobacco, Belgrade",,,,,,manual-google-search-2026-09-01,,FROZEN 2026-09-03 ⏳ PENDING_API,
RS,RS-B-020,Julieta D.O.O.,Beograd,"Kneginje Zorke 2, 11000 Beograd (HQ)",https://julieta.biz,green|200|633ms,,,,,,hurtownik,,,5,B2,średni,wysoki,B2B wholesale,,,,,office@julieta.biz,+381 11 3830 533,"RS exclusive Habanos + Davidoff importer. 700+ retail points (HoReCa, petrol stations, shopping centers). Also rolling & pipe tobacco + luxury accessories. Cross-sell: packaging, rolling accessories.",,,,,,manual-google-search-2026-09-01-repeated,,FROZEN 2026-09-03 ⏳ PENDING_API,
RS,RS-B-021,DIREKTNA TRGOVINA d.o.o.,Beograd,"Beograd (Zemun), Srbija",,,,,,,,hurtownik,,,3,B2,średni,średni,B2B wholesale,,,,,,,RS tobacco wholesale from Kompass listing.,,,,,,manual-google-search-2026-09-01-repeated,,DO-WERYFIKACJI 2026-09-03 ⏳ PENDING_API,
RS,RS-B-022,B.M.D. d.o.o.,Beograd,"Beograd (Novi Beograd), Srbija",,,,,,,,hurtownik,,,3,B2,średni,średni,B2B wholesale,,,,,,,RS tobacco wholesale from Kompass listing.,,,,,,manual-google-search-2026-09-01-repeated,,DO-WERYFIKACJI 2026-09-03 ⏳ PENDING_API,
RS,RS-B-023,TR Staki d.o.o.,Beograd,"Crnotravska 11, 11000 Beograd",https://tobaccoshopstaki.rs,green|200|388ms,średni,Jest NIP,,,,hurtownik,,,4,B5,mały,wysoki,B2B wholesale + retail,,,,,trgovinasalestaki@gmail.rs,+381 11 452 70 33,"Veleprodaja duvana, mašinica, upaljača i svega ostalog. Prodaje Gizeh masinice (ključna marka za PowerMatic!). Sirok izbor duvana, mašinica, upaljača. 2 lokala w Beogradzie. Kontakt: trgovinasalestaki@gmail.rs | marki_nabijarki: Gizeh, masinice, rizli, upaljači, tabakere",,,,,2026-09-01,manual-google-search-2026-09-01-repeat,tobaccoshopstaki.rs (2026-09-01),FROZEN 2026-09-03 ⏳ PENDING_API,
RS,RS-B-024,Dinamic Tobacco d.o.o.,Beograd,Beograd (adres do weryfikacji w APR),https://www.dinamictobacco.rs,green|200|762ms,średni,www bez NIP,,,,hurtownik,,,3,B5,duży,średni,B2B wholesale,,,,,,,"Dystrybutor duvana premium za motanje w Serbii i regionie. ""Od tada Dinamic Tobacco doo posluje izuzetno uspešno na teritoriji Srbije kao i regionu."" URL zwraca HTTP 403 — strona może być zablokowana lub przeciążona. | marki_nabijarki: duvan za motanje, premium duvan",,,,,2026-09-01,manual-google-search-2026-09-01-repeat,"dinamictobacco.rs (HTTP 403, 2026-09-01)",DO-WERYFIKACJI 2026-09-03 ⏳ PENDING_API,
