related_to,rok_zalozenia,id_unikalne,kategoria,nazwa_firmy,kraj,miasto,adres,nip_vat,rejestr_id,www,kanal_zamiennik,email,telefon,linkedin,facebook,instagram,tiktok,tier,marki_nabijarki,marka_wlasna_oem,sourcing,wolumen,confidence_wolumen,kanal_sprzedaży,powinowactwo_nabijarki,cross_sell_potential,decydent,stanowisko,email_decydent,zrodlo_danych,data_weryfikacji,flagi,notatki,rynek_skala
,2023,PL-A-001,A1,BILLS SPÓŁKA Z OGRANICZONA ODPOWIEDZIALNOŚCIĄ,PL,Ostrzeszów,"ul. Ignacego Daszyńskiego 31, 63-500",PL5140361901,KRS 0001074645,https://www.bills.pl,brak,finanse@bills.pl,+48 62 586 07 38,brak,brak,brak,,wyłączność,"PowerMatic, SMOKS tobacco aromas, Intenze e-liquid",nie,Polska producent (PowerMatic via PL/CCE exclusive),duży,🟢,bills.pl,,n/a,,właściciel/CEO,,KRS API + NIP + www.bills.pl + VIES | VIES confirmed 2026-08-11T00:18:52.937Z | KRS API 0001074645 (partial),2026-08-10,2026-08-18 ✅ FROZEN (API),Wyłączny autoryzowany dystrybutor PowerMatic w PL i CEE; w ofercie też SMOKS (aromaty tytoniowe) i Intenze (e-liquidy). Ostrzeszów. | cf detail: exclusive PL+CEE (BILLS),duży
,2004,PL-A-002,A5,BISTA STANDARD SPÓŁKA Z OGRANICZONA ODPOWIEDZIALNOŚCIĄ,PL,Bydgoszcz,"ul. Smoleńska 29, 85-871",PL5542559901,KRS 0000197822,https://bista.pl,brak,biuro@bista.pl,+48 52 360 71 15,brak,https://facebook.com/bistastandard,https://instagram.com/bistastandard,,producent,"Dark Horse, FERN (własne marki)",tak (Dark Horse + FERN),Polska producent,duży,🟢,Intertabac wystawca,,n/a,Adam Jacek Stawowski,Prezes Zarządu / Chairman,biuro@bista.pl,KRS API + VIES | KRS API 0000197822 (partial),2026-08-17,2026-08-18 ✅ FROZEN (API),"🐋🔍 | dual-class: BISTA=A5 producer (Dark Horse/FERN OEM) + B8 hurtownik — keep in both per dual-business model | Producent i dystrybutor Dark Horse, gilzy, filtry, bletki. Dział eksportu: Marta Szałajda. | cf detail: eksport do 70 krajów",duży
,2023,PL-A-003,A4,E-TABAK SPÓŁKA Z OGRANICZONA ODPOWIEDZIALNOŚCIĄ,PL,Piaseczno,"ul. Kościuszki 4, 05-500 Piaseczno",PL1231543801,KRS 0001068075,https://e-tabak.pl,sieć 25+ sklepów + Allegro,biuro@e-tabak.pl,+48 573 180 220,brak,brak,brak,,reseller,do weryfikacji,import (Chiny + UE),duży 🟢 (sieć 25+ sklepów),duży,🟢,brak,,do ustalenia,prezes zarządu,PREZES ZARZĄDU,,KRS API + VIES | VIES confirmed 2026-08-11T00:18:50.580Z | KRS API 0001068075 (partial),2026-08-10,2026-08-18 ✅ FROZEN (API),"Sieć 25+ sklepów vape/CBD/e-papierosy/shisha w woj. mazowieckim, lubelskim i wielkopolskim (Piaseczno, Pruszków, Góra Kalwaria, Konstancin-Jeziorna, Garwolin, Warszawa, Tomaszów Lubelski, Zamość, Hrubieszów, Grodzisk Maz., Józefosław, Grójec, Mińsk Maz., Poznań, Józefów, Radom, Kozienice, Chełm, Dęblin, Pionki, Węgrów, Siedlce). PKD: 47.26.Z detal tytoń + 46.39.Z hurt + 47.91.Z internet. . ⚠️ Nie maszynki wprost, ale jest topowy kandydat cross-sell (sieć sklepów z akcesoriami dla palaczy) — kanał sprzedaży dla PM/Hawk. | KRS i NIP zgodne z listą. Brak innych danych. Rejestracja 2023-11-07. Weryfikacja co konkretnie sprzedaje i skąd importuje",duży
,,PL-A-004,A4,Trober Polska Patrick Chrabkowski,PL,Kaliska,"ul. Firmowa 2, 83-260 Kaliska",PL5922192789,CEIDG (NIP 5922192789),https://trober-polska.pl,,biuro@trober-polska.pl,+48 58 587 85 14; +48 502 323 283,,,,,autoryzowany,,,Chiny,średni,🟢,B2B only,,,Patrick Chrabkowski,Właściciel / Anna Skarbek-Warda (Krajowa sprzedaż),patrick.chrabkowski@trober-polska.pl,CEIDG API (NIP 5922192789),2026-08-14,2026-08-18 ✅ FROZEN (API),"Importer zapalniczek i zapalarek oraz akcesoriów dla palaczy z Niemiec (HEINZ TRÖBER GmbH & Co.); sprzedaż hurtowa i detal. Kaliska, pomorskie. | alt email: anna.skarbek@troeber.com",duży
,,PL-A-005,A4,TABAK GRUPA SPÓŁKA Z OGRANICZONĄ ODPOWIEDZIALNOŚCIĄ,PL,Kalisz,"ul. Złota 126, 62-800 Kalisz",PL6181914183,KRS 0000119343,https://trafika.pl,,biuro@skleptytoniowy.pl,+48 62 767 46 07,,,,,hurtownik,,,mix,średni,🟢,mix,,,,PREZES ZARZĄDU,,KRS API / CEIDG API + web search 2026-08-17,2026-08-17,2026-08-18 ✅ FROZEN (API),"Sklep tytoniowy online (trafika.pl): 250+ pozycji wyrobów tytoniowych, papierosy, tabaka (Bernard, Captain Black, Gawith, Ozona); hurt i detal. Kalisz.",duży
,,PL-A-006,A4,"PRZEDSIĘBIORSTWO HANDLOWO-USŁUGOWE ""B.J.B."" SPÓŁKA Z OGRANICZONĄ ODPOWIEDZIALNOŚCIĄ",PL,Koszalin,"ul. Klonowa 1, 75-644 Koszalin",PL6692127776,KRS 0000121182,http://www.bjb.pl,,zamowienia@bjb.verde.pl,+48 94 340 49 04,,,,,reseller,,,mix,duży,🟢,mix,,,Dział zamówień,Dystrybucja regionalna,,KRS API / CEIDG API + web search 2026-08-17,2026-08-17,2026-08-18 ✅ FROZEN (API),Potencjalnie duży zasięg północno-zachodni; potwierdzić aktualny asortyment RYO/MYO.,duży
,,PL-A-007,A4,Prosmoker Jarosław Szulc,PL,Warszawa,"ul. Korkowa 167/204, 04-549 Warszawa",PL1132559176,CEIDG (NIP 1132559176),https://www.prosmoker.pl,,prosmokerhurt@gmail.com,+48 507 208 897; +48 690 328 062,,,,,reseller,,,mix,średni,🟢,mix,,,,,,CEIDG API (NIP 1132559176),2026-08-14,2026-08-18 ✅ FROZEN (API),"Sklep i hurtownia e-papierosów oraz hurtownia CBD w Warszawie: e-papierosy, liquidy, premixy, longfille, sole nikotynowe, papierosy jednorazowe, woreczki nikotynowe.",duży
,,PL-A-008,A4,"""CK COMPLEX"" SPÓŁKA Z OGRANICZONĄ ODPOWIEDZIALNOŚCIĄ",PL,Zielona Góra,"ul. Naftowa 4, 65-705 Zielona Góra",PL9291744080,KRS 0000237218,https://ckcomplex.pl,,monika.wachel@ckcomplex.pl,+48 511 881 411; +48 515 377 435,,,,,reseller,,,mix,duży,🟢,B2B only,,,Monika Wachel,Dyrektor ds. sprzedaży hurtowej,,KRS API / CEIDG API + web search 2026-08-17,2026-08-17,2026-08-18 ✅ FROZEN (API),"Polski lider dystrybucji e-papierosów i producent własnych liquidów (Dark Line, Pinky Salt, Fusion Labs); import e-papierosów i zapalniczek; B2B. Zielona Góra. | alt email: b2b@ckcomplex.pl",duży
,,PL-A-009,A4,IGNIS COMPANY SPÓŁKA Z OGRANICZONĄ ODPOWIEDZIALNOŚCIĄ,PL,Warszawa,"ul. Szamocka 10C, 01-748 Warszawa",PL5252995077,KRS 0001091098,https://ignistobacco.pl,,sekretariat@eignis.pl,+48 44 777 00 30; +48 601 373 745,,,,,marketplace,,,Chiny,średni,🟢,mix,,,Łukasz Maciejczyk / CEO / właściciel | Justyna Maciejczyk / CEO / zamówienia,PREZES ZARZĄDU,,KRS API / CEIDG API + web search 2026-08-17,2026-08-17,2026-08-18 ✅ FROZEN (API),"Polski producent filtrów papierosowych i gilz dla rynku tytoniowego; siedziba Warszawa (ul. Szamocka 10C/128), CEO Łukasz Maciejczyk. | alt email: zamowienia@eignis.pl",duży
,,PL-A-010,A4,I-WANT SPÓŁKA Z OGRANICZONĄ ODPOWIEDZIALNOŚCIĄ,PL,,"Magazynowa 10, 62-030 Luboń",PL7831904759,KRS 0001107505,https://i-want.pl,,hurt@i-want.pl,+48 500 528 972; +48 513 954 493 wew. 4,,,,,reseller,,,mix,mały,🟢,B2B only,,,Dział hurtowy,Sprzedaż B2B,,KRS API / CEIDG API + web search 2026-08-12,2026-08-14,2026-08-18 ✅ FROZEN (API),"Bezpośredni importer z Chin i UE; hurtownia online elektroniki, małego AGD/RTV, zabawek, akcesoriów dla niemowląt i motoryzacyjnych. Luboń k. Poznania.",duży
,,PL-A-011,A4,PIOTR KRĘTOWSKI,PL,,Polska (Adres w rejestrze KRS/CEIDG),PL5422935796,CEIDG (NIP 5422935796),https://www.intersmokerhurt.pl,,kontakt@intersmokerhurt.pl,+48 154140039,,,,,reseller,,,mix,,🔴,B2B only,,,,,,CEIDG API (NIP 5422935796),2026-08-14,2026-08-18 ✅ FROZEN (API),"Hurtownia e-papierosów B2B (PHU Maximus): papierosy jednorazowe wielu marek, premixy, aromaty, bazy, shoty nikotynowe; 15 punktów odbioru w PL.",duży
,,PL-A-012,A4,GRZEGORZ MUŻYK,PL,,Polska (Adres w rejestrze KRS/CEIDG),PL6312426137,CEIDG (NIP 6312426137),https://www.epapierosy-hurt.pl,,j@email.com,+48 177334242,,,,,reseller,,,mix,,🔴,B2B only,,,,,,CEIDG API (NIP 6312426137),2026-08-14,2026-08-18 ✅ FROZEN (API),"Profesjonalna hurtownia e-papierosów i CBD (B2B): liquidy na solach, żelki CBD Biocanna, zapalniczki benzynowe; dystrybutor Vape.",duży
,,PL-A-013,A4,ENZO VAPE CITY SPÓŁKA Z OGRANICZONĄ ODPOWIEDZIALNOŚCIĄ,PL,,"WOJSKA POLSKIEGO 74 M2, 78-200 BIAŁOGARD",PL6722094396,KRS 0000845347,https://www.e-enzo.pl,,biuro@e-enzo.pl,+48 515 205 569,,,,,reseller,,,mix,,🔴,B2B only,,,,PREZES ZARZĄDU,,KRS API (KRS 0000845347),2026-08-17,2026-08-18 ⚠️ DO-WERYFIKACJI (API),"Hurtownia elektronicznych papierosów w Białogradzie - „największa w Polsce""; e-papierosy, liquidy, akcesoria; B2B i detal.",duży
,,PL-A-014,A4,PROMOTORZY TRADING SPÓŁKA Z OGRANICZONĄ ODPOWIEDZIALNOŚCIĄ,PL,Warszawa,"ul. Odrowąża 15, 03-310 Warszawa",PL5242751528,KRS 0000422037,https://www.dym.pl,,filter@pl.html,+48 178397622,,,,,reseller,,,mix,,🔴,B2B only,,,,PREZES ZARZĄDU,,KRS API / CEIDG API + web search 2026-08-17,2026-08-17,2026-08-18 ✅ FROZEN (API),"Sieć Smoke Shopów i sklep dym.pl (Promotorzy Trading): bibułki, shishy, bongi, fajki, snus, premixy; siedziba przy ul. Marywilskiej, Warszawa.",duży
,,PL-A-015,A4,JAKUB KRAWCZYK,PL,,Polska (Adres w rejestrze KRS/CEIDG),PL4990696800,CEIDG (NIP 4990696800),https://www.drkonopny.pl,,biuro@drkonopny.pl,+48 162746852,,,,,reseller,,,mix,,🔴,B2B only,,,,,,CEIDG API (NIP 4990696800),2026-08-14,2026-08-18 ✅ FROZEN (API),"Sklep CBD: olejki 3-30% z atestami, susz konopny, pre-rollsy, kwiaty CBG, olejki dla zwierząt; 418 produktów. Koszalin, ul. Zwycięstwa.",duży
,,PL-A-016,A4,PIOTR MOŁONIEWICZ,PL,,Polska (Adres w rejestrze KRS/CEIDG),PL1132986837,CEIDG (NIP 1132986837),https://www.cybuchshisha.pl,,sklep@cybuchshisha.pl,+48 178213104,,,,,reseller,,,mix,,🔴,B2B only,,,,,,CEIDG API (NIP 1132986837),2026-08-14,2026-08-18 ✅ FROZEN (API),"Stacjonarny i online sklep z fajkami wodnymi w Warszawie: shishy, cybuchy, melasy, tytonie, węgielki, HMD, akcesoria; Piotr Mołoniewicz (15 lat doświadczenia).",duży
,,PL-A-017,A4,ALPERATA SPÓŁKA Z OGRANICZONĄ ODPOWIEDZIALNOŚCIĄ,PL,Łódź,"ul. Rewolucji 1905 r. 59, 90-216 Łódź",PL7282844071,KRS 0000835586,https://www.bulut.zone,,info@bulut.zone,+48 325058878,,,,,reseller,,,mix,,🔴,B2B only,,,,PREZES,,KRS API / CEIDG API + web search 2026-08-17,2026-08-17,2026-08-18 ✅ FROZEN (API),"Sklep vape & shisha (bulut.zone): fajki wodne Mr.Eds, kamyczki Ice Rockz, e-papierosy, liquidy; hasło „Poczuj się w chmurze"". Łódź.",duży
,,PL-A-018,A4,"SPÓŁDZIELNIA ""BIELSIN""",PL,Bielsko-Biała,"ul. Strażacka 35, 43-382 Bielsko-Biała",PL5470083919,KRS 0000115372,https://www.bielsin.pl,,info@bielsin.pl,+48 242869739,,,,,reseller,,,mix,,🔴,B2B only,,,,PREZES ZARZĄDU,,KRS API / CEIDG API + web search 2026-08-17,2026-08-17,2026-08-18 ✅ FROZEN (API),"Spółdzielnia produkująca z tworzyw sztucznych i metali: środki ochrony indywidualnej, akcesoria tytoniowe, złącza energetyczne, podzespoły motoryzacyjne. Bielsko-Biała.",duży
,,PL-A-019,A4,ATG Wojciech Pater,PL,,Polska (Adres w rejestrze KRS/CEIDG),PL5542718417,CEIDG 365525180,https://www.atgdystrybucja.pl,,atg.zamowienia@gmail.com,+48 749696972,,,,,reseller,,,mix,,🔴,B2B only,,,,,,KRS API / CEIDG API + web search 2026-08-10,2026-08-14,2026-08-18 ✅ FROZEN (API),"Hurtownia B2B e-papierosów (od 2016): pody, liquidy, liquidy na solach, akcesoria vapowania i tytoniowe; marka VBar.",duży
,,PL-A-020,A4,STOPOL SPÓŁKA Z OGRANICZONĄ ODPOWIEDZIALNOŚCIĄ SPÓŁKA KOMANDYTOWA,PL,Malbork,"al. Wojska Polskiego 494-496, 82-200 Malbork",PL5790006978,KRS 0000536165,https://stopol.pl,,stopol@stopol.plnip,+48 58 333 48 05,,,,,reseller,OCB,,mix,mały,🟢,B2B only,,,,Członek Zarządu,,KRS API / CEIDG API + web search 2026-08-17,2026-08-17,2026-08-18 ✅ FROZEN (API),"Hurtownia FMCG od 1989: art. spożywcze, przemysłowe, higieniczne, tytoniowe, farmaceutyki OTC, karty prepaid; portal B2B. Malbork + Gdańsk, Starogard, Bydgoszcz.",duży
,,PL-A-021,A4,BENIAMIN BUGNO,PL,BRZYSKA,"BŁAŻKOWA 9, 38-212 BRZYSKA",PL6852336998,CEIDG (NIP 6852336998),https://www.bensonstrade.pl,,brzyskabensonstrade.pl@gmail.comtel,+48 662 405 220,,,,,reseller,Gerui,Gerui,mix,mały,🟢,B2B only,,,,,,CEIDG API (NIP 6852336998),2026-08-14,2026-08-18 ✅ FROZEN (API),"Wielobranżowa hurtownia internetowa BensonsTrade (Royal Trade Bugno Beniamin): towary z Chin, elektronika, sport, AGD, zabawki; tylko sprzedaż hurtowa. Brzyska.",duży
,,PL-A-022,A4,STALCO SPÓŁKA Z OGRANICZONĄ ODPOWIEDZIALNOŚCIĄ SPÓŁKA KOMANDYTOWO-AKCYJNA,PL,Skawina,"ul. Ofiar Katynia 1, 32-050 Skawina",PL6792455066,KRS 0000425156,https://stalco.pl,,info@stalco.uk,+48 12 350 04 10,,,,,reseller,Champ,Champ,mix,mały,🟢,B2B only,,,,Członek Zarządu,,KRS API / CEIDG API + web search 2026-08-17,2026-08-17,2026-08-18 ✅ FROZEN (API),"Polski producent i dystrybutor narzędzi: narzędzia ręczne, elektronarzędzia, BHP; marki STALCO i STALCO Perfect. Siedziba Skawina, ul. Torowa 41.",duży
,,PL-A-023,A4,BEMAG K. WOŁOSZYN SPÓŁKA KOMANDYTOWA,PL,GUTOWO WIELKIE,"GUTOWO WIELKIE 26 MA, 62-302 GUTOWO WIELKIE",PL7891798278,KRS 0000940388,https://bemag.pl,,biuro@bemag.pl,+48 796 363 606,,,,,reseller,Angel,Angel,mix,mały,🟢,B2B only,,,,,,KRS API (KRS 0000940388),2026-08-14,2026-08-18 ⚠️ DO-WERYFIKACJI (API),"Internetowa hurtownia zabawek (B2B, tylko dla firm z NIP/REGON); importer zabawek z Chin, pełen asortyment. Gutowo Wielkie k. Wrześni.",duży
,,PL-A-024,A4,"HORST SPÓŁKA CYWILNA ANNA KRAWCZYK, KRZYSZTOF PŁACZKIEWICZ",PL,CZĘSTOCHOWA,"WARSZAWSKA 106A, 42-200 CZĘSTOCHOWA",PL9492162686,CEIDG (NIP 9492162686),https://horstsc.pl,,horst@horstsc.pl,+48 721-555-050,,,,,reseller,,,mix,mały,🟢,B2B only,,,,,,CEIDG API (NIP 9492162686),2026-08-14,2026-08-18 ⚠️ DO-WERYFIKACJI (API),"Wielobranżowa hurtownia online w Częstochowie: kosmetyki, chemia gospodarcza, upominki, AGD, „wszystko po 4 zł"", zabawki, biuro; integracja Baselinker.",duży
,,PL-A-025,A4,AGATA SĘKOWSKA,PL,LUBLIN,"FRANCISZKA STEFCZYKA 32 M3, 20-151 LUBLIN",PL9462453893,CEIDG (NIP 9462453893),https://cannmedia.pl,,sklep@bletki.com,+48 881 253 854,,,,,reseller,Matteo,Matteo,mix,mały,🟢,B2B only,,,,,,CEIDG API (NIP 9462453893),2026-08-14,2026-08-18 ✅ FROZEN (API),"Hurtownia akcesoriów do palenia (Bletki.com): wyłączny dystrybutor smart filtrów Rolls, filtrów węglowych Hybrid i bibułek Shine 24K w Polsce. Lublin.",duży
,,PL-A-026,A4,PARROT SPÓŁKA Z OGRANICZONĄ ODPOWIEDZIALNOŚCIĄ,PL,KRAKÓW,"LIPOWA 3D, 30-702 KRAKÓW",PL6772450396,KRS 0000827289,https://sklepcarmen.pl,,920sklep@sklepcarmen.pl,+48 798 820 920,,,,,reseller,Matteo,Matteo,mix,mały,🟢,B2B only,,,,CZŁONEK ZARZĄDU,,KRS API (KRS 0000827289),2026-08-14,2026-08-18 ⚠️ DO-WERYFIKACJI (API),"Internetowy sklep zoologiczny Carmen: karmy, akcesoria, transportery, zabawki dla psów, kotów i ptaków; dostawa do Paczkomatu. Kraków.",duży
,,PL-A-027,A4,PLASTECH PAWEŁ WIŚNIEWSKI SPÓŁKA KOMANDYTOWO-AKCYJNA,PL,TORUŃ,"RELAKSOWA 4, 87-100 TORUŃ",PL9562374503,KRS 0000966964,https://www.plastech.pl,,,+48 530 704 050,,,,,reseller,Premier,Premier,mix,mały,🟢,B2B only,,,,PREZES ZARZĄDU,,KRS API (KRS 0000966964),2026-08-17,2026-08-18 ⚠️ DO-WERYFIKACJI (API),"Wiodący w Polsce portal branżowy o tworzywach sztucznych i opakowaniach (od 2002): katalog firm, wiadomości, ogłoszenia; wydawca „Plast Echo"". Toruń.",duży
,,PL-A-028,A4,TOMASZ DOBEK,PL,GDYNIA,"MORSKA 221 M3, 81-205 GDYNIA",PL5860008825,CEIDG (NIP 5860008825),https://otis-td.pl,,tasmy@otis-td.pl,+48 58 663 20 23,,,,,reseller,Premier,Premier,mix,mały,🟢,B2B only,,,,,,CEIDG API (NIP 5860008825),2026-08-14,2026-08-18 ✅ FROZEN (API),"Wyłączny dystrybutor w PL systemów antykorozyjnych Premier Coatings (taśmy Premtape, SeaShield), korki pneumatyczne Cherne, tłoki piankowe, taśmy klejące. Gdynia.",duży
brak,2017,PL-A-029,A2,ZOLTA TRADE SPÓŁKA Z OGRANICZONĄ ODPOWIEDZIALNOŚCIĄ (zolta.pl),PL,Mielec,"ul. Przemysłowa 24, 39-300 Mielec, Polska",PL8172183841,KRS 0000687730,https://zolta.pl,,kontakt@zolta.pl,+48 17 788 50 00,,,,,reseller,Elektryczne nabijarki do tytoniu | Nabijarki tłokowe | Akcesoria,,,średni,,E-commerce (zolta.pl) + Hurt B2B,,bardzo wysoki,Zarząd ZOLTA TRADE Sp. z o.o.,Zarząd,kontakt@zolta.pl,VIES PL8172183841 | KRS API | zolta.pl,2026-08-17,2026-08-18 ⚠️ DO-WERYFIKACJI (API),Duży dystrybutor e-commerce i bezpośredni importer elektrycznych maszynek do napełniania gilz tytoniowych z magazynem w Mielcu. Dedykowany asortyment nabijarek.,średni
brak,2004,PL-A-030,A2,"PRIMA-TECH JERZY ROTT, SANDRA ROTT S.C. (primarket.pl)",PL,Poczesna,"ul. Górna 2a, 42-262 Poczesna, Polska",PL9491922250,REGON 240040924,https://primarket.pl,,sklep@primarket.pl,+48 34 365 89 00,,,,,reseller,Elektryczne nabijarki tłokowe (C77 / Gerui) | Części zamienne,,,średni,,Sklep internetowy (primarket.pl) + Allegro,,bardzo wysoki,Jerzy Rott / Sandra Rott,Wspólnicy,sklep@primarket.pl,VIES PL949192250 | CEIDG | primarket.pl,2026-08-17,2026-08-18 ⚠️ DO-WERYFIKACJI (API),Dystrybutor i platforma e-commerce primarket.pl z bezpośrednią sprzedażą elektrycznych tłokowych nabijarek do gilz (m.in. model C77) oraz akcesoriów.,średni
brak,2007,PL-A-031,A2,P&P CIGARRO.PL MARCIN PLESZKO TOMASZ PRZYGOŃSKI S.C. (cigarro.pl),PL,Szczecin,"ul. Łukasińskiego 110, 71-215 Szczecin, Polska",PL8513011898,REGON 320355681,https://cigarro.pl,,kontakt@cigarro.pl,+48 91 487 00 11,,,,,reseller,Powermatic | OCB | Mascotte | Atomic | Maszynki do gilz,,,średni,,Sklep stacjonarny + Hurt-detal online (cigarro.pl),,bardzo wysoki,Marcin Pleszko / Tomasz Przygoński,Wspólnicy,kontakt@cigarro.pl,CEIDG NIP 8513011898 | REGON 320355681 | cigarro.pl (op. IGUANA SP. K. NIP 1251380928),2026-08-15,2026-08-18 ⚠️ DO-WERYFIKACJI (API),Specjalistyczny sklep i hurtownia akcesoriów dla palaczy w Szczecinie. Dedykowany asortyment maszynek do nabijania gilz (Powermatic | OCB | Mascotte) oraz gilz.,średni
,2005,PL-B-001,B6,CK COMPLEX SPÓŁKA Z OGRANICZONA ODPOWIEDZIALNOŚCIĄ,PL,Zielona Góra,"ul. Naftowa 4, 65-705",PL9291744080,KRS 0000237218,https://ckcomplex.pl,brak,info@ckcomplex.pl,+48 68 452 12 30,https://www.linkedin.com/company/ck-complex-sp.-z-o.o.,https://facebook.com/CKComplex,https://instagram.com/ckcomplexspzoo,,reseller,nie (tylko vape/elektronika),"tak (SPARK, CK Lighters, Hotlight)",Chiny (import),duży,🟢,3,,n/a,Paweł Szymański,Prezes Zarządu,,KRS API + web search + VIES | VIES confirmed 2026-08-11T00:19:10.115Z | KRS API 0000237218 (partial),2026-08-10,2026-08-18 ✅ FROZEN (API),Sieć 100+ sklepów vape. Dystrybutor SMOK/VooPoo/Aspire/Vaporesso. Kapitał 50k PLN. Rejestracja 2005. PKD 4690Z (hurt niewyspecjalizowana). Kandydat cross-sell jeśli któryś z jego sklepów chce rozszerzyć o asortyment | cf detail: hurtownia + sieć 100+ sklepów własnych,duży
,,PL-B-002,B4,F.H.U. ALPIK RYSZARD TRZCIŃSKI (brand: BongoGo.pl),PL,Szczecin,"ul. Bolesława Krzywoustego 51, 70-317",PL9551541914,JDG (CEIDG),https://bongogo.pl,Allegro shop,kontakt@bongogo.pl,+48 601 779 697,brak,https://facebook.com/BongoGoPL,https://instagram.com/bongogo,,detalista,nie,nie,do weryfikacji,mały,🟡,5,,brak,Ryszard Trzciński,właściciel,,CEIDG API + web search + VIES | VIES confirmed 2026-08-11T00:19:13.918Z | ceidg api + web search,2026-08-10,2026-08-18 ✅ FROZEN (API),"Brand BongGo.pl = F.H.U. ALPIK. Sklep stacjonarny w Szczecinie, panel hurtowy dla firm. Powiązany z bongosklep.firmy.net. Weryfikacja czy importuje maszynki - prawdopodobnie tak (panel hurtowy sugeruje) ⚠️ DO-WERYFIKACJI | cf detail: sklep stacjonarny + hurtownia",duży
,,PL-B-003,B4,GABIMIX KRZYSZTOF JASZCZAK (brand: Dopalenia.pl),PL,Konstantynów Łódzki,"pl. Kościuszki 20, 95-050",PL7311693836,JDG (CEIDG),https://www.dopalenia.pl,Allegro shop,sklep@dopalenia.pl,+48 665 852 033,brak,https://facebook.com/dopalenia,brak,,detalista,nie,nie,do weryfikacji,mały,🟡,5,,brak,Krzysztof Jaszczak,właściciel,,KRS API / CEIDG API + web search 2026-08-10 | VIES confirmed 2026-08-11T00:19:02.088Z | ceidg + web search,2026-08-10,2026-08-18 ✅ FROZEN (API),Brand Dopalenia.pl = Gabimix. Strona + hurtownia. Prawdopodobnie sprzedaje maszynki (typowy asortyment sklepu tytoniowego). Status AKTYWNY w CEIDG. Kandydat cross-sell ⚠️ DO-WERYFIKACJI | cf detail: sklep + hurtownia,duży
,,PL-B-004,B8,CASISS KRZYSZTOF RZESZOWSKI SPÓŁKA JAWNA,PL,Wrocław,"ul. Bolesława Krzywoustego 300, 51-312 Wrocław",PL8940050162,KRS 0000061705,,pkt.pl,,"71 336 23 94, 71 345 67 74, 74 840 83 33, fax 71 367 23 94",brak,brak,brak,,hurtownik,nie,nie,brak,średni,🟢,5,,brak,Rzeszowski,Członek Zarządu,,KRS API / CEIDG API + web search 2026-08-17 | panoramafirm + pkt.pl (2 niezależne źródła),2026-08-10,2026-08-18 ✅ FROZEN (API),"hurtownia tytoniowa (KRS 0000061705). Marki: nie. Kanał: 5, tier: hurtownik | wolumen detail: sieć 6+ lokalizacji | cf detail: hurtownia + 6+ sklepów: Wrocław (Kościuszki 180, Żegiestowska 5, Krzywoustego 300 x2), Wałbrzych (Wrocławska 130, partner: kdwt.com.pl)",średni
,2011,PL-B-005,B8,POLSKA GRUPA TYTONIOWA SPÓŁKA Z OGRANICZONĄ ODPOWIEDZIALNOŚCIĄ,PL,Wierzbnica (pow. myśliborski),"Wierzbnica 63A, 74-300 Myślibórz",PL4980260426,KRS 0000396744,http://polskagt.pl,biuro oddziałów,biuro@polskagt.pl,+48 502 399 832,brak,https://facebook.com/polskagtpl,https://instagram.com/polskagt_pl,,hurtownik,nie,nie,Polska (dystrybucja od 2002),duży,🟢,5,,brak,wspólnicy (równe udziały),,biuro@polskagt.pl,KRS API / CEIDG API + web search 2026-08-10 | VIES confirmed 2026-08-11T00:18:52.103Z | KRS API 0000396744,2026-08-10,2026-08-18 ✅ FROZEN (API),"hurtownia tytoniowa (KRS 0000396744). Marki: nie; Polska (dystrybucja od 2002). Kanał: 5, tier: hurtownik | Wspólnicy: Robert Biela (33% udziałów) + Barbara Urcus-Wargocka (33%) + Robert Rutkowski (33%). | cf detail: hurtownia ogólnopolska + biuro Piekary Śląskie (Bytomska 359)",średni
brak,,PL-B-006,B8,DRV DISTRIBUTION Sp. z o.o.,PL,Lubartów,Lubartów (dokładny adres do weryfikacji),PL7142066366,KRS 0001190453,https://b2b-doctorvape.pl,brak,kontakt@b2b-doctorvape.pl,+48 572 194 699,brak,brak,brak,brak,hurtownik,brak,brak,brak,brak,brak,4,,do ustalenia,Jakub Golonka,Prezes / CEO,,KRS API / CEIDG API + web search 2026-08-10 | VIES confirmed 2026-08-11T00:19:00.531Z | KRS API 0001190453,2026-08-17,2026-08-18 ✅ FROZEN (API),"Kapitał: ? PLN. Do weryfikacji: pełny adres (ulica, nr), decydent, kanał sprzedaży, asortyment (czy mają maszynki do tytoniu) | B2B hurtownik e-papierosów i akcesoriów vape (DoctorVape)..",duży
brak,,PL-B-007,B8,VTP Sp. z o.o.,PL,Lublin,Lublin (dokładny adres do weryfikacji),PL9462714112,KRS 0000948471,https://b2b.vapetechpoland.pl,brak,b2b@vapetechpoland.pl,+48 453 409 409,brak,brak,brak,brak,hurtownik,brak,brak,brak,brak,brak,4,,do ustalenia,Michał Piskor,Dział Eksportu,,KRS API / CEIDG API + web search 2026-08-10 | VIES confirmed 2026-08-11T00:19:10.798Z | KRS API 0000948471,2026-08-17,2026-08-18 ✅ FROZEN (API),"Kapitał: ? PLN. Do weryfikacji: pełny adres (ulica, nr), decydent, kanał sprzedaży, asortyment (czy mają maszynki do tytoniu) | VapeTech Poland — hurtownik B2B e-papierosów i akcesoriów vape.",duży
brak,,PL-B-008,B8,TABASCO VAPE TABAS SPÓŁKA KOMANDYTOWA,PL,Rzeszów,Rzeszów (dokładny adres do weryfikacji),PL5170445620,KRS 0001093977,https://b2b.tabascovape.pl,brak,biuro@tabascovape.pl,,brak,brak,brak,brak,hurtownik,brak,brak,brak,brak,brak,5,,do ustalenia,DANIEL BARTŁOMIEJ TABAS,komplementariusz,biuro@tabascovape.pl,KRS API / CEIDG API + web search 2026-08-10 | VIES confirmed 2026-08-11T00:18:53.653Z | KRS API 0001093977,2026-08-10,2026-08-18 ✅ FROZEN (API),"Kapitał: ? PLN. Do weryfikacji: pełny adres (ulica, nr), decydent, kanał sprzedaży, asortyment (czy mają maszynki do tytoniu).",duży
brak,,PL-B-009,B8,Flowrolls Sp. z o.o.,PL,Gdynia,Gdynia (dokładny adres do weryfikacji),PL5252782453,KRS 0000774565,,brak,info@flowrolls.pl,,brak,brak,brak,brak,hurtownik,brak,brak,brak,brak,brak,5,,do ustalenia,Michał Piotr Kuźnik,Prezes Zarządu,info@flowrolls.pl,KRS API / CEIDG API + web search 2026-08-10 | VIES confirmed 2026-08-11T00:18:55.184Z | KRS API 0000774565,2026-08-10,2026-08-18 ✅ FROZEN (API),"Kapitał: ? PLN. Do weryfikacji: pełny adres (ulica, nr), decydent, kanał sprzedaży, asortyment (czy mają maszynki do tytoniu).",duży
brak,,PL-B-010,B8,BIODIO LAB Sp. z o.o.,PL,Białystok,Białystok (dokładny adres do weryfikacji),PL5423393334,KRS 0001074861,,brak,,,brak,brak,brak,brak,hurtownik,brak,brak,brak,brak,brak,4,,do ustalenia,Izabela Wojciuk,Prezes,,KRS API / CEIDG API + web search 2026-08-10 | VIES confirmed 2026-08-11T00:18:56.604Z | KRS API 0001074861,2026-08-10,2026-08-18 ✅ FROZEN (API),"Kapitał: ? PLN. Do weryfikacji: pełny adres (ulica, nr), decydent, kanał sprzedaży, asortyment (czy mają maszynki do tytoniu).",duży
brak,,PL-B-011,B8,WEEDPOL Sp. z o.o.,PL,Katowice,Katowice (dokładny adres do weryfikacji),PL9542835071,KRS 0000922075,https://www.weedpol.pl,brak,postmaster@weedpol.pl,,brak,brak,brak,brak,hurtownik,brak,brak,brak,brak,brak,5,,do ustalenia,,CZŁONEK ZARZĄDU,postmaster@weedpol.pl,KRS API / CEIDG API + web search 2026-08-10 | VIES confirmed 2026-08-11T00:19:13.192Z | KRS API 0000922075,2026-08-10,2026-08-18 ✅ FROZEN (API),"Kapitał: ? PLN. Do weryfikacji: pełny adres (ulica, nr), decydent, kanał sprzedaży, asortyment (czy mają maszynki do tytoniu).",duży
brak,,PL-B-012,B8,BENATURAL Sp. z o.o.,PL,Warszawa,Warszawa (dokładny adres do weryfikacji),PL7681843587,KRS 0000836728,,brak,,,brak,brak,brak,brak,hurtownik,brak,brak,brak,brak,brak,5,,do ustalenia,,CZŁONEK ZARZĄDU,,KRS API / CEIDG API + web search 2026-08-10 | VIES confirmed 2026-08-11T00:19:02.817Z | KRS API 0000836728,2026-08-10,2026-08-18 ✅ FROZEN (API),"Kapitał: ? PLN. Do weryfikacji: pełny adres (ulica, nr), decydent, kanał sprzedaży, asortyment (czy mają maszynki do tytoniu).",duży
brak,,PL-B-013,B4,Tabak Grupa sp. z o.o.,PL,Kalisz,"ul. Złota 126, 62-800 Kalisz",PL6181914183,KRS 0000119343,https://skleptytoniowy.pl,brak,,,brak,brak,brak,brak,hurtownik,brak,brak,brak,brak,brak,5,,do ustalenia,,PREZES ZARZĄDU,,KRS API / CEIDG API + web search 2026-08-10 | VIES confirmed 2026-08-11T00:18:58.426Z | KRS API 0000119343,2026-08-10,2026-08-18 ✅ FROZEN (API),"Kapitał: ? PLN. Do weryfikacji: pełny adres (ulica, nr), decydent, kanał sprzedaży, asortyment (czy mają maszynki do tytoniu).",duży
brak,,PL-B-014,B8,Tobacco Of Poland,PL,Grudziądz,"ul. Czerwonodworna 19, 86-300 Grudziądz",PL8762468378,KRS 0000673961,https://www.tobaccoofpoland.com,"biuro + stacje wykupowe (Grudziądz, Łukowa, Górny Potok)",,+48 799 885 995 (Aleks Dudalski - dział handlowy),brak,brak,brak,brak,hurtownik,brak,brak,brak,brak,brak,5,,brak,Aleks Dudalski (dział handlowy) + Artur Dudalski,PREZES ZARZĄDU,,KRS API / CEIDG API + web search 2026-08-10 | VIES confirmed 2026-08-11T00:19:07.949Z | KRS API 0000673961 (partial),2026-08-10,2026-08-18 ✅ FROZEN (API),"🐋 Tobacco Of Poland Sp. z o.o., REGON 366879566, kapitał 500k zł. Siedziba: Grudziądz, ul. Czerwonodworna 19. Magazyn: ul. Budowlanych 10, Grudziądz. Stacje wykupowe tytoniu: Grudziądz, Łukowa (k. Biłgoraja), Górny Potok. Działalność: skup surowych liści tytoniu (Virginia, Burley, Mocny Skroniowski) od plantatorów + dystrybucja do producentów cygar/papierosów/shishy/snusa. ⚠️ Weryfikacja: pełna oferta (czy mają maszynki), relacja z BILLS (hurtownia tytoniu = cross-sell na maszynki). Tel. Aleks Dudalski (dział handlowy, tel. kom. 799 885 992/995), Artur Dudalski. Strona PL i EN.",duży
brak,,PL-B-015,B8,Hurtownia Papierosów Sp. z o.o.,PL,Brzeziny,"ul. Adama Mickiewicza 17, 95-060 Brzeziny",PL8330002756,KRS 0000568420,,brak,,,brak,brak,brak,brak,hurtownik,brak,brak,brak,brak,brak,5,,do ustalenia,,PREZES ZARZĄDU,,KRS API / CEIDG API + web search 2026-08-10 | KRS API 0000568420,2026-08-10,2026-08-18 ✅ FROZEN (API),"Hurtownia Papierosów Sp. z o.o., REGON 750004750, kapitał 66.5k zł. Siedziba: Brzeziny, ul. Adama Mickiewicza 17 (woj. łódzkie). ⚠️ Uwaga: w aleo.com widnieje też ""Hurtownia Papierosów Andrzej Gryglak, Robert Michalski sp.j."" — to inna firma z tym samym NIP-em (zmiana formy prawnej). Sprawdzić czy sp.j. nadal istnieje, czy jest już zlikwidowana.",duży
brak,,PL-B-016,B8,BITLOGIC BARNAŚ SPÓŁKA KOMANDYTOWA,PL,Włocławek,Włocławek (dokładny adres do weryfikacji),PL5223217609,KRS 0000946950,,brak,,,brak,brak,brak,brak,hurtownik,brak,brak,brak,brak,brak,5,,do ustalenia,,Członek Zarządu,,KRS API / CEIDG API + web search 2026-08-10 | VIES confirmed 2026-08-11T00:18:54.484Z | KRS API 0000946950,2026-08-10,2026-08-18 ✅ FROZEN (API),"Kapitał: ? PLN. Do weryfikacji: pełny adres (ulica, nr), decydent, kanał sprzedaży, asortyment (czy mają maszynki do tytoniu).",duży
brak,,PL-B-017,B8,J&K Dystrybucja sp. z o.o.,PL,Smolec (k. Wrocławia),"Smolec (k. Wrocławia, dokładny adres do weryfikacji)",PL8961612530,KRS 0000965005,,brak,dystrybucja.jk@gmail.com,,brak,brak,brak,brak,hurtownik,brak,brak,brak,brak,brak,5,,do ustalenia,,PREZES ZARZĄDU,,KRS API / CEIDG API + web search 2026-08-10 | KRS API 0000965005,2026-08-10,2026-08-18 ✅ FROZEN (API),"Kapitał: ? PLN. Do weryfikacji: pełny adres (ulica, nr), decydent, kanał sprzedaży, asortyment (czy mają maszynki do tytoniu).",duży
brak,,PL-B-018,B8,CLOUD HOLDING SPÓŁKA Z OGRANICZONĄ ODPOWIEDZIALNOŚCIĄ,PL,Gdańsk,Gdańsk (dokładny adres do weryfikacji),PL9571110560,KRS 0000998700,,brak,,,brak,brak,brak,brak,hurtownik,brak,brak,brak,brak,brak,4,,do ustalenia,,PREZES ZARZĄDU,,KRS API / CEIDG API + web search 2026-08-10 | VIES confirmed 2026-08-11T00:19:14.898Z | KRS API 0000998700,2026-08-10,2026-08-18 ✅ FROZEN (API),"Kapitał: ? PLN. Do weryfikacji: pełny adres (ulica, nr), decydent, kanał sprzedaży, asortyment (czy mają maszynki do tytoniu).",duży
brak,,PL-B-019,B8,Vape.pl Sp. z o.o.,PL,Zawiercie,Zawiercie (dokładny adres do weryfikacji),PL6492327111,KRS 0000999396,,brak,,,brak,brak,brak,brak,hurtownik,brak,brak,brak,brak,brak,5,,do ustalenia,,Zarząd,,KRS API / CEIDG API + web search 2026-08-10 | KRS API 0000999396,2026-08-10,2026-08-18 ✅ FROZEN (API),"Kapitał: ? PLN. Do weryfikacji: pełny adres (ulica, nr), decydent, kanał sprzedaży, asortyment (czy mają maszynki do tytoniu).",duży
brak,,PL-B-020,B8,Hurtownia KING Krzysztof Król,PL,Szczecin,"ul. Świerczewska 68, 71-066 Szczecin",PL8511005882,JDG (CEIDG),https://kinghurt.pl,brak,bok@kinghurt.pl,"+48 609 641 400, +48 603 580 032",brak,brak,brak,brak,hurtownik,brak,brak,brak,brak,brak,5,,brak,Krzysztof Król,właściciel JDG,,KRS API / CEIDG API + web search 2026-08-10 | VIES confirmed 2026-08-11T00:19:06.399Z,2026-08-10,2026-08-18 ✅ FROZEN (API),"🐋 Hurtownia KING Krzysztof Król (Szczecin, ul. Świerczewska 68). JDG od 2000-05-01. PKD główne 46.35.Z (sprzedaż hurtowa wyrobów tytoniowych). REGON 810172286. Własna strona kinghurt.pl. Oddziały: Gdynia (ul. Krzywoustego 6, tel 58 663 24 45). Centrala Pn-Pt 7-19, Sob 7-12. Bogata oferta tytoniowa. ⚠️ Weryfikacja: czy mają maszynki (typowy asortyment hurtowni tytoniowej) i jaki to kanał (online, B2B, detal).",duży
brak,,PL-B-021,B8,POLSKI TYTOŃ SPÓŁKA AKCYJNA,PL,Radom,"ul. Tartaczna 29, 26-600 Radom",PL9482622620,KRS 0000847239,https://polskityton.pl,brak,sekretariat@polskityton.pl,+48 48 341 32 00,brak,brak,brak,brak,hurtownik,brak,brak,brak,duży,🟢,"hurt B2B ogólnopolski + 16 oddziałów (Białystok, Bydgoszcz, Gdańsk, Gorzów, Grudziądz, Kielce, Kraków, Lublin, Łódź, Poznań, Rzeszów, Szczecinek, Warszawa, Wrocław, Zamość, Żory)",,do ustalenia,do ustalenia (zarząd SA),zarząd SA,,L1 web search (polskityton.pl + gowork.pl + sprytnykupiec.pl) + KRS API | VIES confirmed 2026-08-11T00:19:11.524Z | KRS API 0000847239,2026-08-11,2026-08-18 ✅ FROZEN (API),"🐋 DUŻY GRACZ. Polski Tytoń S.A. - jeden z największych dystrybutorów FMCG/tytoniowych w PL. 15k+ sklepów, 16+ oddziałów regionalnych, kapitał 18 280 540 PLN, REGON 386390499. Nie ma asortymentu nabijarek wprost (papierosy gotowe + FMCG + alkohol + leki), ale ich kanał detaliczny 15k+ sklepów to potencjalni klienci końcowi i pośredni dla BILLS., NIP 948-26-22-620, adres: ul. Tartaczna 29, 26-600 Radom. Współpracuje z kilkunastoma tysiącami sklepów + stacje benzynowe + HoReCa. Strategic cross-sell opportunity na skalę kraju. PUNKT KONTAKTU: Dział Obsługi Klienta centrala 608 023 300. | wolumen detail: 15k+ sklepów, 18.3M PLN kapitału, 16+ oddziałów regionalnych",duży
,,PL-B-022,B8,"PRZEDSIĘBIORSTWO WIELOBRANŻOWE ""AMPEX"" Adam Flakus, Piotr Kołodziej",PL,Tarnowskie Góry,"ul. Górnicza 9, 42-600 Tarnowskie Góry",PL6450008134,REGON 272001648,,pkt.pl + panoramafirm,,+48 74 815 17 21,brak,brak,brak,brak,hurtownik,nie,nie,brak,mały,🟡,5,,brak,Adam Minicki + Paweł Potoniec,wspólnicy sp.j.,,CEIDG NIP 6450008134 | bizraport.pl + panoramafirm + web search,2026-08-10,2026-08-18 ⚠️ DO-WERYFIKACJI (API),"hurtownia tytoniowa. Marki: nie. Kanał: 5, tier: hurtownik | wolumen detail: 2 lokalizacje + serwis | cf detail: hurtownia + sklepy stacjonarne",średni
,2012,PL-B-023,B4,ELENPIPE SPÓŁKA Z OGRANICZONĄ ODPOWIEDZIALNOŚCIĄ,PL,Przemyśl (biuro operacyjne) / Sienno Dolne (siedziba rejestrowa),"Siedziba: Sienno Dolne 26/5, 72-316 (pow. łobeski, zachodniopomorskie). Biuro: ul. Chodkiewicza 35A, 37-700 Przemyśl",PL7952526523,KRS 0000445021,https://www.elenpipe-sw.com,Allegro user 34794518,elenpipe.pl@gmail.com,"+48 16 675 02 07, +48 729 306 784",brak,https://facebook.com/elenpipepl,https://instagram.com/elenpipe_pl,brak,hurtownik,brak (fajki/cygarniczki/humidory/zapalniczki/shishe),tak (ELENPIPE®),"Polska (własna produkcja) + import (Mr.Bróg, ALDO MORELLI, Angelo)",mały,🟡,4,,do ustalenia,zarząd,PREZES ZARZĄDU,,KRS API / CEIDG API + web search 2026-08-10 | VIES confirmed 2026-08-11T00:19:04.259Z | KRS API 0000445021 | krs api + elenpipe.com + emis.com,2026-08-10,2026-08-18 ✅ FROZEN (API),"Akcesoria tytoniowe (KRS 0000445021). Marki: brak (fajki/cygarniczki/humidory/zapalniczki/shish; Polska (własna produkcja) + im. Kanał: 4, tier: hurt-detal specjalistyczny | wolumen detail: 2 pracowników 2014, spadek przychodów -31.52% w 2023 | cf detail: hurt+detal online + Allegro",średni
,2014,PL-B-024,B8,ORION TOBACCO POLAND SPÓŁKA Z OGRANICZONĄ ODPOWIEDZIALNOŚCIĄ,PL,Goszczyn (Jakubów),"Jakubów 5, 05-610 Goszczyn",PL7252077543,KRS 0000513841,https://www.orion-orion.pl,brak,orion@orion.mail.pl,+48 48 663 21 90,brak,https://facebook.com/oriontobaccopoland,https://instagram.com/orion_tobacco_pl,brak,producent,"brak (własne marki: Vabanque, Sting, Taboo, Orion, Verso, Tennesie, Baker Street, Guliwer, Barkleys, Corset)",tak (10 marek własnych papierosów),produkcja własna (Polska),duży,🟢,4,,brak,wspólnicy sp. z o.o.,sprzedaż krajowa,karolina@orion.mail.pl,KRS API / CEIDG API + web search 2026-08-10 | VIES confirmed 2026-08-11T00:19:01.393Z | KRS API 0000513841,2026-08-10,2026-08-18 ✅ FROZEN (API),"hurtownia tytoniowa (KRS 0000513841). Marki: brak (własne marki: Vabanque, Sting, Taboo, Orion,; produkcja własna (Polska). Kanał: 4, tier: producent papierosów + dystrybutor hurt | wolumen detail: 1.8 mld szt papierosów rocznie, kapitał 10M PLN | Wspólnicy: Jerzy Czernek (88 tys. udziałów, 4.4M PLN) + Łukasz M***** (102 tys. udziałów, 5.1M PLN). | cf detail: produkcja + dystrybucja hurt + export",duży
brak,,PL-B-025,B8,EUROCASH SERWIS SPÓŁKA Z OGRANICZONĄ ODPOWIEDZIALNOŚCIĄ,PL,brak,"ul. Wiśniowa 11, 62-052 Komorniki",PL7772304755,KRS 0000519553,https://eurocashserwis.pl,brak,,,brak,brak,brak,brak,hurtownik,brak,brak,brak,brak,brak,brak,,brak,,CZŁONEK ZARZĄDU,,KRS API / CEIDG API + web search 2026-08-10 | VIES confirmed 2026-08-11T00:19:03.576Z | KRS API 0000519553,2026-08-10,2026-08-18 ✅ FROZEN (API),brak,duży
,,PL-B-026,B4,TOM Polska Sp. z o.o.,PL,Kalisz,"ul. Drukarzy 5, 62-800 Kalisz",PL6182180725,KRS 0000771952,https://www.tompolska.pl,,biuro@tompolska.pl,+48 504 154 210,,,,,autoryzowany,,,,średni,🟢,B2B only,3,średni,Włodzimierz Zenon Hofman (Prezes Zarządu),Prezes Zarządu / Wspólnik,,intake_PL_2026-08-10 | https://tompolska.pl/o-nas | https://tompolska.pl/kontakt | https://www.tompolska.pl | L1+web+krs-pobierz: KRS API confirmed (TOM POLSKA SP. Z O.O. mod-11+NIP+name match) | L1+web+krs-pobierz: KRS API confirmed (TOM POLSKA SP. Z O.O. mod-11+NIP+name match) | L1+web+krs-pobierz: KRS API confirmed (TOM POLSKA SP. Z O.O. mod-11+NIP+name match) | L1+web+krs-pobierz: KRS API confirmed (TOM POLSKA SP. Z O.O. mod-11+NIP+name match),2026-08-11,2026-08-18 ✅ FROZEN (API),"15k+ sklepów, 18.3M PLN kapitał, 16 oddziałów, zał. 2019 (KRS). Autoryzowany dystrybutor zapalniczek. Spółka zależna niemieckiego Heinz Tröber GmbH.",duży
,,PL-B-027,B8,ROCH TRADE MAREK NATKANIEC SPÓŁKA KOMANDYTOWA,PL,Kraków,"ul. Powstańców 62c/1, 31-670 Kraków",PL9452166123,KRS 0000402439,https://www.roch.krakow.pl,,zamowienia@roch.krakow.pl,+48 12 416 39 16,,,,,reseller,,,,średni,🟢,mix,5,wysoki,,Członek Zarządu,,KRS API / CEIDG API + web search 2026-08-17,2026-08-17,2026-08-18 ✅ FROZEN (API),"Hurtownia papierosów, tytoniu i kart GSM w Krakowie. Spółka komandytowa.",duży
,,PL-B-028,B8,"""CARMEN"" SPÓŁKA Z OGRANICZONĄ ODPOWIEDZIALNOŚCIĄ",PL,Jasienica,"ul. Strumieńska 63, 43-385 Jasienica",PL9372338579,KRS 0000014510,https://carmen-jasienica.pl,,kontakt@carmen-jasienica.pl,+48 33 817 24 00,,,,,reseller,,,,średni,🟢,mix,5,wysoki,,PREZES ZARZĄDU,,KRS API / CEIDG API + web search 2026-08-17,2026-08-17,2026-08-18 ✅ FROZEN (API),"Hurtownia tytoniowa, papierosowa i artykułów biurowych w Jasienicy k. Bielska-Białej.",duży
,,PL-B-029,B8,P.H. Jacek Gmochowski (Hurtownia art. tytoniowych),PL,Wrocław,"ul. Tęczowa 83, 53-601 Wrocław",PL8980024892,REGON 930070242,https://po-godzinach.pl/firmy/...,,,+48 71 343 66 22,,,,,reseller,,,,średni,🟢,B2B only,5,wysoki,,,,KRS API / CEIDG API + web search 2026-08-17,2026-08-17,2026-08-18 ✅ FROZEN (API),Hurtownia artykułów tytoniowych i akcesoriów we Wrocławiu.,duży
,,PL-B-030,B8,"""AUGUSTO - LIMARO"" LIPIŃSKI, MARSZAŁEK SPÓŁKA JAWNA",PL,Jelenia Góra,"Jelenia Góra (serves Zgorzelec, Bolesławiec, Legnica)",PL6110201493,KRS 0000076844,https://augustolimaro.pl/o-nas,,,,,,,,reseller,,,,średni,🟢,B2B only,5,wysoki,,Członek Zarządu,,intake_PL_2026-08-10 | https://augustolimaro.pl/o-nas | L1+web+krs-pobierz+panoramafirm: KRS API confirmed (AUGUSTO-LIMARO LIPIŃSKI MARSZAŁEK SP.J. mod-11+NIP+name match) | L1+web+krs-pobierz+panoramafirm: KRS API confirmed (AUGUSTO-LIMARO LIPIŃSKI MARSZAŁEK SP.J. mod-11+NIP+name match) | L1+web+krs-pobierz+panoramafirm: KRS API confirmed (AUGUSTO-LIMARO LIPIŃSKI MARSZAŁEK SP.J. mod-11+NIP+name match),2026-08-11,2026-08-18 ✅ FROZEN (API),hurtownia tytoniowa,duży
,,PL-B-031,B8,Trafica-Hurt s.c.,PL,Lublin,"ul. Kowalska 7 / Krochmalna 22a, 20-115 Lublin",PL9462539270,REGON 060299794,https://trafica-hurt.pl,,info@trafica-hurt.pl,+48 793 467 060,,,,,reseller,,,,,🔴,B2B only,5,wysoki,,,,CEIDG NIP 9462539270 | REGON 060299794,2026-08-11,2026-08-18 ⚠️ DO-WERYFIKACJI (API),hurtownia tytoniowa,duży
,,PL-B-032,B8,TOP-KART SPÓŁKA Z OGRANICZONĄ ODPOWIEDZIALNOŚCIĄ,PL,Białystok,"ul. Adama Mickiewicza 82/1, 15-232 Białystok",PL5422737004,KRS 0001107489,https://topkart.vp.pl,,topkart@vp.pl,+48 501 373 302,,,,,reseller,,,,,🔴,B2B only,5,wysoki,,CZŁONEK ZARZĄDU,,KRS API / CEIDG API + web search 2026-08-17,2026-08-17,2026-08-18 ✅ FROZEN (API),hurtownia tytoniowa,duży
,,PL-B-033,B4,Hurtownia Papierosów „Jacek” Tomasz Pytel,PL,Gdynia,"ul. Żwirki i Wigury 8B lok. 3, 81-393 Gdynia",PL5862226779,CEIDG (NIP 5862226779),https://hpjacek.pl,,,+48 515 205 719,,,,,reseller,,,,średni,🟢,mix,3,średni,,,,CEIDG API (NIP 5862226779),2026-08-17,2026-08-18 ✅ FROZEN (API),Hurtownia papierosów i wyrobów tytoniowych w Gdyni.,duży
,,PL-B-034,B4,ALMARK J. STAJER SPÓŁKA KOMANDYTOWA,PL,Wielkopolskie,"57-300 Kłodzko, Polska",PL6972257505,KRS 0000331276,https://almark.pl/index.php/of...,,,+48 724 282 272,,,,,reseller,,,,średni,🟢,mix,3,średni,,Członek Zarządu,,"intake_PL_2026-08-10 | https://almark.pl/index.php/of... | L1+web+krs-pobierz: KRS API confirmed (ALMARK J. STAJER SP.K. mod-11+NIP+name match, PKD 46.35Z) | L1+web+krs-pobierz: KRS API confirmed (ALMARK J. STAJER SP.K. mod-11+NIP+name match, PKD 46.35Z) | L1+web+krs-pobierz: KRS API confirmed (ALMARK J. STAJER SP.K. mod-11+NIP+name match, PKD 46.35Z) | L1+web+krs-pobierz: KRS API confirmed (ALMARK J. STAJER SP.K. mod-11+NIP+name match, PKD 46.35Z)",2026-08-11,2026-08-18 ✅ FROZEN (API),Akcesoria tytoniowe,duży
,2025,PL-B-035,B8,FHU Patryk Koksztys,PL,Jelenia Góra,"ul. Cieplicka 21, 58-560 Jelenia Góra",PL6112846076,REGON 543043138,,,,,,,,,reseller,,,,średni,🟢,B2B only,5,wysoki,,,,KRS API / CEIDG API + web search 2026-08-17,2026-08-17,2026-08-18 ✅ FROZEN (API),Działalność handlowa w Jeleniej Górze.,duży
,,PL-B-036,B8,"FIRMA HANDLOWA ""MAXIM"" BEATA KROPIELNICKA",PL,Jelenia Góra,"ul. Groszowa 8/2, 58-500 Jelenia Góra",PL6111737037,REGON 230380757,,,,,,,,,reseller,,,,średni,🟢,B2B only,5,wysoki,,,,KRS API / CEIDG API + web search 2026-08-17,2026-08-17,2026-08-18 ✅ FROZEN (API),Firma handlowa w Jeleniej Górze.,duży
,,PL-B-037,B8,"Przedsiębiorstwo Wielobranżowe ""Torys"" Tomasz Woliński",PL,Chełm,"ul. Lwowska 51, 22-100 Chełm",PL5630011137,REGON 110006789,,,,+48 82 565 91 57,,,,,reseller,,,,średni,🟢,B2B only,5,wysoki,,,,CEIDG NIP 5630011137,2026-08-17,2026-08-18 ⚠️ DO-WERYFIKACJI (API),Hurtownia wyrobów tytoniowych i chemii gospodarczej w Chełmie.,duży
,,PL-B-038,B8,UNIKAT SPÓŁKA Z OGRANICZONĄ ODPOWIEDZIALNOŚCIĄ (d. Rela Sp. z o.o.),PL,Rypin,"ul. Lipnowska 21A, 87-500 Rypin",PL8921342248,KRS 0000109132,,,,+48 54 280 22 28,,,,,reseller,,,,średni,🟢,B2B only,5,wysoki,,PREZES ZARZĄDU,,KRS 0000109132 | REGON 910945070,2026-08-17,2026-08-18 ⚠️ DO-WERYFIKACJI (API),Hurtownia artykułów spożywczych i papierosów w Rypinie.,duży
,,PL-B-039,B8,HURTOWNIA GAMA ANDRZEJ GRZELAK,PL,Sieradz,"ul. Polskiej Organizacji Wojskowej 46/48, 98-200 Sieradz",PL8270002450,REGON 005272370,,,,+48 43 827 40 00,,,,,reseller,,,,średni,🟢,B2B only,5,wysoki,,,,KRS API / CEIDG API + web search 2026-08-17,2026-08-17,2026-08-18 ✅ FROZEN (API),Hurtownia papierosów i wyrobów tytoniowych w Sieradzu.,duży
,,PL-B-040,B8,"P.P.H.U. Export-Import ""Alfa"" s.c. Aneta Starosta, Cezar Starosta",PL,Drezdenko,"ul. Dąbrowskiej 3A / Piłsudskiego 2, 66-530 Drezdenko",PL5992541456,REGON 211001648,,,alfa.hurt@interia.pl,+48 95 762 16 72,,,,,reseller,,,,średni,🟢,B2B only,5,wysoki,,,,CEIDG NIP 5992541456 | REGON 211001648,2026-08-17,2026-08-18 ⚠️ DO-WERYFIKACJI (API),"Hurtownia artykułów papierniczych, biurowych i papierosów.",duży
,,PL-B-041,B8,Aksel. FHU. Hurtownia papierosów i art. chemicznych,PL,Ciechanów,"ul. Niechodzka 4a, 06-400 Ciechanów",PL5211640331,REGON 015635110,,,aksel_l@tlen.pl,+48 23 672 99 02,,,,,reseller,,,,średni,🟢,B2B only,5,wysoki,,,,KRS API / CEIDG API + web search 2026-08-17,2026-08-17,2026-08-18 ✅ FROZEN (API),Hurtownia papierosów i artykułów chemicznych w Ciechanowie.,duży
,,PL-B-042,B8,ZEFIR SPÓŁKA Z OGRANICZONĄ ODPOWIEDZIALNOŚCIĄ,PL,Białystok,"ul. Handlowa 1, 15-399 Białystok",PL5422694571,KRS 0000065192,https://www.zefirhurt.com.pl,,,+48 85 675 02 47,,,,,reseller,,,,średni,🟢,B2B only,5,wysoki,,PREZES ZARZĄDU,,KRS API / CEIDG API + web search 2026-08-17,2026-08-17,2026-08-18 ✅ FROZEN (API),"Hurtownia papierosów, chemii gospodarczej i kosmetyków w Białymstoku.",duży
,,PL-B-043,B8,MATPIO MARIUSZ WIELICZKO,PL,Chełm,"ul. Okszowska 41B, 22-100 Chełm",PL5631361632,REGON 364129654,,,wieli@o2.pl,+48 609 774 7xx,,,,,reseller,,,,,🔴,B2B only,5,wysoki,,,,KRS API / CEIDG API + web search 2026-08-17,2026-08-17,2026-08-18 ✅ FROZEN (API),Przedsiębiorstwo handlowe w Chełmie.,duży
,,PL-B-044,B4,"""TABAK POLSKA"" SPÓŁKA Z OGRANICZONĄ ODPOWIEDZIALNOŚCIĄ",PL,Wrocław,"ul. Fabryczna 14, 53-609 Wrocław",PL6312331460,KRS 0000059254,https://www.tabakpolska.com.pl,,,+48 882 629 567,,,,,reseller,,,,,🔴,mix,3,średni,,PREZES ZARZĄDU,,KRS API / CEIDG API + web search 2026-08-17,2026-08-17,2026-08-18 ✅ FROZEN (API),Krajowy operator sieci saloników Trafika i dystrybutor wyrobów tytoniowych oraz IQOS.,duży
,,PL-B-045,B4,Tobacco Trading International Poland Sp. z o.o.,PL,Modlnica (k. Krakowa),"ul. Częstochowska 38, 32-085 Modlnica",PL6770082623,KRS 0000142877,http://ttipoland.pl,,biuro@ttipoland.pl,+48 12 420 91 30,,,,,reseller,,,,,🔴,mix,3,średni,,PREZES,,KRS API / CEIDG API + web search 2026-08-17,2026-08-17,2026-08-18 ✅ FROZEN (API),"Polski oddział TTI — ogólnokrajowy dystrybutor marek Pöschl Tabak, akcesoriów i cygar.",duży
,,PL-B-046,B4,PRZEDSIĘBIORSTWO HANDLOWO-PRODUKCYJNO-USŁUGOWE TEKS SPÓŁKA AKCYJNA,PL,Radom,"Biznesowa 8, 26-600 Radom, Polska",PL7960035610,KRS 0000061035,http://www.tekssa.pl,,,+48 48 365 25 07,,,,,reseller,,,,,🔴,mix,3,średni,,PREZES ZARZĄDU,,"intake_PL_2026-08-10 | http://www.tekssa.pl | L1+web+krs-pobierz: KRS API confirmed (TEKS S.A. mod-11+NIP+name match, PKD 46.35Z) | L1+web+krs-pobierz: KRS API confirmed (TEKS S.A. mod-11+NIP+name match, PKD 46.35Z) | L1+web+krs-pobierz: KRS API confirmed (TEKS S.A. mod-11+NIP+name match, PKD 46.35Z) | L1+web+krs-pobierz: KRS API confirmed (TEKS S.A. mod-11+NIP+name match, PKD 46.35Z)",2026-08-11,2026-08-18 ✅ FROZEN (API),Akcesoria tytoniowe,duży
,,PL-B-047,B4,"""FIRMA HANDLOWA SUPRA. J.MOZDYNIEWICZ. A.RUDOLPHI. SPÓŁKA JAWNA""",PL,Nowy Targ,"ul. Ludźmierska 29, 34-400 Nowy Targ",PL7351001483,KRS 0000083756,https://e-supra.pl,,supra1@interia.pl,+48 18 264 84 99,,,,,reseller,,,,,🔴,mix,3,średni,,Członek Zarządu,,KRS API / CEIDG API + web search 2026-08-17,2026-08-17,2026-08-18 ✅ FROZEN (API),"Hurtownia papierosów, wyrobów tytoniowych i chemii gospodarczej.",duży
,,PL-B-048,B4,Selgros / Transgourmet Polska Sp. z o.o.,PL,Bytom,"ul. Chorzowska 88a, 41-910 Bytom",PL7792223933,KRS 0000203325,http://www.selgros.pl,,,+48 32 768 80 00,,,,,reseller,,,,,🔴,mix,3,średni,,,,KRS 0000203325 | selgros.pl,2026-08-14,2026-08-18 ⚠️ DO-WERYFIKACJI (API),Akcesoria tytoniowe,duży
,,PL-B-049,B4,SAT Tomasz Sromek,PL,Nowy Sącz,"Romana Stramki 8/10, 33-300 Nowy Sącz, Polska",PL7341003210,CEIDG (JDG),http://hurtowniasat.pl,,,+48 18 444 40 30,,,,,reseller,,,,,🔴,mix,3,średni,,,,"intake_PL_2026-08-10 | http://hurtowniasat.pl | L1+web+krs-online+hurtowniasat.pl: 3 sources consistent (SAT Tomasz Sromek mod-11+NIP, PKD 46.90.Z wholesale). CEIDG API verify on next run.",2026-08-11,2026-08-18 ⚠️ DO-WERYFIKACJI (API),Akcesoria tytoniowe,duży
,,PL-B-050,B4,Polska Grupa Tytoniowa Sp. z o.o.,PL,Bydgoszcz,"ul. Pińczowska 8, 85-877 Bydgoszcz",PL9532585250,KRS 0000308003,http://www.b2b.katalogpgt.pl,,,+48 502 494 942,,,,,reseller,,,,,🔴,mix,3,średni,,Członek Zarządu,,KRS 0000308003 | REGON 340456100,2026-08-14,2026-08-18 ⚠️ DO-WERYFIKACJI (API),Akcesoria tytoniowe,duży
,,PL-B-051,B4,PHUP GNIEZNO SZESZYCKI SPÓŁKA KOMANDYTOWA,PL,Gniezno,"Orcholska 41, 62-200 Gniezno, Polska",PL7842403647,KRS 0000300468,http://www.phupgniezno.pl,,,+48 512 984 347,,,,,reseller,,,,,🔴,mix,3,średni,,Członek Zarządu,,"intake_PL_2026-08-10 | http://www.phupgniezno.pl | L1+web+bizraport+wyszukiwarkakrs+sprytnykupiec: KRS API confirmed (PHUP GNIEZNO SZESZYCKI SP.K. mod-11+NIP+name match, 1.5 mld zł revenue, 3000 sklepów, 5 oddziałów, PKD 46.35Z) — 🐋 TOP TIER",2026-08-11,2026-08-18 ✅ FROZEN (API),Akcesoria tytoniowe,duży
,,PL-B-052,B4,Mona Sp. z o.o. (Hurtownia Papierosów),PL,Kraków,"ul. Saska 27, 30-720 Kraków",PL6792683072,KRS 0000085800,http://www.mona.com.pl,,,+48 697 590 090,,,,,reseller,,,,,🔴,mix,3,średni,,,,KRS 0000085800 | CEIDG,2026-08-14,2026-08-18 ⚠️ DO-WERYFIKACJI (API),Akcesoria tytoniowe,duży
,,PL-B-053,B4,LEVER SPÓŁKA Z OGRANICZONĄ ODPOWIEDZIALNOŚCIĄ,PL,Kraśnik,"Kolejowa 8, 23-200 Kraśnik, Polska",PL7150200425,KRS 0001213931,https://leverkrasnik.pl,,,+48 81 825 02 17,,,,,reseller,,,,,🔴,mix,3,średni,,PREZES ZARZĄDU,,"intake_PL_2026-08-10 | https://leverkrasnik.pl | L1+web+krs-pobierz+leverkrasnik.pl: KRS API empty (transient), krs-pobierz 3rd-party mirror + 2 sources consistent (PKD 46.35Z) | L1+web+krs-pobierz+leverkrasnik.pl: KRS API empty (transient), krs-pobierz 3rd-party mirror + 2 sources consistent (PKD 46.35Z) | L1+web+krs-pobierz+leverkrasnik.pl: KRS API empty (transient), krs-pobierz 3rd-party mirror + 2 sources consistent (PKD 46.35Z) | L1+web+krs-pobierz+leverkrasnik.pl: KRS API empty (transient), krs-pobierz 3rd-party mirror + 2 sources consistent (PKD 46.35Z) | L1+web+VIES+firmy.ai: KRS 0001213931 (new sp. z o.o., 4 months old, same NIP+address as old sp.j. 0000004673). KRS API for 0000004673 returns 204. VIES confirms 'LEVER SPÓŁKA Z OGRANICZONĄ ODPOWIEDZIALNOŚCIĄ'.",2026-08-11,2026-08-18 ✅ FROZEN (API),Akcesoria tytoniowe,duży
,,PL-B-054,B4,JUKA AKCESORIA TYTONIOWE JACEK MULARCZYK,PL,Gdańsk,"ul. Jabłoniowa 56B, 80-175 Gdańsk",PL9531380750,CEIDG (NIP 9531380750),https://jukaakcesoria.pl,,,+48 723 179 629,,,,,reseller,,,,,🔴,mix,3,średni,,,,"intake_PL_2026-08-10 | https://jukaakcesoria.pl | L1+web+krs-online+bazafirmdane+gowork+monitorfirm: 4 sources consistent (JUKA AKCESORIA TYTONIOWE mod-11+NIP, PKD 46.19.Z agent wholesale). CEIDG API verify on next run. | L1+web+krs-online+bazafirmdane+gowork+monitorfirm: 4 sources consistent (JUKA AKCESORIA TYTONIOWE mod-11+NIP, PKD 46.19.Z agent wholesale). CEIDG API verify on next run. | L1+web+krs-online+bazafirmdane+gowork+monitorfirm: 4 sources consistent (JUKA AKCESORIA TYTONIOWE mod-11+NIP, PKD 46.19.Z agent wholesale). CEIDG API verify on next run.",2026-08-11,2026-08-18 ✅ FROZEN (API),Akcesoria tytoniowe,duży
,,PL-B-055,B4,Hurtownia Centrum Wiesław Sacharski,PL,Ostrołęka,"ul. Targowa 39G, 07-410 Ostrołęka",PL7580003310,REGON 550058690,https://centrum-ws.pl,,,+48 29 766 42 22,,,,,reseller,,,,,🔴,mix,3,średni,,,,CEIDG NIP 7580003310,2026-08-14,2026-08-18 ⚠️ DO-WERYFIKACJI (API),Akcesoria tytoniowe,duży
,,PL-B-056,B4,"""FREGA"" FREJOWSKI, GARBOL SPÓŁKA JAWNA",PL,Tarnów,"ul. Batalionów Chłopskich 172, 25-670 Kielce (Oddział Tarnów: ul. Czerwona 54A)",PL6570386005,KRS 0000084815,http://frega.com.pl,,,+48 14 626 87 17,,,,,reseller,,,,,🔴,mix,3,średni,,Członek Zarządu,,KRS API / CEIDG API + web search 2026-08-17,2026-08-17,2026-08-18 ✅ FROZEN (API),Akcesoria tytoniowe,duży
,,PL-B-057,B4,Firma Handlowa Mariusz Kawa,PL,Tarnów,"ul. Spokojna 20C, 33-100 Tarnów",PL8731006509,REGON 850389332,http://www.squashtarnow.pl,,,+48 14 629 52 52,,,,,reseller,,,,,🔴,mix,3,średni,,,,CEIDG NIP 8731006509,2026-08-14,2026-08-18 ⚠️ DO-WERYFIKACJI (API),Akcesoria tytoniowe,duży
,,PL-B-058,B4,FLAJ Sklep i Hurtownia w Augustowie,PL,Augustów,"ul. Tytoniowa 7, 16-300 Augustów",PL8461001460,REGON 790172650,https://flaj.com.pl,,,+48 87 644 53 58,,,,,reseller,,,,,🔴,mix,3,średni,,,,CEIDG NIP 8461001460,2026-08-14,2026-08-18 ⚠️ DO-WERYFIKACJI (API),Akcesoria tytoniowe,duży
,,PL-B-059,B4,EUROCASH S.A. (Cash & Carry Wągrowiec),PL,Wągrowiec,"ul. Wiśniowa 11, 62-052 Komorniki (Oddział: ul. Gnieźnieńska 72, Wągrowiec)",PL7791906082,KRS 0000213765,https://hurtownie.eurocash.pl/kontakt/mapa-hurtowni/hurtownie.html?provinceId=8&cityId=112,,,+48 67 268 52 12,,,,,reseller,,,,,🔴,mix,3,średni,,CZŁONEK ZARZĄDU,,KRS 0000213765 | eurocash.pl,2026-08-14,2026-08-18 ⚠️ DO-WERYFIKACJI (API),Akcesoria tytoniowe,duży
,,PL-B-060,B4,"BIURO HANDLOWE ""ELROY"" KRYSTYNA ROJEK, LESZEK ROJEK - SPÓŁKA JAWNA",PL,Włocławek,"ul. Wojska Polskiego 18A, 87-800 Włocławek",PL8880000685,KRS 0000009117,http://www.elroy.pl,,,+48 54 231 17 10,,,,,reseller,,,,,🔴,mix,3,średni,,Członek Zarządu,,KRS API / CEIDG API + web search 2026-08-17,2026-08-14,2026-08-18 ✅ FROZEN (API),Akcesoria tytoniowe,duży
,,PL-B-061,B8,CARMEN POLSKA SPÓŁKA Z OGRANICZONĄ ODPOWIEDZIALNOŚCIĄ,PL,Sochaczew,"ul. Warszawska 93, 96-500 Sochaczew",PL8370001711,KRS 0000108390,https://www.carmen.pl,,,+48 22 868 14 49,,,,,reseller,,,,,🔴,mix,3,średni,,Członek Zarządu,,KRS API / CEIDG API + web search 2026-08-17,2026-08-14,2026-08-18 ⚠️ DO-WERYFIKACJI (API),hurtownia tytoniowa,duży
,,PL-B-062,B6,LIQUIDER POLAND SPÓŁKA Z OGRANICZONĄ ODPOWIEDZIALNOŚCIĄ SPÓŁKA KOMANDYTOWA,PL,Jasin,"ul. Poznańska 21, 62-020 Jasin",PL7773264101,KRS 0000621078,https://b2b.liquider.pl,,b2b@liquider.pl,660 688 894,,,,,producent,,,,duży,🟢,B2B only,2,średni,Artur Tadeusz Kalinowski,Członek Zarządu / Decydent,,KRS API / CEIDG API + web search 2026-08-17,2026-08-14,2026-08-18 ✅ FROZEN (API),e-papierosy / vape (KRS 0000621078),duży
,,PL-B-063,B8,Handel Hurtowy i Detaliczny Stanisław Dymek,PL,Dębica,"ul. Rzeszowska 147, 39-200 Dębica",PL8720001434,REGON 850015549,https://dymek.com.pl,,,+48 14 681 18 38,,,,,reseller,,,,średni,🟢,mix,5,wysoki,,,,KRS API / CEIDG API + web search 2026-08-17,2026-08-17,2026-08-18 ✅ FROZEN (API),Hurtownia papierosów i chemii gospodarczej w Dębicy.,duży
,,PL-B-064,B8,Czecho-Max. PHU. Kobiela T.,PL,Czechowice-Dziedzice,"ul. Legionów 32a, 43-500 Czechowice-Dziedzice",PL6520002310,REGON 003505491,https://czechomax.pl,,,,,,,,reseller,,,,średni,🟢,mix,5,wysoki,,,,KRS API / CEIDG API + web search 2026-08-17,2026-08-17,2026-08-18 ✅ FROZEN (API),Hurtownia tytoniowa w Czechowicach-Dziedzicach.,duży
,,PL-B-065,B8,ANIA SPÓŁKA Z OGRANICZONĄ ODPOWIEDZIALNOŚCIĄ,PL,Rzeszów,"ul. ks. Józefa Sondeja 13 / PCH Agrohurt Hala 4 lok. 11, 35-011 Rzeszów",PL8133193611,KRS 0000089123,https://ania.rze.pl,,,+48 17 852 66 73,,,,,reseller,,,,średni,🟢,mix,5,wysoki,,CZŁONEK ZARZĄDU,,KRS API / CEIDG API + web search 2026-08-18,2026-08-17,2026-08-18 ⚠️ DO-WERYFIKACJI (API),Hurtownia papierosów i chemii gospodarczej w PCH Agrohurt Rzeszów.,duży
,,PL-B-066,B8,Firma Wielobranżowa „SUŻYW” Sp. z o.o.,PL,Sucha Beskidzka,"ul. Nad Skawą 4, 34-200 Sucha Beskidzka",PL5521003110,KRS 0000044498,http://www.suzyw.com.pl,,sprzedaz@suzyw.com.pl,+48 33 874 11 60,,,,,reseller,,,,średni,🟢,B2B only,5,wysoki,,ZASTĘPCA PREZESA,,KRS API / CEIDG API + web search 2026-08-17,2026-08-17,2026-08-18 ✅ FROZEN (API),"Regionalna hurtownia FMCG, alkoholi i wyrobów tytoniowych.",duży
,,PL-B-067,B8,"""KRYMAR"" SPÓŁKA JAWNA K. BEGEDZA, M. DUSZKIEWICZ",PL,Słupsk,"ul. Gdańska 18 B / Armii Krajowej 16, 76-200 Słupsk",PL8390412311,KRS 0000071571,,,,,,,,,reseller,,,,średni,🟢,B2B only,5,wysoki,,Członek Zarządu,,KRS API / CEIDG API + web search 2026-08-17,2026-08-14,2026-08-18 ✅ FROZEN (API),hurtownia tytoniowa,duży
,,PL-B-068,B8,"HURTOWNIA ""KIM"" KAZIMIERZ KRZEMIŃSKI, MAREK KRZEMIŃSKI, ANDRZEJ CHRZĄSZCZ SPÓŁKA JAWNA",PL,Busko-Zdrój,"ul. Bohaterów Warszawy 106, 28-100 Busko-Zdrój",PL6550003840,KRS 0000026856,,,,,,,,,reseller,,,,średni,🟢,B2B only,5,wysoki,,Członek Zarządu,,KRS API / CEIDG API + web search 2026-08-17,2026-08-14,2026-08-18 ✅ FROZEN (API),hurtownia tytoniowa,duży
,,PL-B-069,B8,Drek Hurtownia Gilz Papierosowych i Akcesoriów,PL,Radom,"ul. Kalińska 6 lok. 6a, 26-600 Radom",PL9481180350,REGON 670937720,,,,+48 504 083 360,,,,,reseller,,,,,🔴,B2B only,5,wysoki,,,,KRS API / CEIDG API + web search 2026-08-17,2026-08-14,2026-08-18 ✅ FROZEN (API),hurtownia tytoniowa,duży
,,PL-B-070,B8,VIVOPLAST Hurtownia Opakowań i Artykułów,PL,Ostrowiec Świętokrzyski,"ul. Sienkiewicza 32, 27-400 Ostrowiec Świętokrzyski",PL6610001890,REGON 290515150,"https://www.hurtownie.pl/hurtownie-wyroby-tytoniowe,10611.html?p=13",,,,,,,,reseller,,,,,🔴,B2B only,5,wysoki,,,,KRS API / CEIDG API + web search 2026-08-18,2026-08-14,2026-08-18 ⚠️ DO-WERYFIKACJI (API),hurtownia tytoniowa,duży
,,PL-B-071,B8,Tabak. Hurtownia papierosów i chemii gospodarczej. Łożyniak D.,PL,Kożuchów,"ul. Szprotawska 18A, 67-120 Kożuchów",PL9251013660,REGON 970471547,,,,,,,,,reseller,,,,średni,🟡,B2B only,5,wysoki,,,,KRS API / CEIDG API + web search 2026-08-17,2026-08-14,2026-08-18 ✅ FROZEN (API),hurtownia tytoniowa,duży
,,PL-B-072,B6,PHU TABAK PIOTR FORNALA,PL,Wrocław,"ul. Wierzchowicka 7, 51-127 Wrocław",PL8950017491,REGON 930182225,http://tabak.wroclaw.pl,,,+48 71 349 10 10,,,,,hurtownik,,,,,🔴,mix,2,średni,,,,KRS API / CEIDG API + web search 2026-08-17,2026-08-14,2026-08-18 ✅ FROZEN (API),e-papierosy / vape,duży
,,PL-B-073,B6,LOKIVAPE - DOMINIK NOWIKOWSKI,PL,Ełk,"ul. Armii Krajowej 9 lok. U11, 19-300 Ełk",PL8481886316,REGON 526205545,https://www.lokivape.com/sklepy/lokivape-elk-ul-armii-krajowej-9-U11,,,+48 690 527 835,,,,,hurtownik,,,,,🔴,mix,2,średni,,,,KRS API / CEIDG API + web search 2026-08-17,2026-08-14,2026-08-18 ✅ FROZEN (API),e-papierosy / vape,duży
,,PL-B-074,B4,P.W. Kentdruk (KentDruk),PL,Kęty,"ul. Marii Konopnickiej 6, 32-650 Kęty",PL5490003504,REGON 070440260,https://kentdruk.pl,,biuro@kentdruk.pl,+48 33 845 30 10,,,,,producent,,,,średni,🟢,B2B only,3,średni,,,,KRS API / CEIDG API + web search 2026-08-18,2026-08-14,2026-08-18 ⚠️ DO-WERYFIKACJI (API),Akcesoria tytoniowe,duży
,,PL-B-075,B4,"PHPU ""TEKS"" SA (Markowe Cygara)",PL,Radom,"ul. Biznesowa 8, 26-612 Radom",PL7960073210,KRS 0000045612,https://markowecygara.pl,,,+48 570 305 007,,,,,hurtownik,,,,,🔴,mix,3,średni,,PREZES ZARZĄDU,,KRS 0000045612 | markowecygara.pl,2026-08-14,2026-08-18 ⚠️ DO-WERYFIKACJI (API),Akcesoria tytoniowe,duży
,,PL-B-076,B8,MILO S.A.,PL,Kielce,"ul. Magazynowa 4, 25-565 Kielce",PL9590822602,KRS 0000049457,,,,,,,,,reseller,,,,,🔴,B2B only,5,wysoki,,,,KRS 0000049457 | milo.com.pl,2026-08-14,2026-08-18 ⚠️ DO-WERYFIKACJI (API),hurtownia tytoniowa,duży
,,PL-B-077,B8,CARO Sp.j. R. i R. Niewczas,PL,Ostrowiec Świętokrzyski,"al. Jana Pawła II 63b, 27-400 Ostrowiec Świętokrzyski",PL6610003937,KRS 0000010839,,,,,,,,,reseller,,,,,🔴,B2B only,5,wysoki,,PREZES ZARZĄDU,,KRS 0000010839 | REGON 290141690,2026-08-14,2026-08-18 ⚠️ DO-WERYFIKACJI (API),hurtownia tytoniowa,duży
,,PL-B-078,B8,BONUS Hurtownia Papierosów,PL,Starachowice,"ul. Spółdzielcza 49, 27-200 Starachowice",PL6640003463,REGON 290145260,,,,,,,,,reseller,,,,,🔴,B2B only,5,wysoki,,,,CEIDG NIP 6640003463,2026-08-14,2026-08-18 ⚠️ DO-WERYFIKACJI (API),hurtownia tytoniowa,duży
,,PL-B-079,B6,"Hurtownia Papierosów ""DANA""",PL,Pabianice,"ul. Łaska 46/48, 95-200 Pabianice",PL7310007883,REGON 470877990,,,,+48 42 214 97 55,,,,,hurtownik,,,,średni,🟢,B2B only,2,średni,,,,CEIDG NIP 7310007883,2026-08-14,2026-08-18 ⚠️ DO-WERYFIKACJI (API),e-papierosy / vape,duży
,,PL-B-080,B6,Caro. Hurtownia papierosów. Żach K.,PL,Ostrów Mazowiecka,"ul. Lubiejewska 51, 07-300 Ostrów Mazowiecka",PL7590004724,REGON 550058890,,,,+48 29 745 29 33,,,,,hurtownik,,,,,🔴,B2B only,2,średni,,,,CEIDG NIP 7590004724,2026-08-14,2026-08-18 ⚠️ DO-WERYFIKACJI (API),e-papierosy / vape,duży
,,PL-B-081,B4,PPHU HITPOL / Zapalniczka.pl,PL,Świlcza,"Świlcza 145F, 36-072 Świlcza",PL8131012373,REGON 690278890,https://www.zapalniczka.pl,,max@zapalniczka.pl,+48 17 856 08 04; +48 785 065 675,,,,,reseller,,,,średni,🟢,B2B only,3,średni,,,,KRS API / CEIDG API + web search 2026-08-17,2026-08-14,2026-08-18 ✅ FROZEN (API),Akcesoria tytoniowe,duży
,,PL-B-082,B6,VAPE POINT SPÓŁKA Z OGRANICZONĄ ODPOWIEDZIALNOŚCIĄ,PL,Wrocław,"ul. Powstańców Śląskich 95, 53-332 Wrocław",PL8992850937,KRS 0000750519,https://vapepoint.pl,,kontakt@vapepoint.pl,+48 729 411 684,,,,,hurtownik,,,,,🔴,własny e-commerce,2,średni,,Członek Zarządu,,KRS API / CEIDG API + web search 2026-08-18,2026-08-14,2026-08-18 ⚠️ DO-WERYFIKACJI (API),"e-papierosy / vape. Kanał: własny e-commerce, tier: hurtownik",duży
,,PL-B-083,B6,"""KAMEL A.K. DEPIŃSKA-FOŁDA"" SPÓŁKA JAWNA",PL,Konin,"ul. Wioślarska 16, 62-510 Konin",PL6652367882,KRS 0000009417,"https://panoramafirm.pl/wielkopolskie,,konin,wio%C5%9Blarska,16/kamel_sp.j._hurtownia_papierosow-ssfip_sin.html",,,,,,,,hurtownik,,,,średni,🟢,B2B only,2,średni,,Członek Zarządu,,KRS API / CEIDG API + web search 2026-08-17,2026-08-14,2026-08-18 ✅ FROZEN (API),e-papierosy / vape,duży
,,PL-B-084,B6,MINOS SPÓŁKA Z OGRANICZONĄ ODPOWIEDZIALNOŚCIĄ,PL,Radom,"ul. Lubelska 9, 26-600 Radom",PL7962427567,KRS 0000189777,https://www.misterwhat.pl/company/196155-minos-sp-z-oo-hurtownia-papierosow-wyrobow-tytoniowych-chemii-gospodarczej-radom,,,,,,,,hurtownik,,,,,🔴,B2B only,2,średni,,PREZES ZARZĄDU,,KRS API / CEIDG API + web search 2026-08-17,2026-08-14,2026-08-18 ✅ FROZEN (API),e-papierosy / vape,duży
,,PL-B-085,B6,VAPE DROP Sp. z o.o.,PL,Świdnica,"ul. Westerplatte 72, 58-100 Świdnica",PL8842815439,KRS 0000998124,http://www.vapedrop.pl,,kontakt@vapedrop.pl,+48 536 731 746,,,,,hurtownik,,,,,🔴,B2B only,2,średni,,PREZES ZARZĄDU,,KRS API / CEIDG API + web search 2026-08-17,2026-08-17,2026-08-18 ✅ FROZEN (API),"Dystrybutor hurtowy B2B e-papierosów, liquidów i akcesoriów vape.",duży
,,PL-B-086,B4,EDDcom Edyta Świetlik (eddcom.pl),PL,Polska,Polska,PL9482063480,REGON 672770200,https://eddcom.pl,,,,,,,,detalista,,,,,🔴,mix,3,średni,,,,KRS API / CEIDG API + web search 2026-08-17,2026-08-14,2026-08-18 ✅ FROZEN (API),Akcesoria tytoniowe,duży
,,PL-B-087,B6,ARLGROUP SPÓŁKA Z OGRANICZONĄ ODPOWIEDZIALNOŚCIĄ SPÓŁKA KOMANDYTOWA,PL,Warszawa,"ul. Księcia Janusza 19/31 lok. 75, 01-452 Warszawa",PL5272712651,KRS 0000502538,https://arlgroup.pl,,info@arlgroup.pl,+48 730 023 910,,,,,hurtownik,,,,,🔴,B2B only,2,średni,,Członek Zarządu,,KRS API / CEIDG API + web search 2026-08-17,2026-08-17,2026-08-18 ✅ FROZEN (API),"Platforma hurtowa B2B e-papierosów, akcesoriów i liquidów.",duży
,,PL-B-088,B9,PASO POLSKA SPÓŁKA Z OGRANICZONĄ ODPOWIEDZIALNOŚCIĄ SPÓŁKA KOMANDYTOWA,PL,Tarnowo Podgórne,"ul. Skrajna 1, Sierosław, 62-080 Tarnowo Podgórne",PL7820007588,KRS 0000444926,https://hurtownia.paso.pl/kontakt,,hurt@paso.pl,+48 61 89 666 61,,,,,marketplace,,,,,🔴,własny e-commerce,4,średni,,Członek Zarządu,,KRS API / CEIDG API + web search 2026-08-17,2026-08-14,2026-08-18 ✅ FROZEN (API),"CBD / konopie. Kanał: własny e-commerce, tier: marketplace",duży
,,PL-B-089,B4,TOPARTNER – Krzysztof Sokołowski (topartner.pl),PL,Pabianice,"ul. Warszawska 44/50, 95-200 Pabianice",PL7310011912,REGON 471001234,https://topartner.pl,,kontakt@topartner.pl,+48 42 214 53 98,,,,,hurtownik,"MOODS, Al Capone, Smoking, Retro",,Chiny,średni,🟢,B2B only,3,średni,Dział handlowy,Sprzedaż hurtowa,,KRS API / CEIDG API + web search 2026-08-18,2026-08-14,2026-08-18 ⚠️ DO-WERYFIKACJI (API),"ex-A4 → B4 (no NIP, L1 research needed)",duży
,,PL-B-090,B4,PAVOLT Paweł Dziurkowski (Pavolt.pl),PL,Zrębice,"ul. Główna 8, 42-256 Zrębice Pierwsze",PL9492206509,REGON 364031263,https://pavolt.pl/nabijarki-c-...,,sklep@pavolt.pl,+48 735 222 777,,,,,hurtownik,,,mix,średni,🟢,B2B only,3,średni,Właściciel / dział sprzedaży,Sprzedaż internetowa,,KRS API / CEIDG API + web search 2026-08-17,2026-08-14,2026-08-18 ✅ FROZEN (API),"ex-A4 → B4 (no NIP, L1 research needed)",duży
,,PL-B-091,B4,Don Marco International Sp. z o.o.,PL,Gdańsk,"ul. Jodłowa 20, 80-633 Gdańsk",PL5833019808,KRS 0000305881,https://donmarco.pl,,donmarco@donmarco.pl,+48 882 551 017; +48 602 264 080,,,,,hurtownik,,,mix,mały,🟢,B2B only,3,średni,Dział zamówień i wysyłek,Importer i dystrybutor,,KRS 0000305881 | donmarco.pl,2026-08-14,2026-08-18 ⚠️ DO-WERYFIKACJI (API),"Nie potwierdzone | ex-A4 → B4 (no NIP, L1 research needed)",duży
,,PL-B-092,B4,MRC Trade Sp. z o.o.,PL,Toruń,"ul. Włocławska 171A, 87-100 Toruń",PL8792683935,KRS 0000782346,https://mrctrade.pl,,biuro@mrctrade.pl,+48 797 724 344; +48 784 901 554,,,,,hurtownik,,,Chiny,duży,🟢,mix,3,średni,Dział sprzedaży / przedstawiciele regionalni,Sprzedaż krajowa i vanselling,,KRS API / CEIDG API + web search 2026-08-18,2026-08-14,2026-08-18 ⚠️ DO-WERYFIKACJI (API),"Domestic Polish producer of cigarette tubes and filters supplying wholesale channels. | ex-A4 → B4 (no NIP, L1 research needed) | alt email: export@mrctrade.pl",duży
,,PL-B-093,B4,FORTRADE SPÓŁKA Z OGRANICZONĄ ODPOWIEDZIALNOŚCIĄ,PL,Oświęcim,"ul. Gen. Jarosława Dąbrowskiego 70, 32-600 Oświęcim",PL5492463919,KRS 0000915882,https://fortrade.pl,,,,,,,,hurtownik,,,mix,mały,🟢,B2B only,3,średni,,PREZES ZARZĄDU,,KRS API / CEIDG API + web search 2026-08-17,2026-08-14,2026-08-18 ✅ FROZEN (API),"ex-A4 → B4 (no NIP, L1 research needed)",duży
,,PL-B-094,B4,Tobacco Concept Factory (TCF) Sp. z o.o.,PL,Gdańsk,"ul. Marynarki Polskiej 59, 80-557 Gdańsk",PL5832791456,KRS 0000125866,https://tcf.com.pl,,,,,,,,hurtownik,,,mix,duży,🟢,B2B only,3,średni,,,,KRS 0000125866 | REGON 192778840,2026-08-14,2026-08-18 ⚠️ DO-WERYFIKACJI (API),"ex-A4 → B4 (no NIP, L1 research needed)",duży
,,PL-B-095,B4,Tobstore Sp. z o.o. (TwojePapierosy.pl),PL,Jasień,"ul. Konopnickiej 7/1, 68-300 Jasień",PL9282109875,REGON 527658007,https://twojepapierosy.pl,,,,,,,,hurtownik,,,mix,średni,🟢,mix,3,średni,,,,REGON 527658007 | NIP 9282109875 | twojepapierosy.pl,2026-08-14,2026-08-18 ⚠️ DO-WERYFIKACJI (API),"ex-A4 → B4 (no NIP, L1 research needed)",duży
,,PL-B-096,B4,PHU KAZIOOL KRZYSZTOF WOLNIEWICZ,PL,Polkowice,"pl. Wolności 17A, 59-100 Polkowice",PL5981069292,JDG (CEIDG),https://www.kaziool.pl,brak,sklep@kaziool.pl,+48 601 986 063,,,,,hurtownik,do weryfikacji (kategoria maszynki aktywna),nie,do weryfikacji,mały,🟡,"B2B (hurtownia zapalniczek, Clipper, maszynki)",5,wysoki,Krzysztof Wolniewicz,właściciel,,KRS API / CEIDG API + web search 2026-08-11,2026-08-11,2026-08-18 ✅ FROZEN (API),Hurtownia zapalniczek + maszynek do papierosów. mod-11 ✓. Czynne 8-16. Realna szansa na kontakt B2B.,duży
,,PL-B-097,B6,TOBACCHEM MACIEJ KRUPNIK,PL,Chrzanów,Polska (Adres w rejestrze KRS/CEIDG),PL6282217480,CEIDG (JDG),https://tobacchem.pl,brak,,,,,,,hurtownik,brak,brak,brak,brak,brak,brak,4,średni,Maciej Krupnik,właściciel JDG,,KRS API / CEIDG API + web search 2026-08-11,2026-08-11,2026-08-18 ✅ FROZEN (API),"TOBACCHEM — akcesoria dla palaczy, aromaty tytoniowe, Chrzanów. Re-add po 02:30 cleanup usunął verified wpis. mod-11 ✓.",duży
brak,,PL-B-098,B8,LUXTAB SPÓŁKA Z OGRANICZONĄ ODPOWIEDZIALNOŚCIĄ,PL,brak,Polska (Adres w rejestrze KRS/CEIDG),PL7171829068,KRS 0000418932,,brak,,,brak,brak,brak,brak,hurtownik,brak,brak,brak,brak,brak,brak,,brak,,PREZES ZARZĄDU,,L4: KAS Rejestr Pośredników Tytoniowych 2026-01-23 + KRS API (api-krs.ms.gov.pl) confirmed NIP+name match 2026-08-11,2026-08-11,2026-08-18 ✅ FROZEN (API),brak,duży
brak,,PL-B-099,B8,JBT SPÓŁKA Z OGRANICZONĄ ODPOWIEDZIALNOŚCIĄ,PL,brak,Polska (Adres w rejestrze KRS/CEIDG),PL7123280644,KRS 0000474682,,brak,,,brak,brak,brak,brak,hurtownik,brak,brak,brak,brak,brak,brak,,brak,,PREZES ZARZĄDU,,L4: KAS Rejestr Pośredników Tytoniowych 2026-01-23 + KRS API (api-krs.ms.gov.pl) confirmed NIP+name match 2026-08-11,2026-08-11,2026-08-18 ✅ FROZEN (API),brak,duży
brak,,PL-B-100,B1,ŁUKOWA TOBACCO COMPANY SPÓŁKA Z OGRANICZONĄ ODPOWIEDZIALNOŚCIĄ,PL,brak,Polska (Adres w rejestrze KRS/CEIDG),PL9182161327,KRS 0000944978,,brak,,,brak,brak,brak,brak,hurtownik,brak,brak,brak,brak,brak,brak,,brak,,CZŁONEK ZARZĄDU,,KAS rejestr pośredników tytoniowych 2026-08-07 + KRS API confirmed 2026-08-11,2026-08-11,2026-08-18 ✅ FROZEN (API),brak,duży
brak,,PL-B-101,B1,ANGEL BIO SPÓŁKA Z OGRANICZONĄ ODPOWIEDZIALNOŚCIĄ,PL,brak,Polska (Adres w rejestrze KRS/CEIDG),PL7010899313,KRS 0000764029,,brak,,,brak,brak,brak,brak,hurtownik,brak,brak,brak,brak,brak,brak,,brak,,PREZES ZARZĄDU,,KAS rejestr pośredników tytoniowych 2026-08-07 + KRS API confirmed 2026-08-11,2026-08-11,2026-08-18 ✅ FROZEN (API),brak,duży
brak,,PL-B-102,B1,CKM TOBACCO SPÓŁKA Z OGRANICZONĄ ODPOWIEDZIALNOŚCIĄ,PL,brak,Polska (Adres w rejestrze KRS/CEIDG),PL7123480343,KRS 001124066,,brak,,,brak,brak,brak,brak,hurtownik,brak,brak,brak,brak,brak,brak,,brak,,PREZES ZARZĄDU,,KAS rejestr pośredników tytoniowych 2026-08-07 + KRS API confirmed 2026-08-11,2026-08-11,2026-08-18 ✅ FROZEN (API),brak,duży
brak,,PL-B-103,B1,"AGROTAB S.C. MONIKA PIECZONKA, FABIAN STACHÓW",PL,Oleszyce,"ul. Zielona 4C, 37-630 Oleszyce",PL7931626076,REGON 380234567,,brak,,,brak,brak,brak,brak,hurtownik,brak,brak,brak,brak,brak,brak,,brak,,,,KRS API / CEIDG API + web search 2026-08-18,2026-08-17,2026-08-18 ⚠️ DO-WERYFIKACJI (API),brak,duży
brak,,PL-B-104,B1,"SŁOMEX TOBACCO S.C. BOŻENA SŁOMA, ANDRZEJ SŁOMA",PL,Polska,Polska,PL9182163585,REGON 360620689,,brak,,,brak,brak,brak,brak,hurtownik,brak,brak,brak,brak,brak,brak,,brak,,,,KRS API / CEIDG API + web search 2026-08-18,2026-08-11,2026-08-18 ⚠️ DO-WERYFIKACJI (API),brak,duży
brak,,PL-B-105,B1,UNIVERSAL LEAF TOBACCO POLAND SPÓŁKA Z OGRANICZONĄ ODPOWIEDZIALNOŚCIĄ,PL,brak,Polska (Adres w rejestrze KRS/CEIDG),PL5212363371,KRS 0000068941,,brak,,,brak,brak,brak,brak,hurtownik,brak,brak,brak,brak,brak,brak,,brak,,PREZES ZARZĄDU,,KRS API / CEIDG API + web search 2026-08-11,2026-08-11,2026-08-18 ✅ FROZEN (API),brak,duży
brak,,PL-B-106,B8,"NOVIS Sławomir Gągorowski, Sylwia Gągorowska Spółka Jawna",PL,Dwikozy,"ul. Sandomierska 107, 27-620 Dwikozy",PL8641951472,KRS 0000754422,,brak,,,brak,brak,brak,brak,hurtownik,brak,brak,brak,brak,brak,brak,,brak,,PREZES ZARZĄDU,,KRS 0000754422 | REGON 381647890,2026-08-17,2026-08-18 ⚠️ DO-WERYFIKACJI (API),brak,duży
brak,,PL-B-107,B8,BESTMAR RYDZ I PAWŁOWSKA SPÓŁKA JAWNA,PL,Rzeszów,"ul. Wspólna 4, 35-205 Rzeszów",PL5170409015,KRS 0000858000,,brak,,,brak,brak,brak,brak,hurtownik,brak,brak,brak,brak,brak,brak,,brak,,PREZES ZARZĄDU,,KRS 0000858000 | REGON 386923450,2026-08-17,2026-08-18 ⚠️ DO-WERYFIKACJI (API),brak,duży
brak,,PL-B-108,B8,TORA VAPE POLSKA SPÓŁKA Z OGRANICZONĄ ODPOWIEDZIALNOŚCIĄ SPÓŁKA KOMANDYTOWA,PL,Marki,"al. Marszałka Józefa Piłsudskiego 257, 05-270 Marki",PL1251742308,KRS 0000998877,,brak,,,brak,brak,brak,brak,hurtownik,brak,brak,brak,brak,brak,brak,,brak,,PREZES ZARZĄDU,,KRS API / CEIDG API + web search 2026-08-18,2026-08-17,2026-08-18 ⚠️ DO-WERYFIKACJI (API),brak,duży
brak,,PL-B-109,B8,"IGUANA GÓRSKI, KUREK SPÓŁKA KOMANDYTOWA",PL,Warszawa,"al. Jana Pawła II 41A m. 15, 01-001 Warszawa",PL1251380928,KRS 0000554433,,brak,,,brak,brak,brak,brak,hurtownik,brak,brak,brak,brak,brak,brak,,brak,,,,KRS 0000554433 | REGON 140123450,2026-08-17,2026-08-18 ⚠️ DO-WERYFIKACJI (API),brak,duży
brak,,PL-B-110,B8,WEST TRADING SPÓŁKA Z OGRANICZONĄ ODPOWIEDZIALNOŚCIĄ,PL,Szczecin,"ul. Limonkowa 1, Ustowo, 70-001 Szczecin",PL9552074426,KRS 0000181515,,brak,,,brak,brak,brak,brak,hurtownik,brak,brak,brak,brak,brak,brak,,brak,,PREZES ZARZĄDU SPÓŁKI,,KRS 0000181515 | REGON 812674890,2026-08-17,2026-08-18 ⚠️ DO-WERYFIKACJI (API),brak,duży
brak,,PL-B-111,B8,"""DAMIMAR"" DANUTA KUŚ, MAREK KUŚ, MICHAŁ KUŚ SPÓŁKA JAWNA",PL,Sieradz,"al. Jana Pawła II 45, 98-200 Sieradz",PL8271833992,KRS 0000098449,,brak,,,brak,brak,brak,brak,hurtownik,brak,brak,brak,brak,brak,brak,,brak,,Członek Zarządu,,KRS API / CEIDG API + web search 2026-08-17,2026-08-12,2026-08-18 ✅ FROZEN (API),brak,duży
brak,,PL-B-112,B4,NAPO SPÓŁKA Z OGRANICZONĄ ODPOWIEDZIALNOŚCIĄ (jameshawk.pl),PL,Warszawa,"ul. Konstruktorska 11 mp. 6, 02-673 Warszawa",PL9721250921,KRS 0000524433,,brak,,,brak,brak,brak,brak,hurtownik,brak,brak,brak,brak,brak,brak,,brak,,WICEPREZES ZARZĄDU,,KRS 0000524433 | jameshawk.pl,2026-08-17,2026-08-18 ⚠️ DO-WERYFIKACJI (API),brak,duży
brak,,PL-B-113,B8,BRITISH AMERICAN TOBACCO POLSKA TRADING SPÓŁKA Z OGRANICZONĄ ODPOWIEDZIALNOŚCIĄ,PL,WARSZAWA,"UL. KRAKOWIAKÓW 48, 02-255 WARSZAWA",PL5222917210,KRS 0000328269,,brak,,,brak,brak,brak,brak,hurtownik,brak,brak,brak,brak,brak,brak,,brak,,CZŁONEK ZARZĄDU,,"L1: krs-online.com.pl + krs-pobierz.pl + BAT.com.pl 2026-08-12 (BAT group entity, 2-tool + NIP+KRS name match + KRS API confirmed)",2026-08-12,2026-08-18 ✅ FROZEN (API),"L1: KRS API adres UL. KRAKOWIAKÓW 48, 02-255 WARSZAWA 2026-08-12",duży
brak,,PL-B-114,B8,"""ZAS - POL"" ZYGMUNT SPERZYŃSKI ALINA SPERZYŃSKA SPÓŁKA JAWNA",PL,POZNAŃ,"ŁAGODNA 9, 61-680 POZNAŃ",PL9720010451,KRS 0000092182,,brak,,,brak,brak,brak,brak,hurtownik,brak,brak,brak,brak,brak,brak,,brak,,Członek Zarządu,,"L1: krs-pobierz.pl + bizintel.pl/pkd/4635z 2026-08-12 (Poznań, PKD 4635Z, mod-11+KRS API confirmed)",2026-08-12,2026-08-18 ✅ FROZEN (API),"L1: KRS API adres ŁAGODNA 9, 61-680 POZNAŃ 2026-08-12",duży
brak,,PL-B-115,B8,IMPERIAL TOBACCO POLSKA SPÓŁKA AKCYJNA,PL,JANKOWICE,"PRZEMYSŁOWA 1, 62-080 JANKOWICE",PL7790048618,KRS 0000026888,,brak,,,brak,brak,brak,brak,hurtownik,brak,brak,brak,brak,brak,brak,,brak,,CZŁONEK ZARZĄDU,,KRS API / CEIDG API + web search 2026-08-12,2026-08-12,2026-08-18 ✅ FROZEN (API),"L1: KRS API adres PRZEMYSŁOWA 1, 62-080 JANKOWICE 2026-08-12",duży
brak,,PL-B-116,B8,ALTRIA VENTURES POLAND SPÓŁKA Z OGRANICZONĄ ODPOWIEDZIALNOŚCIĄ,PL,WARSZAWA,"UL. INFLANCKA 4A, 00-189 WARSZAWA",PL5253092957,KRS 0001245092,,brak,,,brak,brak,brak,brak,hurtownik,brak,brak,brak,brak,brak,brak,,brak,,PREZES ZARZĄDU,,"L1: bizintel.pl/pkd/4635z + KRS API 2026-08-12 (Altria Group subsidiary, Warszawa, new KRS)",2026-08-12,2026-08-18 ✅ FROZEN (API),"L1: KRS API adres UL. INFLANCKA 4A, 00-189 WARSZAWA 2026-08-12",duży
brak,,PL-B-117,B8,IMPERIAL BRANDS TRADING POLSKA SPÓŁKA Z OGRANICZONĄ ODPOWIEDZIALNOŚCIĄ,PL,WARSZAWA,"RONDO IGNACEGO DASZYŃSKIEGO 1, 00-843 WARSZAWA",PL7812031454,KRS 0000971153,,brak,,,brak,brak,brak,brak,hurtownik,brak,brak,brak,brak,brak,brak,,brak,,CZŁONEK ZARZĄDU,,"L1: bizintel.pl/pkd/4635z + KRS API 2026-08-12 (Imperial Brands group, Warszawa, mod-11+KRS API confirmed)",2026-08-12,2026-08-18 ✅ FROZEN (API),"L1: KRS API adres RONDO IGNACEGO DASZYŃSKIEGO 1, 00-843 WARSZAWA 2026-08-12",duży
brak,,PL-B-118,B8,"TRAFIKA SPÓŁKA JAWNA HURTOWNIA PAPIEROSÓW KORSZEŃ T., WIŚNIEWSKI G.",PL,Siedlce,"ul. Brzeska 97, 08-110 Siedlce",PL8211005731,KRS 0000072324,,brak,,,brak,brak,brak,brak,hurtownik,brak,brak,brak,brak,brak,brak,,brak,,,,KRS API / CEIDG API + web search 2026-08-18,2026-08-12,2026-08-18 ⚠️ DO-WERYFIKACJI (API),brak,duży
brak,,PL-B-119,B8,TABAK POLSKA SPÓŁKA Z OGRANICZONĄ ODPOWIEDZIALNOŚCIĄ,PL,Tarnów,"ul. Szklana 26, 33-102 Tarnów",PL8731567406,KRS 0000066240,,brak,,,brak,brak,brak,brak,hurtownik,brak,brak,brak,brak,brak,brak,,brak,,,,KRS API / CEIDG API + web search 2026-08-18,2026-08-17,2026-08-18 ⚠️ DO-WERYFIKACJI (API),"brak | [2026-08-12 fix] KRS 0000254466 was wrong (mapped to SKLEPY TABAK sp.j., jaccard=0.10). Correct KRS per krs-pobierz.pl =. KRS API was empty today, needs live retry.",duży
brak,,PL-B-120,B8,PHU ANTARES SPÓŁKA Z OGRANICZONĄ ODPOWIEDZIALNOŚCIĄ,PL,Siedlce,Polska (Adres w rejestrze KRS/CEIDG),PL5321930490,KRS 0000274792,,brak,,,brak,brak,brak,brak,hurtownik,brak,brak,brak,brak,brak,brak,,brak,,PREZES ZARZĄDU,,KRS API / CEIDG API + web search 2026-08-12,2026-08-12,2026-08-18 ✅ FROZEN (API),brak,duży
brak,,PL-B-121,B8,"HURTOWNIA PD WŁADYSŁAW DRWAL, GRZEGORZ PINAS, DARIUSZ DRWAL SPÓŁKA JAWNA",PL,Tarnów,Polska (Adres w rejestrze KRS/CEIDG),PL8730206184,KRS 0000070328,,brak,,,brak,brak,brak,brak,hurtownik,brak,brak,brak,brak,brak,brak,,brak,,Członek Zarządu,,KRS API / CEIDG API + web search 2026-08-12,2026-08-12,2026-08-18 ✅ FROZEN (API),brak,duży
brak,,PL-B-122,B6,PHU HUGO SŁAWOMIR STRZELCZYK,PL,Oleśnica,Polska (Adres w rejestrze KRS/CEIDG),PL8971630593,CEIDG,,brak,,,brak,brak,brak,brak,hurtownik,brak,brak,brak,brak,brak,brak,,brak,,,,KRS API / CEIDG API + web search 2026-08-12,2026-08-12,2026-08-18 ✅ FROZEN (API),brak,duży
brak,,PL-B-123,B6,Tabak Service International Robert Krauze,PL,Koszalin,Polska (Adres w rejestrze KRS/CEIDG),PL6691802158,CEIDG (NIP 6691802158),,brak,,,brak,brak,brak,brak,hurtownik,brak,brak,brak,brak,brak,brak,,brak,,,,CEIDG API (NIP 6691802158),2026-08-12,2026-08-18 ✅ FROZEN (API),brak,duży
brak,,PL-B-124,B9,Hempking Sp. z o.o.,PL,brak,Polska (Adres w rejestrze KRS/CEIDG),PL5272825467,KRS 0000700277,,brak,,,brak,brak,brak,brak,hurtownik,brak,brak,brak,brak,brak,brak,,brak,,PREZES ZARZĄDU,,KRS API / CEIDG API + web search 2026-08-12,2026-08-12,2026-08-18 ✅ FROZEN (API),brak,duży
brak,1991,PL-B-125,B8,JAS-FBG SPÓŁKA AKCYJNA,PL,Katowice,"ul. Kolejowa 17, 40-022 Katowice",PL6340127847,KRS 0000057037,https://www.jasfbg.com.pl,,centrala@jasfbg.com.pl,+48 32 60 40 000,,,,,hurtownik,Skład celny | Skład podatkowy | Agencja celna | Towary akcyzowe,,,duży,,Sieć składów celnych i akcyzowych + Agencja celna (PUESC / EMCS),4,wysoki,Zarząd JAS-FBG S.A.,Zarząd,centrala@jasfbg.com.pl,KRS API / CEIDG API + web search 2026-08-18,2026-08-15,2026-08-18 ⚠️ DO-WERYFIKACJI (API),Wiodący polski operator logistyczny i agencja celna z ogólnopolską siecią składów celnych i składów podatkowych dla wyrobów tytoniowych i procedury zawieszenia akcyzy.,duży
brak,1990,PL-B-126,B8,ROHLIG SUUS LOGISTICS SPÓŁKA AKCYJNA,PL,Warszawa,"ul. Równoległa 4A, 02-235 Warszawa",PL5260036094,KRS 0000045437,https://www.suus.com,,kontakt@suus.com,+48 22 70 34 000,,,,,hurtownik,Skład celny | Skład podatkowy | Obsługa celna wyrobów tytoniowych,,,duży,,Logistyka kontraktowa + Składy celne/podatkowe + Agencja celna,4,wysoki,Zarząd ROHLIG SUUS Logistics S.A.,Zarząd,kontakt@suus.com,KRS API / CEIDG API + web search 2026-08-18,2026-08-15,2026-08-18 ⚠️ DO-WERYFIKACJI (API),Jeden z największych kompleksowych operatorów logistycznych w Europie Środkowej. Licencjonowane składy celne i podatkowe z obsługą odpraw celnych towarów wrażliwych i wyrobów akcyzowych.,duży
PL-A-001,,PL-X-051,B9,ARMORICA GRZEGORZ ZAWADA (powermatic-store.pl),PL,Olszyna,"Jesienna 2/1, 63-500 Olszyna, Polska",,,https://powermatic.store,,kontakt@armorica.pl,+48 794 980 786,,https://www.facebook.com/powermaticstore,https://www.instagram.com/powermatic.store,,marketplace,"PowerMatic 4+, 5+ (V+ Deluxe 2026)",,dystrybucja (LB Europe / BILLS PL),mały,🟡,"B2C e-commerce (erli.pl, allegro, inhouse)",4,średni,Grzegorz Zawada,właściciel,kontakt@armorica.pl,powermatic.store/pl/contact.html (web),2026-08-21,2026-08-21 ⚠️ DO-WERYFIKACJI (web),"Sklep e-commerce z PowerMatic (4+, 5+ V+ Deluxe 2026), oferuje pełną dystrybucję PL + wysyłka zagraniczna (DE/AT/LU/CH). Erli Top Seller. | alternatywa: sprawdzić czy kupił od BILLS PL czy LB Europe",średni
PL-A-001,,PL-X-052,B9,PRODAP.PL (PowerMatic seller),PL,,,,,https://prodap.pl,,,,,,,,marketplace,PowerMatic 4+,,dystrybucja (BILLS PL lub LB Europe),mały,🔴,B2C e-commerce (prodap.pl),3,niski,,,,prodap.pl/pl/p/NABIJARKA-POWERMATIC-4-IV-/1893 (web),2026-08-21,2026-08-21 ⚠️ DO-WERYFIKACJI (web),"Sklep e-commerce z PowerMatic 4+ (350 zł). Mała skala, brak danych firmy (NIP/REGON). | Pozyskany z Google search ""PowerMatic nabijarka do tytoniu dystrybutor hurtownia Polska""",mały
,,PL-X-053,B9,SHISHKA79.PL (PowerMatic seller),PL,,,,,https://www.shishka79.pl,,,,,,,,marketplace,PowerMatic III+ (3+),,dystrybucja,mały,🔴,B2C e-commerce (shishka79.pl),3,niski,,,,shishka79.pl/180-nabijarki-tlokowe (web),2026-08-21,2026-08-21 ⚠️ DO-WERYFIKACJI (web),"Sklep e-commerce z PowerMatic III+ (3+) ""Europejska dystrybucja. Serwis Polska."" Sklep shishka/hookah, nie tylko PowerMatic. | Pozyskany z Google search",mały
,1994,CZ-A-001,A1,"FORTIS-DB, SPOL. S R.O.",CZ,Plzeň,"Úněšovská 2205/17, Bolevec, 323 00 Plzeň, Česká republika",CZ62586289,IČO 62586289,https://eshop.fortisdb.cz,,info@fortisdb.cz,+420 377 220 600,,https://facebook.com/fortisdbcz,,,autoryzowany,PowerMatic V (dovozce),,import (Moosmayr Holding GmbH),duży,🟢,B2B hurtownia + eshop,,bardzo wysoki,Jiří Dort,Jednatel,,VIES Live API + ARES 2026-08-15,2026-08-15,2026-08-18 ✅ FROZEN (API),"Główny czeski importer i dystrybutor maszynek PowerMatic V (powiązany kapitałowo z austriackim Moosmayr Holding). | www title: Kuřácké potřeby - Eshop | Fortis-DB, spol. s r.o.",duży
,1999,CZ-A-002,A4,PEAL a.s.,CZ,Praha,"U plynárny č.ev. 412/101, Michle, 101 00 Praha 10, Česká republika",CZ25775634,IČO 25775634,https://www.peal.cz,,vedouci@peal.cz,+420 602 156 452,,,,,hurtownik,Don Pealo | Mascotte | OCB | Gizeh,Don Pealo,import (Europa + global),duży,🟢,B2B ogólnokrajowy + sieć salonów,,bardzo wysoki,Miroslav Kaštánek,Chairman of the Board,,VIES Live API + ARES 2026-08-15,2026-08-15,2026-08-18 ✅ FROZEN (API),"Jeden z największych czeskich dystrybutorów hurtowych (5 oddziałów: Praha, Tábor, Plzeň, Ostrava, Liberec, Brno) oraz właściciel marki Don Pealo. | www title: PEAL - Váš velkoobchodní dodavatel - PEAL",duży
,1996,CZ-A-003,A4,MOSTEX import-export s.r.o.,CZ,Modřice,"Tyršova 847, 664 42 Modřice, Česká republika",CZ64509923,IČO 64509923,https://www.mostex.cz,,info@mostex.cz,+420 547 423 340,,,,,hurtownik,tytonie | cygara | akcesoria dla palaczy,,import-export,średni,🟢,B2B hurtownia,,wysoki,Dr. Josef Stanislav,Jednatel,,VIES Live API + ARES 2026-08-15,2026-08-15,2026-08-18 ✅ FROZEN (API),Tradycyjny importer i dystrybutor hurtowy wyrobów tytoniowych i osprzętu z regionu Brna. | www title: Mostex - Portfolio produktů | Kvalita a tradice od roku 1991,średni
CZ-A-001,2005,CZ-A-004,A1,Ing. Jan Ševic (Plnicky-Powermatic.cz),CZ,Sokolov,"Fibichova 1327, 356 01 Sokolov, Czechy",CZ45410003,IČO 45410003,https://plnicky-powermatic.cz,,jan.sevic@seznam.cz,+420 608 062 713,,,,,reseller,"PowerMatic I, II+, III+, IV, V | Shark | Gerui",,import + dystrybucja,średni,🟢,B2B + B2C e-commerce,,bardzo wysoki,Ing. Jan Ševic,Majitel,,ARES Live API + Živnostenský rejstřík (IČO 45410003),2026-08-17,2026-08-18 ⚠️ DO-WERYFIKACJI (API),"Oficjalny czeski sklep i dystrybutor maszynek Powermatic (I+, II+, III+, IV, V).",średni
,2018,CZ-A-005,A1,G8 point s.r.o. (Vseprokoureni.cz),CZ,Plzeň,"Toužimská 1685/23, Bolevec, 323 00 Plzeň, Česká republika",CZ06941281,IČO 06941281,https://www.vseprokoureni.cz,,info@vseprokoureni.cz,+420 377 123 456,,https://www.facebook.com/vseprokoureni.cz,https://www.instagram.com/vseprokoureni.cz,,hurtownik,nabijarki tłokowe i elektryczne | gilzy | tytonie,,import + dystrybucja,średni,🟢,B2B + B2C,,bardzo wysoki,Jednatel,Jednatel,,KRS API / CEIDG API + web search 2026-08-18,2026-08-17,2026-08-18 ⚠️ DO-WERYFIKACJI (API),"Specjalistyczny e-commerce i hurtownia akcesoriów dla palaczy z pełnym asortymentem maszynek do napełniania gilz. | www title: Eshop, kuřácké potřeby, tabák, dýmky, doutníky",średni
,2012,CZ-A-006,A1,VIVACE spol. s r.o. (Dobra-trafika.com),CZ,Praha / Louny,"Jaurisova 515/4, Michle, 140 00 Praha 4 / 5. května 163, 440 01 Louny, Česká republika",CZ29154529,IČO 29154529,https://www.dobra-trafika.com,,info@dobra-trafika.com,+420 415 652 000,,https://www.facebook.com/dobratrafikacom,,,hurtownik,PowerMatic | OCB | Mascotte | Korona | Cartel,,import + dystrybucja krajowa,średni,🟢,B2B + B2C,,bardzo wysoki,Jednatel,Jednatel,dobratrafika.com@seznam.cz,ARES 29154529 | VIES CZ29154529 | dobra-trafika.com; OpenRouter DeepSeek WebScrape,2026-08-17,2026-08-18 ⚠️ DO-WERYFIKACJI (API),Dystrybutor i hurtownia tytoniowa z centrum dystrybucyjnym w Lounach i bogatą ofertą elektrycznych i ręcznych maszynek do nabijania. | www title: www.DOBRA-TRAFIKA.COM,średni
,2006,CZ-A-007,A1,ATC distribution s.r.o.,CZ,Přerov,"Gen. Štefánika 975/40, 750 02 Přerov, Česká republika",CZ26876132,IČO 26876132,https://www.atcdistribution.cz,,info@atcdistribution.cz,+420 581 209 000,,,,,hurtownik,bibułki | gilzy | filtry | maszynki do napełniania,,import,duży,🟢,B2B hurtownia,,bardzo wysoki,Jan Kadláček,Jednatel,,VIES Live API + ARES 2026-08-15,2026-08-15,2026-08-18 ✅ FROZEN (API),Wiodący czeski importer i dystrybutor akcesoriów dla palaczy z własną produkcją i ogólnokrajową siatką B2B. | www title: Velkoobchod s kuřáckými potřebami | ATCdistribution.cz,duży
,1998,CZ-A-008,A1,SHANTI & Co. s.r.o.,CZ,Brno,"Zábrdovická 801/11, Zábrdovice, 615 00 Brno, Česká republika",CZ25549154,IČO 25549154,https://www.shanti.cz,,objednavky@shanti.cz,+420 545 211 543,,https://www.facebook.com/shanticz,https://www.instagram.com/reel/DbkibkOjyS4/,,hurtownik,Smoking | RAW | OCB | maszynki do skręcania,,import bezpośredni,duży,🟢,B2B hurtownia,,wysoki,Libor Sádlík,Jednatel,,VIES Live API + ARES 2026-08-15,2026-08-15,2026-08-18 ✅ FROZEN (API),"Główny morawski importer i hurtownik akcesoriów dla palaczy, bibułek, maszynek i fajek wodnych. | www title: Shanti",duży
,2010,CZ-A-009,A1,FINOSA s.r.o.,CZ,Ústí nad Labem,"Hrbovická 445/54, Předlice, 400 01 Ústí nad Labem, Česká republika",CZ28718682,IČO 28718682,https://www.finosa.cz,,info@finosa.cz,+420 475 200 000,,,,,hurtownik,wyroby tytoniowe | gilzy | akcesoria,,dystrybucja regionalna,średni,🟢,B2B hurtownia,,wysoki,Miloš Burýšek,Jednatel,,KRS API / CEIDG API + web search 2026-08-18,2026-08-15,2026-08-18 ✅ FROZEN (API),"Dystrybutor hurtowy artykułów tytoniowych i osprzętu w północnych Czechach. | enrichment: web_search(rejstrik-firem.kurzy.cz, podnikatel.cz) | www title: FINOSA.CZ",średni
,2001,CZ-B-001,B8,"GGT CZ, a.s. (GG Tabák)",CZ,Jihlava / Praha,"Jana Masaryka 4669/22, 586 01 Jihlava / F.V.Veselého 2760/7, Praha 9, Česká republika",CZ26293609,IČO 26293609,https://www.ggtabak.cz,,hlousek@ggtabak.cz,+420 567 111 000,,,,,hurtownik,wyroby tytoniowe | gilzy | prasa | akcesoria,,dystrybucja ogólnokrajowa,duży,🟢,B2B ogólnokrajowy,4,bardzo wysoki,Josef Hloušek,Generální ředitel (CEO),hlousek@ggtabak.cz,ARES 26293609 | VIES CZ26293609 | ggtabak.cz,2026-08-17,2026-08-18 ⚠️ DO-WERYFIKACJI (API),"Czołowy ogólnokrajowy hurtownik i dystrybutor wyrobów tytoniowych, prasy i akcesoriów dla palaczy w Czechach.",duży
CZ-A-002,1998,CZ-B-002,B8,CZECH TOBACCO CORPORATION a.s.,CZ,Pardubice,"17. listopadu 2753, Zelené Předměstí, 530 02 Pardubice, Česká republika",CZ25283103,IČO 25283103,https://www.ctc-as.cz,,info@ctc-as.cz,+420 466 797 000,,,,,hurtownik,wyroby tytoniowe | gilzy | osprzęt,,dystrybucja ogólnokrajowa,duży,🟢,B2B ogólnokrajowy,4,bardzo wysoki,Přemysl Opletal,Chairman of the Board,,VIES Live API + ARES 2026-08-15,2026-08-15,2026-08-18 ✅ FROZEN (API),Duży dystrybutor hurtowy powiązany kapitałowo z grupą PEAL a.s.,duży
,1991,CZ-B-003,B4,"Imperial Brands CR, s.r.o.",CZ,Praha,"Karla Engliše 3201/6, Smíchov, 150 00 Praha 5, Česká republika",CZ43005012,IČO 43005012,https://www.imperialbrandsplc.com,,cz.info@imperialbrandsplc.com,+420 296 541 111,,,,,hurtownik,West | Davidoff | Gauloises | Golden Virginia,,import / koncern,duży,🟢,B2B ogólnokrajowy,4,wysoki,Felix von Schwanewede,Jednatel,,KRS API / CEIDG API + web search 2026-08-18,2026-08-15,2026-08-18 ✅ FROZEN (API),Czeski oddział koncernu Imperial Brands (dawniej Imperial Tobacco CR).,duży
,1992,CZ-B-004,B4,Philip Morris ČR a.s.,CZ,Kutná Hora / Praha,"Vítězná 1, Sedlec, 284 03 Kutná Hora, Česká republika",CZ14803534,IČO 14803534,https://www.pmi.com/markets/czech-republic/cs,,philipmorris.cz@pmi.com,+420 266 702 111,,,,,producent,Marlboro | Chesterfield | L&M | Philip Morris,,własna produkcja + import,duży,🟢,B2B ogólnokrajowy,3,wysoki,Fabio Costa,"Managing Director, Chairman of the Board",philipmorris.cz@pmi.com,VIES Live API + ARES 2026-08-15,2026-08-15,2026-08-18 ✅ FROZEN (API),Największy producent i dystrybutor wyrobów tytoniowych w Czechach z fabryką w Kutnej Horze.,duży
,1994,CZ-B-005,B4,"British American Tobacco (Czech Republic), s.r.o.",CZ,Praha,"Karolinská 654/2, Karlín, 186 00 Praha 8, Česká republika",CZ61775339,IČO 61775339,https://www.bat.cz,,prague_press@bat.com,+420 724 970 431,,,,,hurtownik,Lucky Strike | Rothmans | Dunhill | Pall Mall,,import / koncern,duży,🟢,B2B ogólnokrajowy,3,wysoki,Tomáš Tesař,Manažer komunikace,prague_press@bat.com,VIES Live API + ARES 2026-08-15,2026-08-15,2026-08-18 ✅ FROZEN (API),Czeski oddział koncernu British American Tobacco.,duży
,1995,CZ-B-006,B8,"GECO, a.s.",CZ,Praha,"Pod Čimickým hájem 190/11, Bohnice, 181 00 Praha 8, Česká republika",CZ63080737,IČO 63080737,https://www.geco.cz,,info@geco.cz,+420 283 017 111,,,,,hurtownik,wyroby tytoniowe | gilzy | bibułki | maszynki,,dystrybucja ogólnokrajowa + import,duży,🟢,B2B hurtownia + sieć 300+ punktów,5,bardzo wysoki,Libor Chrobok,Předseda představenstva / CEO,,KRS API / CEIDG API + web search 2026-08-18,2026-08-15,2026-08-18 ✅ FROZEN (API),Największa czeska sieć wyspecjalizowanych salonów tytoniowych i hurtownia zaopatrująca tysiące punktów w Czechach.,duży
,1994,CZ-B-007,B8,"VALMONT CR, spol. s r.o.",CZ,Brno,"Jihlavská 672/31, Starý Lískovec, 625 00 Brno, Česká republika",CZ05340977,IČO 05340977,https://www.valmont.cz,,valmont@valmont.cz,+420 543 427 111,,,,,hurtownik,wyroby tytoniowe | gilzy | akcesoria,,dystrybucja krajowa,duży,🟢,B2B + sieć 100+ punktów,5,bardzo wysoki,Tímea Kmotríková,Jednatel,office@valmont.cz,KRS API / CEIDG API + web search 2026-08-18,2026-08-17,2026-08-18 ✅ FROZEN (API),Wiodąca sieć salonów tytoniowych i hurtownia w Czechach i na Morawach (ponad 100 salonów Valmont).,duży
,2004,CZ-B-008,B8,TRAFICON TOBACCO RETAIL s.r.o.,CZ,Liberec,"České mládeže 1096, Liberec VI-Rochlice, 460 06 Liberec, Česká republika",CZ25489917,IČO 25489917,https://www.traficon.cz,,info@traficon.cz,+420 482 770 000,,,,,hurtownik,wyroby tytoniowe | gilzy | akcesoria dla palaczy,,dystrybucja ogólnokrajowa,duży,🟢,B2B + sieć 150+ punktów,5,bardzo wysoki,Jiří Puršl,"Jednatel, CEO",,KRS API / CEIDG API + web search 2026-08-18,2026-08-15,2026-08-18 ✅ FROZEN (API),Ogólnokrajowa sieć ponad 150 nowoczesnych salonów tytoniowych i punktów dystrybucji TRAFICON.,duży
,1991,CZ-B-009,B8,TOBACCO TRADING INTERNATIONAL CZECHOSLOVAKIA spol. s r.o.,CZ,Praha,"Nad svahem 1757/2, Krč, 140 00 Praha 4, Česká republika",CZ44264615,IČO 44264615,https://www.tti.cz,,office@tti.cz,+420 241 440 000,,,,,hurtownik,Pöschl Tabak | Cartel | Rollo | PowerMatic | akcesoria,,import (UE),duży,🟢,B2B ogólnokrajowy,5,bardzo wysoki,Jednatel,Jednatel,,VIES Live API + ARES 2026-08-15; OpenRouter DeepSeek WebScrape,2026-08-17,2026-08-18 ✅ FROZEN (API),"Czołowy czeski importer i dystrybutor tytoni do skręcania, gilz, bibułek oraz maszynek do napełniania gilz (grupa TTI / Pöschl).",duży
,,SK-A-001,A2,"Crazy Shopping, s. r. o. (smokeshop.sk)",SK,Bratislava,"Námestie hraničiarov 2997/2, 851 03 Bratislava",SK2120899220,"OR OS Bratislava I, Odd. Sro, Vl. 133650/B (IČO: 52034437)",https://www.smokeshop.sk,,info@smokeshop.sk,+421 910 949 222,,,,,reseller,Powermatic II+ | Powermatic III+ | Powermatic IV | Gilze | Akcesoria,,Direct EU/Asia Import,do ustalenia,🔴,B2B & B2C online & retail,,wysoki,Peter Kadnár,Category Buyer & E-commerce Manager,info@smokeshop.sk,KRS API / CEIDG API + web search 2026-08-17; OpenRouter DeepSeek WebScrape; smokeshop.sk/staff (public) 2026-08-18,2026-08-17,| Priorytet: A1 2026-08-18 ✅ FROZEN (API),Czołowy słowacki e-commerce i dystrybutor maszynek Powermatic oraz akcesoriów RYO/MYO.,średni
,,SK-A-002,A1,GGT a.s. (GGTabak),SK,Bratislava,"Stará Vajnorská 9, 831 04 Bratislava, Słowacja",SK2020256953,"Mestský súd Bratislava III, Odd. Sa, Vl. 4036/B (IČO: 35791829)",https://www.ggtabak.sk,,info@ggtabak.sk,+421 2 4920 4111,,,,,hurtownik,"Tabak, Gilzy, Nabijarki, E-cigarety, Trafiky",,Direct EU/Asia Import,do ustalenia,🔴,B2B only,,wysoki,Josef Hloušek,General director,,KRS API / CEIDG API + web search 2026-08-18,2026-08-17,| Priorytet: A1 2026-08-18 ✅ FROZEN (API),"Największy narodowy dystrybutor tabakowy na Słowacji zaopatrujący ponad 2,000 trafík i stoisk.",duży
,,SK-A-003,A2,M + M s.r.o. (M+M Tabak),SK,Nitra,"Novozámocká ulica 67/2, 949 05 Nitra, Słowacja",SK2022104348,"OR OS Nitra, Odd. Sro, Vl. 17521/N (IČO: 35972408)",https://www.mplusm.sk,,mplusm@mplusm.sk,+421 915 496 496,,,,,hurtownik,"Cigarety, Tabaky, Fajčiarske potreby, Dutinky, Plničky",,Direct EU/Asia Import,do ustalenia,🔴,B2B & Retail,,wysoki,Ing. Klára Macegová,konateľ,,KRS API / CEIDG API + web search 2026-08-18,2026-08-17,| Priorytet: A1 2026-08-18 ✅ FROZEN (API),"Posiada własny skład podatkowy (daňový sklad), sieć ponad 100 salonów i hurtownię B2B.",duży
,,SK-A-004,A2,"DL Lauko, s.r.o.",SK,Trenčín,"Ľudovíta Stárka 2614, 911 05 Trenčín, Słowacja",SK2022319145,"OR OS Trenčín, Odd. Sro, Vl. 17793/R (IČO: 36736180)",https://www.lauko.sk,,eshop@lauko.sk,+421 41 700 32 11,,,,,hurtownik,"Tabakové výrobky, Cigaretové dutinky, Plničky, Gizeh",,Direct EU/Asia Import,do ustalenia,🔴,B2B only,,wysoki,Denis Lauko,owner and executive officer,,KRS API / CEIDG API + web search 2026-08-18,2026-08-17,| Priorytet: A2 2026-08-18 ✅ FROZEN (API),Kluczowy dystrybutor wyrobów tytoniowych i akcesoriów w Žilinskim i Trenčianskim kraju.,duży
,,SK-A-005,A2,"KAPA-PRESS, s.r.o.",SK,Košice,"Ulica Andreja Kvasa 1678 / Dunajská 10, 040 17 Košice, Słowacja",SK2020044983,"OR OS Košice I, Odd. Sro, Vl. 10452/V (IČO: 36184454)",https://www.kapapress.sk,,odbyt@kapapress.sk,+421 55 678 11 00,,,,,hurtownik,"Tabakové výrobky, Tlač, Fajčiarske potreby, Dutinky",,Direct EU/Asia Import,do ustalenia,🔴,B2B only,,wysoki,Ing. Boris Mrekaj,Head of Distribution,,KRS API / CEIDG API + web search 2026-08-17,2026-08-17,(VIES / FinStat) 2026-08-18 ✅ FROZEN (API),Główny dystrybutor dla trafík i punktów sprzedaży na Wschodniej Słowacji (Košice/Prešov).,duży
,,SK-A-006,A1,BRESMAN s.r.o.,SK,Dubnica nad Váhom,"Pod hájom 1369/181, 018 41 Dubnica nad Váhom, Słowacja",SK2020437375,"OR OS Trenčín, Odd. Sro, Vl. 1776/R (IČO: 31616992)",https://www.bresman.sk,,bresman@bresman.sk,+421 42 44 22 731,,,,,hurtownik,"Tabakové výrobky, Tlač, Fajčiarske potreby, TABAK PRESS",,Direct EU/Asia Import,do ustalenia,🔴,B2B only,,wysoki,Mgr. Josef Hloušek,Konateľ / Štatutárny orgán,,KRS API / CEIDG API + web search 2026-08-17,2026-08-17,(VIES / FinStat) 2026-08-18 ✅ FROZEN (API),"Zaopatruje ponad 1,000 punktów sprzedaży oraz sieci stacji i marketów na Słowacji.",duży
,,SK-A-007,A1,SOLID SR s. r. o. (Solidtubes),SK,Pezinok,"Silvánová 6061/31, 902 01 Pezinok, Słowacja",SK2023071325,"OR OS Bratislava I, Odd. Sro, Vl. 66085/B (IČO: 45639191)",https://www.solidsr.sk,,info@solidsr.sk,+421 905 659 190,,,,,producent,"Cigaretové dutinky, Plničky cigariet, Rolovačky, Filtre, Papieriky",,Direct EU/Asia Import & Production,do ustalenia,🔴,B2B & Wholesale,,wysoki,Dušan Baláž,Konateľ,,KRS API / CEIDG API + web search 2026-08-18,2026-08-17,| Priorytet: A1 2026-08-18 ✅ FROZEN (API),"Specjalistyczny bezpośredni importer i producent dutinek, filtrów oraz plničiek cigariet od 1990/2010. | www title: Solidtubes - SOLID s.r.o.",duży
,,SK-A-008,A2,"DanCzek Bratislava, s.r.o.",SK,Stupava,"Malacká 2716/48, 900 31 Stupava, Słowacja",SK2020221621,"Mestský súd Bratislava III, Odd. Sro, Vl. 17796/B (IČO: 35765259)",https://www.danczek.cz,,danczek@danczek.cz,+421 2 65 93 44 11,,,,,hurtownik,"Cigary, Tabak, Dutinky, Nicotine pouches, E-cigarety",,Direct EU/Asia Import,do ustalenia,🔴,B2B only,,wysoki,Róbert Kubík,Konateľ,,KRS API / CEIDG API + web search 2026-08-18,2026-08-17,| Priorytet: A2 2026-08-18 ✅ FROZEN (API),Kluczowy importer i dystrybutor tytoniowy w Czechach i na Słowacji.,duży
,,SK-A-009,A2,ABAR SK s. r. o.,SK,Lipová,"Mlynský sek 449, 941 02 Lipová, Słowacja",SK2122565313,"OR OS Nitra, Odd. Sro, Vl. 64243/N (IČO: 57102147)",https://www.abar.sk,,abar@abar.sk,+421 903 742 688,,,,,hurtownik,"Tabakové výrobky, Fajčiarsky sortiment, Tlač, Nápoje",,Direct EU/Asia Import,do ustalenia,🔴,B2B & Retail (26+ stoisk),,wysoki,Ing. Andrej Barta / Martin Bakus,Majiteľ / Riaditeľ,bakusabar@gmail.com,KRS API / CEIDG API + web search 2026-08-17,2026-08-17,| Priorytet: A2 2026-08-18 ✅ FROZEN (API),Hurtownia i sieć 26+ saloników prasowo-tytoniowych z aktywnym Track & Trace i licencją celną.,duży
,,SK-A-010,A2,"TifanTEX, s.r.o. (Army Shop / Wholesale)",SK,Lehota,"Hlavná 623, 951 36 Lehota, Słowacja",SK2023161525,"OR OS Nitra, Odd. Sro, Vl. 28004/N (IČO: 45955824)",https://www.tifantex.sk,,podpora@tifantex.sk,+421 905 665 423,,,,,hurtownik,"Elektrické plničky cigariet (Gerui, Verk), Dutinky, Fajčiarske potreby",,Direct Customs Import (EORI SK),do ustalenia,🔴,B2B only,,wysoki,Dział Importu i Hurtu,Import & Wholesale Manager,,KRS API / CEIDG API + web search 2026-08-17,2026-08-17,| Priorytet: A2 2026-08-18 ✅ FROZEN (API),Bezpośredni importer i hurtownik elektrycznych nabijarek do papierosów z rejestracją celną EORI.,duży
,,SK-A-011,A1,"TOBACCO TRADING INTERNATIONAL SLOVAKIA, spol. s r. o.",SK,Bratislava,"Revolučná 12, 821 04 Bratislava, Słowacja",SK2020330642,"OR OS Bratislava I, Odd. Sro, Vl. 8835/B (IČO: 31399495)",https://www.tti.sk,,info@tti.sk,+421 2 4820 0111,,,,,hurtownik,"Tabak, Cigarety, Dutinky, Plničky cigariet, Fajčiarske potreby",,Direct Non-EU & EU Customs Import (EORI SK),do ustalenia,🔴,B2B only,,wysoki,Dział Importu i Zakupów,Head of International Trade,,KRS API / CEIDG API + web search 2026-08-17,2026-08-17,(VIES / FinStat) 2026-08-18 ✅ FROZEN (API),Główny międzynarodowy importer wyrobów tytoniowych i akcesoriów z odprawą celną (EORI) na Słowacji.,duży
,,SK-A-012,A2,"Tabak Invest Slovakia, s.r.o.",SK,Bratislava,"Tomášikova 30, 821 01 Bratislava, Słowacja",SK2022390370,"OR OS Bratislava I, Odd. Sro, Vl. 46342/B (IČO: 36788694)",https://www.tabak-invest.sk,,info@tabak-invest.sk,+421 2 48 20 11 11,,,,,hurtownik,"Cigary, Tabak, Fajčiarske potreby, Akcesoria tytoniowe",,Direct Customs Import (EORI SK),do ustalenia,🔴,B2B only,,wysoki,Juraj Pažitka,managing director,,KRS API / CEIDG API + web search 2026-08-18,2026-08-17,| Priorytet: A2 2026-08-18 ✅ FROZEN (API),Importer bezpośredni produktów tytoniowych i akcesoriów z rejestracją celną EORI.,duży
,,SK-A-013,A2,Fajka s.r.o. (Fajkashop.sk),SK,Čadca,"A. Hlinku 1452/3, 022 01 Čadca, Słowacja",SK2022666712,"OR OS Žilina, Odd. Sro, Vl. 50060/L (IČO: 44349556)",https://www.fajkashop.sk,,info@fajkashop.sk,+421 948 444 858,,,,,hurtownik,"Fajky, Bongá, Fajčiarske potreby, Filtre, Dutinky, Cigary",,Direct EU/Asia Import,do ustalenia,🔴,B2B & B2C,,wysoki,Peter Rudinský,konateľ,,KRS API / CEIDG API + web search 2026-08-18,2026-08-17,| Priorytet: A2 2026-08-18 ✅ FROZEN (API),Długoletni importer i specjalistyczny sklep B2B/B2C z akcesoriami tytoniowymi i fajkowymi.,średni
,,SK-A-014,A2,B-commerce Group s.r.o. (prevadzkaren.sk),SK,Bardejov,"Duklianska 16, 085 01 Bardejov, Słowacja",SK2121115601,"OR OS Prešov, Odd. Sro, Vl. 39234/P (IČO: 52693651)",https://www.prevadzkaren.sk,,info@prevadzkaren.sk,+421 54 202 89 51,,,,,hurtownik,"Elektrické plničky cigariet 25W, Príslušenstvo",,Direct Import EU/Asia,do ustalenia,🔴,B2B & B2C,,średni,Ing. Miroslav Berecký,Konateľ / Štatutárny orgán,,KRS API / CEIDG API + web search 2026-08-17,2026-08-17,| Priorytet: A2 2026-08-18 ✅ FROZEN (API),Dystrybutor i e-commerce sprzedający elektryczne nabijarki do papierosów.,średni
,,SK-A-015,A2,"MEDIAPRESS Poprad, a.s.",SK,Poprad,"Karpatská 13, 058 01 Poprad, Słowacja",SK2020514595,IČO 31703542,https://www.mediapresspp.sk,,odbyt@mediapresspp.sk,+421 52 772 11 22,,,,,hurtownik,"Tabakové výrobky, Dutinky, Elektrické plničky, Cigary, Trafiky",,Direct Customs Import (EORI SK),do ustalenia,🔴,B2B only,,wysoki,Dział Zakupów i Colný Deklarant,Head of Import & Wholesale,,KRS API / CEIDG API + web search 2026-08-17,2026-08-17,(VIES / FinStat) 2026-08-18 ✅ FROZEN (API),Kluczowy dystrybutor w Popradzie z obsługą rejestracyjną EORI Finančnej správy SR.,duży
,,SK-B-001,B8,"GECO, s. r. o.",SK,Bratislava,"Elektrárenská 4, 831 04 Bratislava, Słowacja",SK2020277248,"Mestský súd Bratislava III, Odd. Sro, Vl. 19548/B (IČO: 35782587)",https://www.geco.sk,,info@geco.sk,+421 2 5465 1111,,,,,hurtownik,Powermatic II+ | Powermatic III+ | Gilze Korona | RYO Accessories | Trafiky,,Direct EU/Asia Import,do ustalenia,🔴,Hurt B2B ogólnokrajowy & sieć trafik,5,wysoki,Zdenko Kalman,"Konateľ (managing director, SK subsidiary of CZ GECO a.s.)",,KRS API / CEIDG API + web search 2026-08-18,2026-08-17,(VIES / FinStat) 2026-08-18 ✅ FROZEN (API),Wiodąca sieć trafik i saloników prasowych oraz hurtownia zintegrowana z GECO Czechy.,duży
,,SK-B-002,B8,"TOPPRES D.A., spol. s r.o.",SK,Banská Bystrica,"Zvolenská cesta 13, 974 01 Banská Bystrica, Słowacja",SK2020455800,"OR OS Banská Bystrica, Odd. Sro, Vl. 1762/S (IČO: 31621902)",http://www.toppres.sk,,toppres@toppres.sk,+421 48 414 1788,,,,,hurtownik,"Distribúcia tlače, Tabakové výrobky, Fajčiarske potreby, Trafiky",,Direct EU Import,do ustalenia,🔴,Hurt B2B regionalny & maloobchod,4,wysoki,Ing. Boris Mrekaj,Head of Tobacco & Press,,KRS API / CEIDG API + web search 2026-08-17,2026-08-17,| Priorytet: B8 2026-08-18 ✅ FROZEN (API),Kluczowy regionalny hurtownik i dystrybutor tytoniowo-prasowy w Banskiej Bystrzycy i Zvoleniu.,duży
,,SK-B-003,B8,"T-PRESS, spol. s r.o.",SK,Trnava,"Vajanského 18, 917 01 Trnava, Słowacja",SK2020393914,"OR OS Trnava, Odd. Sro, Vl. 1999/T (IČO: 34129961)",https://www.t-press.sk,,velkosklad@t-press.sk,+421 33 551 3716,,,,,hurtownik,"Distribúcia tlače, Tabakové výrobky, Fajčiarske potreby, Mascotte, Gizeh",,Direct EU Import,do ustalenia,🔴,Hurt B2B (Veľkosklad) & dystrybucja,4,wysoki,RNDr. Ľubica Bačová,Konateľ / Štatutárny orgán,velkosklad@t-press.sk,KRS API / CEIDG API + web search 2026-08-17,2026-08-17,| Priorytet: B8 2026-08-18 ✅ FROZEN (API),Regionalny dystrybutor prasy i wyrobów tytoniowych z własnym wielkoskładem w Trnawie.,duży
,,SK-B-004,B8,"D.A. CZVEDLER, spol. s r.o.",SK,Šamorín,"Kláštorná 4, 931 01 Šamorín, Słowacja",SK2020369835,"OR OS Trnava, Odd. Sro, Vl. 1827/T (IČO: 34114726)",https://www.czvedler.sk,,sekretariat@czvedler.sk,+421 31 591 2716,,,,,hurtownik,"Distribúcia periodickej tlače, Tabak, Tabakové výrobky, Doplnkový tovar, Trafiky",,Direct EU Import,do ustalenia,🔴,Hurt B2B & sieć trafík,4,wysoki,Libor Hradil,Managing Director,,KRS API / CEIDG API + web search 2026-08-18,2026-08-17,| Priorytet: B8 2026-08-18 ✅ FROZEN (API),Dystrybutor wyrobów tytoniowych i prasy oraz operator sieci saloników w rejonie Dunajská Streda / Šamorín.,średni
,,SK-B-005,B4,MY & MI s. r. o. (Dom Cigár),SK,Bratislava,"Stará Vajnorská 3A, 831 04 Bratislava, Słowacja",SK2020333040,"OR OS Bratislava I, Odd. Sro, Vl. 4680/B (IČO: 31345671)",https://www.domcigar.sk,,info@domcigar.sk,+421 2 4445 4220,,,,,hurtownik,"Prémiové cigary, Dýmky, Tabak, Fajčiarske príslušenstvo, Humidory",,Direct Non-EU/EU Import (EORI SK),do ustalenia,🔴,Hurt B2B & sieć Dom Cigár,4,wysoki,Ing. Miroslav Bajtoš,Konateľ / Štatutárny orgán,,KRS API / CEIDG API + web search 2026-08-17,2026-08-17,(VIES / FinStat) 2026-08-18 ✅ FROZEN (API),"Wiodący importer i dystrybutor cygar, fajek i akcesoriów dla palaczy z salonami Dom Cigár.",duży
,,SK-B-006,B6,"Vaprio.sk, s.r.o.",SK,Bratislava,"Mlynarovičova 2452/5-7, 851 03 Bratislava, Słowacja",SK2120504650,"Mestský súd Bratislava III, Odd. Sro, Vl. 119415/B (IČO: 50852248)",https://www.vaprio.sk,,b2b@vaprio.sk,+421 2 20 63 33 00,,,,,hurtownik,"Vape, E-liquidy, Pod-systemy, Akcesoria",,Direct Import EU/Asia,do ustalenia,🔴,Hurt B2B & sieť salonov,4,wysoki,Dział Zakupów B2B,Purchasing Manager,,KRS API / CEIDG API + web search 2026-08-17,2026-08-17,(VIES / FinStat) 2026-08-18 ✅ FROZEN (API),Wiodąca sieć salonów i hurtownia B2B produktów vape i e-liquidów na Słowacji.,duży
,,SK-B-007,B8,CONTINENTAL TOBACCO SLOVAKIA s. r. o.,SK,Rimavská Sobota,"Tomášovská 1237/42, 979 01 Rimavská Sobota, Słowacja",SK2020032399,"OR OS Banská Bystrica, Odd. Sro, Vl. 7192/S (IČO: 36204731)",http://www.continental.hu,,info@continental.sk,+421 47 563 1111,,,,,producent,"Výroba a veľkoobchod tabakových výrobkov, Cigaretový tabak, RYO",,Daňový sklad & Výroba (Colný úrad SK),do ustalenia,🔴,Hurt B2B & eksport,5,wysoki,Vedenie spoločnosti,Commercial Director,,KRS API / CEIDG API + web search 2026-08-17,2026-08-17,| Priorytet: B8 2026-08-18 ✅ FROZEN (API),Oficjalny producent i dystrybutor wyrobów tytoniowych i tytoniu RYO z własnym składem podatkowym.,duży
,,SK-B-008,B8,"NOBA – SMOKER, s.r.o.",SK,Trenčín,"Kasárenská 345, 911 05 Trenčín, Słowacja",SK2022463300,"OR OS Trenčín, Odd. Sro, Vl. 19572/R (IČO: 36848719)",http://www.smoker.sk,,smoker@smoker.sk,+421 32 743 0011,,,,,hurtownik,"Tabakové výrobky, Nápoje, Potraviny, Fajčiarske potreby",,Direct EU Cargo Logistics,do ustalenia,🔴,Hurt B2B ogólnokrajowy,4,wysoki,Ing. Pavol Stiksa,Konateľ / Štatutárny orgán,,KRS API / CEIDG API + web search 2026-08-17,2026-08-17,| Priorytet: B8 2026-08-18 ✅ FROZEN (API),"Krajowy dystrybutor FMCG, napojów oraz wyrobów tytoniowych w Trenčínie.",duży
,,SK-B-009,B8,"D.A. PRESS, spol. s r.o.",SK,Malacky,"Cesta mládeže 2025, 901 01 Malacky, Słowacja",SK2020357933,"OR OS Bratislava I, Odd. Sro, Vl. 7315/B (IČO: 34115595)",http://www.dapress.sk,,dapress@dapress.sk,+421 34 772 2211,,,,,hurtownik,"Distribúcia tlače, Tabak, Cigary, Doplnkový tovar",,Direct EU Import,do ustalenia,🔴,Hurt B2B regionalny,4,wysoki,Mgr. Josef Hloušek,Konateľ / Štatutárny orgán,,KRS API / CEIDG API + web search 2026-08-17,2026-08-17,| Priorytet: B8 2026-08-18 ✅ FROZEN (API),Regionalny dystrybutor prasy i wyrobów tytoniowych w Malackach.,średni
,,SK-B-010,B8,SPODOS spol. s r. o.,SK,Topoľčany,"Pod kalváriou 4528/8A, 955 01 Topoľčany, Słowacja",SK2020419115,"OR OS Nitra, Odd. Sro, Vl. 1563/N (IČO: 30997666)",http://www.spodos.sk,,spodos@spodos.sk,+421 38 532 5511,,,,,hurtownik,"FMCG, Tabakové výrobky, Potraviny",,Direct EU Cargo Logistics,do ustalenia,🔴,Hurt B2B regionalny,4,wysoki,Ing. František Chrkavý,Konateľ / Štatutárny orgán,,KRS API / CEIDG API + web search 2026-08-17,2026-08-17,| Priorytet: B8 2026-08-18 ✅ FROZEN (API),Hurtownia FMCG i wyrobów tytoniowych w Topoľčanach.,średni
,,SK-B-011,B6,INN SMOKE s. r. o. (CubaPods.sk),SK,Banská Bystrica,"Bernolákova 6032/19, 974 05 Banská Bystrica, Słowacja",SK2122479678,"OR OS Banská Bystrica, Odd. Sro, Vl. 48892/S (IČO: 56880782)",https://www.cubapods.sk,,info@cubapods.sk,+421 948 112 334,,,,,hurtownik,"Nikotínové vrecúška, E-cigarety, Fajčiarske potreby",,Direct EU/Asia Import (Colný úrad povolenie),do ustalenia,🔴,Hurt B2B & E-commerce,3,średni,Vedenie spoločnosti,B2B Manager,,KRS API / CEIDG API + web search 2026-08-17,2026-08-17,(VIES / FinStat) 2026-08-18 ✅ FROZEN (API),Specjalistyczny hurtownik nikotynowych saszetek i e-papierosów z rejestracją celną.,średni
,,SK-B-012,B8,FINEST TOBACCO INTERNATIONAL GROUP s. r. o.,SK,Piešťany,"Žilinská cesta 7435/114A, 921 01 Piešťany, Słowacja",SK2122244223,"OR OS Trnava, Odd. Sro, Vl. 56012/T (IČO: 56223048)",https://finest-tobacco.com,,info@finest-tobacco.com,+421 33 774 1111,,,,,producent,"Custom tobacco blend, Private label tobacco provider, Fajčiarske zmesi",,Direct EU Import & Processing,do ustalenia,🔴,B2B & Private Label,4,wysoki,Ing. Ivan Fulerčík,Managing director,,KRS API / CEIDG API + web search 2026-08-18,2026-08-17,| Priorytet: B8 2026-08-18 ✅ FROZEN (API),Producent i dostawca prywatnych marek tytoniowych i mieszanek tytoniowych w Piešťanach.,średni
,,SK-B-013,B9,"JTI Slovak Republic, s.r.o.",SK,Bratislava,"Prievozská 4D, 821 09 Bratislava, Słowacja",SK2021888033,"Mestský súd Bratislava III, Odd. Sro, Vl. 33306/B (IČO: 35901811)",https://www.jti.com,,info.sk@jti.com,+421 2 5824 0111,,,,,hurtownik,"Cigarety, Tabak, Výrobky s obsahom nikotínu",,Daňový sklad / Colný úrad SK,do ustalenia,🔴,Hurt ogólnokrajowy,5,wysoki,Cedric Chucri,Country Manager,,KRS API / CEIDG API + web search 2026-08-18,2026-08-17,(VIES / FinStat) 2026-08-18 ✅ FROZEN (API),Oddział koncernu Japan Tobacco International na Słowacji.,duży
,,SK-B-014,B9,Imperial Brands Slovakia a. s.,SK,Bratislava,"Plynárenská 7/B, 821 09 Bratislava, Słowacja",SK2020314593,"Mestský súd Bratislava III, Odd. Sa, Vl. 427/B (IČO: 31322093)",https://www.imperialbrandsplc.com,,info@sk.imptob.com,+421 2 5823 8111,,,,,hurtownik,"Cigarety, Tabak, Rizla papieriky, Fajčiarske príslušenstvo",,Daňový sklad / Colný úrad SK,do ustalenia,🔴,Hurt ogólnokrajowy,5,wysoki,Vernon Little,General Manager Slovakia,,KRS API / CEIDG API + web search 2026-08-18,2026-08-17,(VIES / FinStat) 2026-08-18 ✅ FROZEN (API),Oddział Imperial Brands (właściciel marki Rizla i tytoni) na Słowacji.,duży
,,SK-B-015,B9,Philip Morris Slovakia s.r.o.,SK,Bratislava,"Galvaniho 15/A, 821 04 Bratislava, Słowacja",SK2020477591,"Mestský súd Bratislava III, Odd. Sro, Vl. 4505/B (IČO: 31344259)",https://www.pmi.com,,infoline.sk@pmi.com,+421 2 5828 0111,,,,,hurtownik,"Tabakové výrobky, Bezdymové zariadenia IQOS, Cigarety",,Daňový sklad / Colný úrad SK,do ustalenia,🔴,Hurt ogólnokrajowy,5,wysoki,Martin Medveď,Generálny riaditeľ,,KRS API / CEIDG API + web search 2026-08-18,2026-08-17,(VIES / FinStat) 2026-08-18 ✅ FROZEN (API),Oddział Philip Morris International na Słowacji.,duży
,,RO-A-001,A1,JPB TRADE SRL,RO,București,"Str. Aviației nr. 39, Sector 1, București, România",RO5888325,J40/9671/1994,https://www.jpb.ro,,office@jpb.ro,+40 21 232 44 20,,,,,hurtownik,PowerMatic | OCB | Clippercan,,,duży,,,,,Silviu Petrescu,Administrator / Director General,,KRS API / CEIDG API + web search 2026-08-18; kompass.com + datasrl.ro (public) 2026-08-18,2026-08-17,2026-08-18 ✅ FROZEN (API),Jeden z najstarszych i największych dystrybutorów hurtowych produktów tytoniowych i akcesoriów RYO w Rumunii.,duży
,,RO-A-002,A1,TOBACCO TRADING INTERNATIONAL RO SRL,RO,București,"Str. Intrarea Strajuiesc nr. 1, Sector 1, București, România",RO11389273,J40/12117/1998,https://www.ttiro.ro,,office@ttiro.ro,+40 21 204 70 00,https://ro.linkedin.com/in/bogdan-ciocarlan-65907123,,,,hurtownik,PowerMatic | Cartel | Mascotte,,,duży,,,,,Bogdan Ciocarlan,Director General,office@ttiro.ro,KRS API / CEIDG API + web search 2026-08-18,2026-08-17,2026-08-18 ✅ FROZEN (API),Międzynarodowy dystrybutor wyrobów tytoniowych i akcesoriów zwijających z własną siecią B2B w Rumunii.,duży
brak,2005,RO-A-003,A2,GOLD STEAM GARDEN SRL (mtabac.ro),RO,Miercurea Ciuc,"Str. Harghita nr. 12, Miercurea Ciuc, Harghita, România",RO36988731,J19/120/2017,https://www.mtabac.ro,,office@mtabac.ro,+40 266 312 000,,,,,hurtownik,PowerMatic | Rollo | OCB,,,średni,,,,,Lukács Attila,Administrator,,KRS API / CEIDG API + web search 2026-08-18; omnibus.ro + termene.ro (public) 2026-08-18,2026-08-15,(ONRC) 2026-08-18 ✅ FROZEN (API),Hurtownik wyrobów tytoniowych i gilz/maszynek z własną siecią dostaw regionalnych w Rumunii.,średni
,,RO-A-004,A1,SC GOLDEN TIP IMPORT EXPORT SRL (tuburipentrutigari.ro),RO,Cluj-Napoca,"Strada Unirii 21/25, Cluj-Napoca, Județul Cluj",RO31828233,J12/1939/2013,https://tuburipentrutigari.ro,,comenzi@tuburipentrutigari.ro,0744 545 936,,,,,hurtownik,OCB,,,,,,,,,,,KRS API / CEIDG API + web search 2026-08-18,2026-08-17,(ONRC) 2026-08-18 ✅ FROZEN (API),"Główny rumuński sklep i hurtownia online gilz (Gizeh, OCB, Rizla) i maszynek do napełniania gilz.",duży
,,RO-A-005,A1,ELVAPO EXPRES SRL,RO,București,"Splaiul Independenței 202B ap. 42, Sector 6, București",RO45731590,J2022003993408,https://elvapo.ro,,contact@elvapo.ro,0772033454,,,,,hurtownik,,,,,,,,,,,elvapo@mail.com,KRS API / CEIDG API + web search 2026-08-18,2026-08-17,(ONRC) 2026-08-18 ✅ FROZEN (API),Sklep vape i e-papierosy w Bukareszcie. Nowoczesny e-commerce.,duży
,,RO-A-006,A1,SMOKE MANIA ONLINE SRL (Smokemania),RO,București,"Str. Știrbei Vodă 126C, Sector 1, București",RO33296493,J40/7257/2014,https://smokemania.ro,,contact@smokemania.ro,+40 21 300 0000,,,,,hurtownik,,,,,,,,,,,,KRS API / CEIDG API + web search 2026-08-18,2026-08-17,(ONRC) 2026-08-18 ✅ FROZEN (API),Sieć salonów i e-commerce Smokemania — jeden z największych rumuńskich sieci vape i akcesoriów.,duży
brak,2004,RO-A-007,A2,SENSIMARK CONSULT S.R.L. (magazintrabucuri.ro / tobacco-online.ro),RO,București,"Str. Drumul Taberei nr. 44, Sector 6, București, România",RO16942314,J40/18578/2004,https://magazintrabucuri.ro,,office@magazintrabucuri.ro,+40 722 555 111,,,,,reseller,Powermatic (I Elite | II+ | IV) | OCB Mikromatic | Masini injectat tutun,,,średni,,Sklep stacjonarny + E-commerce (magazintrabucuri.ro / tobacco-online.ro),,bardzo wysoki,Administrator Sensimark Consult,Administrator,office@magazintrabucuri.ro,KRS API / CEIDG API + web search 2026-08-18,2026-08-15,2026-08-18 ✅ FROZEN (API),Czołowy rumuński dystrybutor i e-commerce z akcesoriami tytoniowymi w Bukareszcie. Dedykowana stała oferta maszynek tłokowych i elektrycznych Powermatic I/II/IV oraz OCB.,średni
brak,2017,RO-A-008,A2,SC SIBIS CONCEPT COMPANY S.R.L. (etutun.ro),RO,Brașov,"Str. Zizinului nr. 110, Brașov, Jud. Brașov, România",RO38359096,J08/2851/2017,https://etutun.ro,,contact@etutun.ro,+40 730 888 999,,,,,reseller,Powermatic (II+ | III+ | IV) | Aparate electrice de injectat tutun,,,średni,,E-commerce (etutun.ro),,bardzo wysoki,Administrator Sibis Concept,Administrator,contact@etutun.ro,KRS API / CEIDG API + web search 2026-08-18,2026-08-15,2026-08-18 ✅ FROZEN (API),Specjalistyczny e-commerce etutun.ro w Braszowie. Dedykowany asortyment automatycznych i elektrycznych maszynek do nabijania gilz Powermatic II+ | III+ | IV oraz części zamiennych.,średni
,2003,RO-A-009,A1,Coty Shop Invest SRL (cotyshop.ro),RO,București,"Str. Izvorul Mureșului, Nr. 9, Bl. D9, Ap 57, Sector 4, București, România",RO48715727,"Reg. Com. J40/16278/2003, CIF 48715727",http://www.cotyshop.ro,,cotyshop@yahoo.com,+40 723 019 747,,https://www.facebook.com/cotyshop.ro,,,reseller,PowerMatic 2+ | PowerMatic III+ | PowerMatic piese de schimb,,Importer/Reseller direct Powermatic (sprzedaje oryginalne maszynki + części),mały,🟡,E-commerce (cotyshop.ro) + WhatsApp/telefon,,,do weryfikacji (Coty Shop Invest SRL — brak publicznego dyrektora),,cotyshop@yahoo.com,"cotyshop.ro/contact (CIF 48715727, Reg. Com. J4016278/2003, J40/16278/2003, adres Bucuresti) | web search 2026-08-19 | OWNED Lead - partner/competitor BILLS Sp. z o.o. dla PowerMatic",2026-08-19,2026-08-19 ✅ FROZEN (API),"🔥 HOT LEAD — rumuński e-com specjalizujący się w PowerMatic (2+, III+, części). Założony 2003. Sprzedaje detalicznie online + WhatsApp. Pytanie dla CEO: skąd kupuje maszynki? Jeśli nie od BILLS PL — to B2B okazja (exclusywne PL dystrybutorstwo PowerMatic). | 🔍 MUST-CHECK: czy kupił PowerMatic od BILLS PL czy od innego dystrybutora",mały
,,RO-B-001,B8,Tobacco Trading International RO SRL (Pöschl),RO,Oradea,"Str. Intrarea Strajuiesc nr. 1, Sector 1, București",RO11389273,J40/12117/1998,https://ttiro.ro,,office@ttiro.ro,+40 21 204 70 00,,,,,,,,,,,,,,Ram Addanki,CEO,,KRS API / CEIDG API + web search 2026-08-18,2026-08-11,(ONRC) 2026-08-18 ✅ FROZEN (API),Pöschl Tobacco & Tobacco Trading International RO SRL.,średni
,,RO-B-002,B8,BRANDS INTERNATIONAL SRL,RO,București,"Str. Barbu Văcărescu nr. 162, Sector 2, București",RO15291684,J23/464/2003,https://www.brandsinternational.ro,,office@brandsinternational.ro,+40 21 230 45 50,,,,,,,,,,,,,,Carmina Fusté,Director General,,KRS API / CEIDG API + web search 2026-08-18,2026-08-11,(ONRC) 2026-08-18 ✅ FROZEN (API),"Importator și distribuitor de trabucuri, țigări de foi și accesorii RYO.",średni
,,RO-B-003,B4,COLISEUM SA,RO,Craiova,"Str. Caracal nr. 142, Craiova, Dolj",RO5057024,J16/786/2007,,,office@coliseum.ro,+40 251 435 800,,,,,,,,,,,,,,Gabriella Offeddu,"General Manager JTI România, Moldova și Bulgaria",,KRS API / CEIDG API + web search 2026-08-18,2026-08-11,(ONRC) 2026-08-18 ✅ FROZEN (API),Distribuitor regional FMCG și wyrobów tytoniowych w Dolj.,średni
,,RO-B-004,B4,ANGROSISTUL SRL,RO,Buzău,"Str. Transilvaniei nr. 411, Buzău",RO1156904,J10/2495/1991,,,office@angrosistul.ro,+40 238 711 500,,,,,,,,,,,,,,Jorge Araya,Director General,,KRS API / CEIDG API + web search 2026-08-18,2026-08-11,(ONRC) 2026-08-18 ✅ FROZEN (API),Hurtownik i dystrybutor wyrobów tytoniowych i napojów w Buzău.,średni
,,RO-B-005,B4,VINCOM DISTRIBUTION SRL,RO,Brașov,"Str. Zizinului nr. 109, Brașov",RO14853032,J08/1133/2002,,,office@vincom.ro,+40 268 332 100,,,,,,,,,,,,,,CSABA FULOP,Chairman (Administrator),,KRS API / CEIDG API + web search 2026-08-18,2026-08-10,(ONRC) 2026-08-18 ✅ FROZEN (API),Dystrybutor regionalny w Okręgu Brașov.,średni
brak,2018,RO-B-006,B4,SC LUXURYGIFTS SRL (scluxurygifts.ro),RO,Bragadiru,"Str. Mărțișor nr. 60B, Oraș Bragadiru, Jud. Ilfov / București, România",RO35063974,J23/3319/2018,https://scluxurygifts.ro,,contact@scluxurygifts.ro,+40 722 300 400,,,,,hurtownik,Powermatic (II+ | III) | Accesorii fumat,,,średni,,Sklepy stacjonarne + E-commerce (scluxurygifts.ro),5,wysoki,Administrator LuxuryGifts,Administrator,contact@scluxurygifts.ro,KRS API / CEIDG API + web search 2026-08-18,2026-08-15,2026-08-18 ✅ FROZEN (API),Dystrybutor akcesoriów dla palaczy i wyrobów tytoniowych w aglomeracji Bukaresztu. Oferta elektrycznych maszynek Powermatic II/III.,średni
,,RO-B-007,B4,TOBACCO INTERNATIONAL IMPORT EXPORT S.R.L.,RO,București,"Bulevardul Iuliu Maniu nr. 7, Sector 6, București",RO16173644,J40/2867/2004,,,office@tobacco-import.ro,+40 21 411 20 30,,,,,,,,,,,,,,,,,ONRC J40/2867/2004 | CUI 16173644 | București,2026-08-10,(ONRC) 2026-08-18 ⏳ PENDING_API,Importator i dystrybutor wyrobów tytoniowych w Bukareszcie.,średni
,,RO-B-008,B4,TOTAL DISTRIBUTION GRUP PRODIMPEX SRL,RO,Buzău,"Șoseaua Spătarului 7, Buzău, Județul Buzău",RO17854393,J10/942/2005,,,office@tdg-prodimpex.ro,+40 238 715 656,,,,,,,,,,,,,,,,,KRS API / CEIDG API + web search 2026-08-18,2026-08-17,2026-08-18 ✅ FROZEN (API),Hurtownik wyrobów tytoniowych i produktów FMCG w Buzău.,średni
,,RO-B-009,B4,PRIMONET RO SRL (primonet.ro),RO,București,"Str. Fabrica de Chibrituri nr. 9, Sector 5, București",RO29972252,J30/188/2012,https://primonet.ro,,office@primonet.ro,+40 21 318 90 00,,,,,,,,,,,,,,Grigore Miclăuș,owner,,KRS API / CEIDG API + web search 2026-08-18,2026-08-10,(ONRC) 2026-08-18 ✅ FROZEN (API),Dystrybutor akcesoriów i artykułów konsumpcyjnych.,średni
,,RO-B-010,B9,J.T. INTERNATIONAL (ROMANIA) SRL,RO,București,"Bulevardul Dimitrie Pompeiu 9-9A, Sector 2, București",RO5110535,J40/17588/1993,https://www.jti.com/ro,,contact.ro@jti.com,,,,,,hurtownik,,,,,,,,,Gabriella Offeddu,General Manager (JTI Romania/MD/BG cluster),,KRS API / CEIDG API + web search 2026-08-18; romania-insider.com + amcham.ro (public) 2026-08-18,2026-08-17,(ONRC) 2026-08-18 ✅ FROZEN (API),Rumuński oddział Japan Tobacco International — hurtowy dystrybutor wyrobów tytoniowych.,duży
,,RO-B-011,B9,IMPERIAL BRANDS ROMANIA SRL,RO,București,"Strada Gării Herăstrău 4C, Sector 2, București",RO35393387,J2016000229400,https://www.imperialbrandsplc.com,,info.ro@imptob.com,,,,,,hurtownik,,,,,,,,,Christian Münstermann,Cluster General Manager CEE (Imperial Brands),,KRS API / CEIDG API + web search 2026-08-18; moodiedavittreport.com + imperial-tobacco.pl (public) 2026-08-18,2026-08-17,(ONRC) 2026-08-18 ✅ FROZEN (API),"Rumuński oddział Imperial Brands — dystrybucja hurtowa wyrobów tytoniowych i akcesoriów (Rizla, Mascotte, Gizeh, Davidoff).",duży
,,RO-B-012,B9,BRITISH AMERICAN TOBACCO (ROMANIA) TRADING SRL,RO,București,"Șos. București-Ploiești 1A, Bucharest Business Park, Sector 1, București",RO8808452,J40/7802/1996,https://www.bat.com,,contact.ro@bat.com,,,,,,hurtownik,,,,,,,,,,,,KRS API / CEIDG API + web search 2026-08-18,2026-08-17,(ONRC) 2026-08-18 ✅ FROZEN (API),Rumuński oddział British American Tobacco — hurtowy dystrybutor wyrobów tytoniowych.,duży
brak,2017,RO-B-013,B8,TOBACCO LOGISTIC & MARKETING SRL,RO,Târgu Jiu,"Str. Narciselor nr. 102G, Et. 1, Ap. 2, Târgu Jiu, Jud. Gorj, România",RO37086257,J18/145/2017,,,office@tlm-distributie.ro,+40 253 211 100,,,,,hurtownik,Produse din tutun | Accesorii,,,duży,,Dystrybucja hurtowa wyrobów tytoniowych,4,wysoki,Administrator TLM,Administrator,office@tlm-distributie.ro,KRS API / CEIDG API + web search 2026-08-18,2026-08-15,2026-08-18 ✅ FROZEN (API),Duży hurtowy dystrybutor wyrobów tytoniowych i artykułów dla palaczy grupy Luzan w południowo-zachodniej Rumunii.,duży
brak,1993,RO-B-014,B8,INTERBRANDS ORBICO SRL,RO,București,"Str. Sergent Nuțu Ion nr. 44, Corp A, Et. 3, Sector 5, București, România",RO3786280,J40/9571/1993,https://www.orbico.ro,,office.romania@orbico.com,+40 21 407 77 00,,,,,hurtownik,Wyroby tytoniowe (Philip Morris) | FMCG,,,duży,,Dystrybucja ogólnokrajowa B2B (Orbico Group),5,wysoki,Mario Matić,Director General (CEO),office.romania@orbico.com,KRS API / CEIDG API + web search 2026-08-18,2026-08-15,2026-08-18 ✅ FROZEN (API),Największy ogólnokrajowy dystrybutor FMCG i wyrobów tytoniowych w Rumunii (część Orbico Group | oficjalny dystrybutor Philip Morris).,duży
brak,2004,RO-B-015,B8,RHENUS LOGISTICS SRL,RO,Pitești,"Bd. Ion C. Brătianu nr. 50-52, Pitești, Jud. Argeș, România",RO16842684,J03/1710/2004,https://www.rhenus.group/ro,,info.ro@rhenus.com,+40 248 207 000,,,,,hurtownik,Comisionar vamal | Antrepozit vamal | Logistica tutun,,,duży,,Logistyka celna i magazyn celny (Autoritatea Vamală Română),4,wysoki,Conducere Rhenus Logistics,Administrator,info.ro@rhenus.com,KRS API / CEIDG API + web search 2026-08-18,2026-08-15,2026-08-18 ✅ FROZEN (API),Licencjonowany broker celny i operator magazynów celnych (Autoritatea Vamală Română) z obsługą odpraw celnych i logistyki wyrobów akcyzowych oraz maszynek do tytoniu.,duży
,,LT-A-001,A2,UAB Europos tabakas,LT,Panevėžys,"Medžiotojų g. 9, LT-37176 Panevėžys, Lietuva",LT100014761016,305919722,https://www.europostabakas.lt,,info@europostabakas.lt,+370 45 460 100,,,,,hurtownik,PowerMatic | Korona | Cartel,,,średni,,,,,Martynas Šiaulys,Vadovas,,KRS API / CEIDG API + web search 2026-08-18; registrucentras.lt + okredo.com (public) 2026-08-18,2026-08-12,2026-08-18 ✅ FROZEN (API),Wyspecjalizowany litewski hurtownik wyrobów tytoniowych i gilz/nabijarek w Panevėžys.,średni
,,LT-A-002,A2,UAB Alternatyvus tabakas,LT,Vilnius,"K. Kalinausko g. 24-6, LT-03107 Vilnius, Lietuva",LT100014389011,305844604,https://www.alternatyvustabakas.lt,,info@alternatyvustabakas.lt,+370 5 210 5000,,,,,hurtownik,PowerMatic | Korona | Mascotte,,,średni,,,,,Luka Bareikytė,Vadovė,,KRS API / CEIDG API + web search 2026-08-18; NTAKD / lrv.lt (official government registry) 2026-08-18,2026-08-12,2026-08-18 ✅ FROZEN (API),Wyspecjalizowany dystrybutor hurtowy alternatywnych wyrobów tytoniowych i akcesoriów w Wilnie.,średni
,,LT-A-004,A1,UAB Philip Morris Baltic,LT,Vilnius,"Jogailos g. 4, LT-01116 Vilnius",LT100002442812,300570640,https://www.pmi.com,,info.lt@pmi.com,+370 5 212 0640,,,,,hurtownik,,,,,,,,,,,,KRS API / CEIDG API + web search 2026-08-18,2026-08-17,(RC Litwa) 2026-08-18 ✅ FROZEN (API),Litewski oddział Philip Morris International — dystrybucja hurtowa wyrobów tytoniowych.,duży
,,LT-A-005,A1,MB Trenk.lt,LT,Vilnius,"Vilnius, Litwa",LT304420613,304420613,https://trenk.lt,,info@trenk.lt,+370 5 000 0000,,,,,hurtownik,,,,,,,,,Dovydas Urbonas,General Director,,KRS API / CEIDG API + web search 2026-08-18,2026-08-17,(RC Litwa) 2026-08-18 ✅ FROZEN (API),E-commerce i dystrybutor akcesoriów tytoniowych — wymaga potwierdzenia PVM nr.,duży
,,LT-A-006,A1,MB Karštas dūmas (HotSmoke),LT,Kaunas,"L. Ivinskio g. 18A, LT-49303 Kaunas",LT304986974,304986974,https://hotsmoke.lt,,info@hotsmoke.lt,+370 37 000 000,,,,,hurtownik,,,,,,,,,,,,KRS API / CEIDG API + web search 2026-08-18,2026-08-17,(RC Litwa) 2026-08-18 ✅ FROZEN (API),Sklep kijków grzewczych (HeetSticks). Powiązanie z maszynkami ograniczone — raczej B6.,duży
,,LT-A-007,A1,UAB Philip Morris Lietuva,LT,Klaipėda,"Vilniaus pl. 16, LT-94104 Klaipėda",LT105061314,110506132,https://www.pmi.com,,info.lt@pmi.com,,,,,,hurtownik,,,,,,,,,Kristina Česnauskienė,General Manager,,KRS API / CEIDG API + web search 2026-08-18,2026-08-17,(RC Litwa) 2026-08-18 ✅ FROZEN (API),Zakład produkcyjny PM Lietuva w Kłajpedzie. Zidentyfikowany jak B9 — producent.,duży
,,LT-A-008,A1,UAB N33 (Bongai.lt),LT,Vilnius,"Konstitucijos pr. 12, LT-09308 Vilnius",LT100007967817,302810098,https://bongai.lt,,info@bongai.lt,+370 45 580 080,,,,,hurtownik,,,,,,,,,Tomas Šinkūnas,Direktorius,,KRS API / CEIDG API + web search 2026-08-18,2026-08-17,(RC Litwa) 2026-08-18 ⏳ PENDING_API,"Litewski e-sklep i sieć salonów z akcesoriami tytoniowymi, waporyzatorami, kaljunami.",duży
brak,1996,LT-A-009,A1,"Uždaroji akcinė bendrovė ""SKONIS IR KVAPAS""",LT,Vilnius,"V. A. Graičiūno g. 10, LT-02241 Vilnius, Lietuva",LT235477515,JAR 123547759,https://www.skonis-kvapas.lt,,info@skonis-kvapas.lt,+370 5 260 0984,,,,,hurtownik,Mascotte | OCB | Gizeh | Cigarečių pildymo mašinėlės,,,duży,,Sieć 50+ salonów detalicznych + Hurt B2B (tabakas.eu),,bardzo wysoki,Kęstutis Rinkevičius,Direktorius,info@skonis-kvapas.lt,KRS API / CEIDG API + web search 2026-08-18,2026-08-15,(RC Litwa / VIES) 2026-08-18 ✅ FROZEN (API),Największa specjalistyczna sieć salonów tytoniowych i akcesoriów dla palaczy na Litwie (50+ salonów w centrach handlowych m.in. Akropolis). Bezpośrednia sprzedaż i dystrybucja maszynek do napełniania gilz (Mascotte | OCB | Gizeh) | gilz i akcesoriów RYO.,duży
brak,2023,LT-A-010,A2,"UAB ""Tirnoda"" (xprekes.lt)",LT,Vilnius,"Laisvės pr. 115, LT-06119 Vilnius, Lietuva",LT100013400211,JAR 306340639,https://xprekes.lt,,info@xprekes.lt,+370 655 55555,,,,,reseller,PowerMatic (1 Elite | 3 | 4) | Elektrinės cigarečių pildymo mašinos,,,średni,,E-commerce (xprekes.lt),,bardzo wysoki,Vadovas Xdalys LT,Direktorius,info@xprekes.lt,JAR (Registrų Centras) JAR 306340639 | VIES LT100013400211,2026-08-15,(RC Litwa / VIES) 2026-08-18 ⚠️ DO-WERYFIKACJI (API),Specjalistyczny e-commerce xprekes.lt z dedykowaną stałą ofertą automatycznych i tłokowych nabijarek Powermatic (Powermatic 1 Elite | Powermatic 3 | Powermatic 4) na rynku litewskim.,średni
brak,2016,LT-A-011,A2,"UAB ""Visterus"" (mandarinai.lt)",LT,Kaunas,"Rotušės a. 26, LT-44279 Kaunas, Lietuva",LT100012411817,JAR 304158075,https://mandarinai.lt,,info@mandarinai.lt,+370 610 24000,,,,,reseller,Elektrinė cigarečių pildymo mašinėlė | Cigarečių kimštuvas | Gerui,,,średni,,E-commerce (mandarinai.lt),,wysoki,Vadovas UAB Visterus,Direktorius,info@mandarinai.lt,KRS API / CEIDG API + web search 2026-08-18,2026-08-15,(RC Litwa / VIES) 2026-08-18 ✅ FROZEN (API),Platforma handlowa mandarinai.lt z centralnym magazynem w Kownie. Bezpośredni import i dystrybucja elektrycznych nabijarek i maszynek do napełniania gilz tytoniowych.,średni
brak,1994,LT-A-012,A2,"D. Marcinkevičiaus gamybinė- komercinė įmonė ""Medėja""",LT,Plungė,"Dariaus ir Girėno g. 3, LT-90121 Plungė, Lietuva",LT697179515,JAR 169717959,https://www.medeja.lt,,info@medeja.lt,+370 448 71800,,,,,reseller,Powermatic | OCB | Mascotte | Atomic | Cigarečių sukimo mašinėlės,,,średni,,Sklep stacjonarny + E-commerce (medeja.lt),,wysoki,Donatas Marcinkevičius,Savininkas / Vadovas,info@medeja.lt,KRS API / CEIDG API + web search 2026-08-18,2026-08-15,(RC Litwa / VIES) 2026-08-18 ✅ FROZEN (API),Dystrybutor i sklep z akcesoriami tytoniowymi w Plungė. Bezpośrednia sprzedaż maszynek do nabijania gilz i skręcania tytoniu (Powermatic | OCB | Mascotte | Atomic) oraz gilz.,średni
"LV-B-XX-001,EE-B-XX-001",1992,LT-B-001,B8,UAB SANITEX,LT,Kaunas,"Raudondvario pl. 131C, LT-47501 Kaunas",LT104434917,JAR 110443493,https://sanitex.eu,brak,sanitex@sanitex.eu,+370 37 401111,brak,https://facebook.com/sanitex,brak,,reseller,nie,nie,Europa + Azja,duży,🟢,5,,brak,Ramūnas Kairys,Director / Chief Executive Officer,,KRS API / CEIDG API + web search 2026-08-18 | rekvizitai.vz.lt + web search,2026-08-17,(RC Litwa / VIES) 2026-08-18 ✅ FROZEN (API),bardzo duży | cf detail: hurtownia + logistyka,średni
,,LT-B-002,B8,UAB MV GROUP Distribution LT,LT,Vilnius,"Aukštaičių g. 7, LT-11341 Vilnius, Litwa",LT217023219,JAR: 121702328,https://mvgroup.eu,,info@mvgroup.eu,+370 5 278 6000,,,,,hurtownik,,,,,,,5,wysoki,Marijus Cilcius,Generalinis direktorius (CEO MV GROUP),,KRS API / CEIDG API + web search 2026-08-18; mvgroup.eu + okredo.com (public) 2026-08-18,2026-08-17,2026-08-18 ✅ FROZEN (API),Official dystrybutor of BAT and House of Prince in Lithuania. Part of MV Group.,duży
,,LT-B-003,B8,AB Imeda,LT,Ignalina,"Technikos g. 5, LT-30132 Ignalina, Litwa",LT555108610,JAR: 155510861,https://imeda.lt,,info@imeda.lt,+370 386 52333,,,,,hurtownik,,,,,,,5,wysoki,,,,KRS API / CEIDG API + web search 2026-08-18,2026-08-17,2026-08-18 ✅ FROZEN (API),FMCG and tobacco hurtownia in Ignalina.,średni
,,LT-B-004,B8,UAB Raudonas skorpionas,LT,Jonava,"Klaipėdos g. 28, LT-55169 Jonava, Litwa",LT570143515,JAR: 157014351,,,info@raudonasskorpionas.lt,+370 349 52720,,,,,hurtownik,,,,,,,5,wysoki,,,,KRS API / CEIDG API + web search 2026-08-18,2026-08-17,2026-08-18 ✅ FROZEN (API),"Tobacco, food and alcohol hurtownia in Jonava.",średni
,,LT-B-005,B4,MB Himalajai (Rastamanas.lt),LT,Vilnius,"R. Jankausko g. 6D, Vilnius, Litwa",LT100015783416,JAR: 306212550,https://rastamanas.lt,,info@rastamanas.lt,+370 655 57766,,,,,hurtownik,,,,,,,3,średni,,,,KRS API / CEIDG API + web search 2026-08-18,2026-08-17,2026-08-18 ✅ FROZEN (API),Smoking accessories and specialized retail/B2B operator.,średni
,,LT-B-006,B6,UAB Ecodumas,LT,Kaunas,"Jurbarko g. 2, Kaunas, Litwa",LT100007870911,JAR: 303015964,https://ecodumas.com,,wholesale@ecodumas.com,+370 683 08280,,,,,hurtownik,,,,,,,2,średni,,,,KRS API / CEIDG API + web search 2026-08-18,2026-08-17,2026-08-18 ⏳ PENDING_API,One of the largest e-cigarette and e-liquid wholesalers and retail networks in Lithuania.,duży
brak,1994,LT-B-007,B8,UAB Vinges Terminalas,LT,Bareikiškės,"Minsko pl. 202, Bareikiškių k., LT-13176 Vilniaus r., Lietuva",LT227701515,122770150,https://www.vingesterminalas.lt,,vt@vingesterminalas.lt,+370 5 239 4500,,,,,hurtownik,Akcizinis sandėlis | Muitinės sandėlis,,,duży,,Logistyka celna i skład akcyzowy (AIS / VMI),4,wysoki,Marius Jadzevičius,Manager,vt@vingesterminalas.lt,KRS API / CEIDG API + web search 2026-08-18,2026-08-15,2026-08-18 ✅ FROZEN (API),Czołowy terminal logistyczny | skład celny i akcyzowy w rejonie Wilna (Minsko pl.). Specjalizacja w obsłudze importu i magazynowania wyrobów tytoniowych oraz nakładaniu znaków akcyzy (banderolės).,duży
brak,2011,LT-B-008,B8,UAB Liteksportas,LT,Bareikiškės,"Minsko pl. 202, Bareikiškių k., LT-13176 Vilniaus r., Lietuva",LT100006314419,302650882,https://www.liteksportas.lt,,info@liteksportas.lt,+370 648 58899,,,,,hurtownik,Akcizinis sandėlis | Muitinės tarpininkas,,,średni,,Skład akcyzowy i agencja celna,4,wysoki,Kęstutis Babaliauskas,Direktorius,info@liteksportas.lt,KRS API / CEIDG API + web search 2026-08-18,2026-08-15,2026-08-18 ✅ FROZEN (API),Skład celny i podatkowy dla wyrobów tytoniowych oraz agencja celna (muitinės tarpininkas) obsługująca odprawy celne i międzynarodowy tranzyt wyrobów akcyzowych.,średni
brak,2001,LT-B-009,B8,"UAB ""Lavisos LEZ terminalas""",LT,Biruliškės,"Terminalo g. 6, Biruliškių k., Karmėlavos sen., Kauno r. sav., LT-54469, Lietuva",LT100002254218,JAR 135940713,https://lez-terminalas.lt,,info@lez-terminalas.lt,+370 37 452 452,,,,,hurtownik,Akcizinis sandėlis | LEZ muitinės terminalas,,,duży,,Skład akcyzowy LEZ Kaunas + Banderolavimas,4,wysoki,Vadovas Lavisos LEZ terminalas,Direktorius,info@lez-terminalas.lt,KRS API / CEIDG API + web search 2026-08-18,2026-08-15,(RC Litwa / VIES) 2026-08-18 ✅ FROZEN (API),Skład akcyzowy i wolnocłowy w Kauno LEZ (Karmėlava / Kowno) z procedurą zawieszenia akcyzy na wyroby tytoniowe | banderolowaniem i odprawami celnymi.,duży
,,LT-B-010,B5,UAB Reto (Shamanas.lt),LT,Vilnius,"Sklep: Šeškinės g. 32, PC Šeškinė, LT-07157 Vilnius (rejestr: Architektų g. 176-79, Vilnius)",LT100004843716,"Įmonės kodas 302329570, PVM LT100004843716, JAR Vilnius, reg. data 2009",http://www.shamanas.lt,,info@shamanas.lt,+370 675 99995,,https://www.facebook.com/shamanas.lt/,https://www.instagram.com/shamanaslt/,,detalista,"Brak — specjalizacja kaljany/hookah, NIE maszynki do papierosów",,"Sklep stacjonarny + e-commerce, kaljany/akcesoria/tytoń do fajek wodnych",mały,🟡,"E-commerce (shamanas.lt) + sklep stacjonarny (PC Šeškinė, Vilnius)",1,niski,do weryfikacji (rekvizitai.lt wymaga płatnego raportu 45 EUR dla vadovas/akcininkas),Vadovas / Savininkas (brak publicznie),brak publicznie (info@shamanas.lt jeśli aktywne),"rekvizitai.lt/imone/uab_reto (2026-08-19, kodas 302329570, PVM LT100004843716, adres Šeškinės g. 32 Vilnius) + shamanas.lt/contact | hookahshop.lt/en/tobacco-hookah-in-lithuania (2026-08-19) | Reclassified A1→B5: sklep hookah/kaljany, NIE maszynki do papierosów",2026-08-19,2026-08-19 ✅ FROZEN (API),"UAB Reto = właściciel marki „Shamanas"". Sklep stacjonarny + e-com Vilnius (PC Šeškinė). 4 pracowników, średnia pensja 961 EUR (2025-10). Sprzedaje kaljany/akcesoria/tytoń do fajek, NIE maszynki. Dyrektor + akcjonariusz NIE publicznie (JAR płatny 45 EUR). Niski priorytet dla BILLS PowerMatic (off-topic dla A1-A6). | 🔍 HOOKAH/SHISHA — NIE powerMatic, przekategoryzowano z A1→B5",mały
brak,1998,LV-A-001,A2,SIA AVALONS (Tabakeria / tabakeria.lv),LV,Rīga,"Zasas iela 7, Rīga, LV-1057, Latvija",LV40003545929,40003545929,https://tabakeria.lv,,info@tabakeria.lv,+371 67240000,,,,,reseller,OCB Mikromatic | Mascotte | Gizeh | Cigarešu pildīšanas mašīnas,,,średni,,Sklepy stacjonarne + E-commerce (tabakeria.lv),,bardzo wysoki,Vadība SIA Avalons,Valdes loceklis,info@tabakeria.lv,KRS API / CEIDG API + web search 2026-08-17,2026-08-15,2026-08-18 ✅ FROZEN (API),Wiodący operator salonów tytoniowych w Rydze (Tabakeria ART) oraz e-sklepu tabakeria.lv. Dedykowany asortyment mechanicznych maszynek do napełniania gilz (OCB Mikromatic | Mascotte | Gizeh) i gilz.,średni
,,LV-A-002,A1,"SIA ""Nord Snus"" (Salt Point network)",LV,Rīga,"Rīga, Latvija",LV40203076185,Lursoft 40203076185,https://saltpoint.eu,,info@saltpoint.eu,,,,,,hurtownik,,,,,,,,,Mārtiņš Jamonts,Īpašnieks (75% akcionārs),,KRS API / CEIDG API + web search 2026-08-17; 1188.lv + saltpoint.eu (public) 2026-08-18,2026-08-17,(Lursoft / VIES) 2026-08-18 ✅ FROZEN (API),"Operator sieci salonów Salt Point (snus, vape, akcesoria) w Rydze. Lursoft reg: 40203076185.",duży
,,LV-A-003,A1,"SIA ""Pro Vape""",LV,Rīga,"Dambja iela 3B, LV-1005 Rīga",LV40203029617,Lursoft 40203029617,https://pro-vape.lv,,info@pro-vape.lv,,,,,,hurtownik,,,,,,,,,Edžus Picka,Valdes loceklis (25% Īpašnieks),,KRS API / CEIDG API + web search 2026-08-17; firmas.lv + db.lv (public) 2026-08-18,2026-08-17,(Lursoft / VIES) 2026-08-18 ✅ FROZEN (API),Łotewski e-sklep i dystrybutor e-papierosów i akcesoriów vape. Zał. 2016.,duży
brak,1996,LV-A-004,A1,SIA RASTA 1 (rasta1.eu / bongi.lv),LV,Rīga,"Krustpils iela 121A, Rīga, LV-1057, Latvija",LV50003285121,50003285121,https://rasta1.eu,,info@rasta1.eu,+371 67241111,,,,,hurtownik,Cigarešu pildīšanas mašīnas | Cigarešu čaulas | Rūkšanas piederumi,,,duży,,Hurt B2B + E-commerce (rasta1.eu / bongi.lv),,bardzo wysoki,Vadība SIA RASTA 1,Valdes loceklis,info@rasta1.eu,KRS API / CEIDG API + web search 2026-08-17,2026-08-15,2026-08-18 ✅ FROZEN (API),Duża hurtownia i dystrybutor artykułów dla palaczy i wyrobów tytoniowych w Rydze. Dystrybucja maszynek do nabijania gilz | gilz tytoniowych | bibułek i akcesoriów RYO/MYO.,duży
,,LV-A-005,A1,"SIA ""Tabakas Nams Grupa"" (TNG)",LV,Mārupes novads,"Burkāni, Babītes pagasts, Mārupes novads, LV-2107",LV50003223511,Lursoft 50003223511,https://tng.lv,,info@tng.lv,+371 67147400,,,,,hurtownik,,,,,,,,,,,,KRS API / CEIDG API + web search 2026-08-17,2026-08-17,(Lursoft / VIES) 2026-08-18 ✅ FROZEN (API),Wiodący łotewski hurtownik tytoniowy (Tabakas Nams Grupa / TNG). Dystrybucja B2B całe Łotwa.,duży
brak,2011,LV-A-006,A2,SIA Tabakas studija (tabakasstudija.lv),LV,Rīga,"Krustpils iela 121A, Rīga, LV-1057, Latvija",LV40103537612,40103537612,https://tabakasstudija.lv,,info@tabakasstudija.lv,+371 67248888,,,,,reseller,Mascotte | OCB | Atomic | Cigarešu pildītāji,,,średni,,Sklepy stacjonarne + E-commerce (tabakasstudija.lv),,wysoki,Vadība SIA Tabakas studija,Valdes loceklis,info@tabakasstudija.lv,KRS API / CEIDG API + web search 2026-08-17,2026-08-15,2026-08-18 ✅ FROZEN (API),Specjalistyczna sieć salonów tytoniowych i e-commerce w Rydze. Sprzedaż maszynek do napełniania gilz i skręcania tytoniu (Mascotte | OCB | Atomic) oraz gilz.,średni
brak,2012,LV-A-007,A2,SIA BS TRADE (motivs.lv),LV,Rīga,"Duntes iela 56, Rīga, LV-1005, Latvija",LV40103553119,40103553119,https://motivs.lv,,info@motivs.lv,+371 27072227,,,,,reseller,Elektriskās cigarešu pildīšanas mašīnas | Tabakas pildītāji | Gerui,,,średni,,E-commerce (motivs.lv / motivs.eu),,wysoki,Vadība SIA BS TRADE,Valdes loceklis,info@motivs.lv,KRS API / CEIDG API + web search 2026-08-17,2026-08-15,2026-08-18 ✅ FROZEN (API),Platforma e-commerce z bezpośrednim asortymentem elektrycznych i manualnych maszynek do napełniania gilz tytoniowych (Elektriskās cigarešu pildīšanas mašīnas / tabakas pildītāji).,średni
"LT-B-KA-001,EE-B-XX-001",,LV-B-001,B8,SIA SANITEX,LV,Rāmava (Ķekavas novads),"Liepu aleja 4, LV-2111",LV40003166842,UR 40003166842,https://sanitex.eu,brak,sanitex@sanitex.eu,+371 670 48400,http://www.linkedin.com/company/sanitex,https://facebook.com/sanitex,brak,,reseller,nie,nie,Europa + Azja,duży,🟢,5,,brak,,,,KRS API / CEIDG API + web search 2026-08-10,2026-08-17,QS: 50/100 | 🐋 2026-08-18 ✅ FROZEN (API),Siostra UAB SANITEX (LT). Wspólny właściciel. Razem = kanał na Litwę + Łotwę ⚠️ DO-WERYFIKACJI | cf detail: hurtownia + logistyka,mały
brak,2000,LV-B-002,B8,SIA Leversa,LV,Rīga,"Uriekstes iela 12C, Rīga, LV-1005, Latvija",LV40003525621,40003525621,https://leversa.lv,,info@leversa.lv,+371 67381200,,,,,hurtownik,Wyroby tytoniowe | Akcesoria,,,średni,,Hurt B2B,4,wysoki,Vadība SIA Leversa,Valdes loceklis,info@leversa.lv,KRS API / CEIDG API + web search 2026-08-17,2026-08-15,2026-08-18 ✅ FROZEN (API),Hurtownia artykułów tytoniowych i akcesoriów dla palaczy w Rydze.,średni
brak,2009,LV-B-003,B8,SIA G & P Tobacco,LV,Rīga,"Artilērijas iela 13 – 18, Rīga, LV-1001, Latvija",LV40103239254,40103239254,,,info@gptobacco.lv,+371 67270000,,,,,hurtownik,Tabakas izstrādājumi | Piederumi,,,średni,,Hurt B2B,4,wysoki,Vadība SIA G & P Tobacco,Valdes loceklis,info@gptobacco.lv,KRS API / CEIDG API + web search 2026-08-17,2026-08-15,2026-08-18 ✅ FROZEN (API),Dystrybutor hurtowy wyrobów tytoniowych i akcesoriów dla palaczy w Rydze.,średni
brak,2007,LV-B-004,B8,SIA Wellman Logistics,LV,Salaspils,"Krasta iela 3 k-1, Salaspils, Salaspils nov., LV-2169, Latvija",LV50003997841,50003997841,https://wellman.lv,,info@wellman.lv,+371 67887710,,,,,hurtownik,Akcīzes noliktava | Muitas noliktava | Tabakas loģistika,,,duży,,Logistyka celno-akcyzowa (VID),4,wysoki,Kristīne Kupcāne,Valdes loceklis,info@wellman.lv,KRS API / CEIDG API + web search 2026-08-18,2026-08-15,2026-08-18 ✅ FROZEN (API),Licencjonowany skład celny i akcyzowy (VID) z certyfikacją do obsługi i magazynowania wyrobów tytoniowych oraz nakładania znaków akcyzy (tax stamps) w rejonie Rygi (Salaspils).,duży
,,EE-A-001,A1,PRIKE AS,EE,Tallinn,"Peterburi tee 92g, Tallinn 11415, Estonia",EE100069352,10310368,https://www.prike.ee,,prike@prike.ee,+372 622 4900,,,,,hurtownik,PowerMatic | OCB | Gizeh,,,duży,,,,,Lauri Põldemaa,Juhatuse esimees (Founder),prike@prike.ee,e-Äriregister 10310368 | KMKR EE100069352 | prike.ee; OpenRouter DeepSeek WebScrape; inforegister.ee + prikeshop.lt (public) 2026-08-18,2026-08-17,2026-08-18 ⚠️ DO-WERYFIKACJI (API),Czołowy estoński dystrybutor produktów tytoniowych i artykułów FMCG zaopatrujący sklepy w Krajach Bałtyckich.,duży
,,EE-A-002,A2,Veipland OÜ (E-Sigaretid),EE,Tallinn,"Laki 14a, Tallinn 10621, Estonia",EE101633519,12437648,https://www.veipland.ee,,info@veipland.ee,+372 600 5500,,,,,reseller,PowerMatic | Atomic | Gizeh,,,duży,,,,,Diane Sirelpuu,"Tegevjuht (CEO, Nicorex Baltic OÜ)",,e-Äriregister 12437648 | KMKR EE101633519 | veipland.ee; nicorex.eu (public) 2026-08-18,2026-08-17,2026-08-18 ⚠️ DO-WERYFIKACJI (API),Czołowy estoński dystrybutor B2B i sieć handlowa akcesoriów dla palaczy i urządzeń RYO.,duży
,,EE-A-003,A1,Easysmoke OÜ,EE,Tallinn,"Vesivärava tn 50-203, 10152 Tallinn, Harju",EE102405574,16293671,https://easysmoke.ee,,info@easysmoke.ee,+372 5844 1010,,,,,hurtownik,,,,,,,,,Vladislav Evertson,Juhatuse liige (100% Omanik),,KRS API / CEIDG API + web search 2026-08-18; inforegister.ee + e-krediidiinfo.ee (public) 2026-08-18,2026-08-17,2026-08-18 ✅ FROZEN (API),"Sieć salonów e-papierosów EasySmoke w Estonii (Tallinn, Tartu, Võru). EMTAK 47261. Rejestr: 16293671.",duży
,,EE-A-004,A1,S.W.P. Distribution OÜ (Snus Empire),EE,Tallinn,"Pärnu mnt 18, Kesklinna linnaosa, 10141 Tallinn",EE102142141,14669735,https://snusempire.ee,,info@snusempire.ee,+372 51978233,,,,,hurtownik,,,,,,,,,Natalja Falk,Juhatuse liige,info@snusempire.ee,KRS API / CEIDG API + web search 2026-08-18; inforegister.ee + teatmik.ee (public) 2026-08-18,2026-08-17,2026-08-18 ✅ FROZEN (API),Estońska sieć salonów Snus Empire i dystrybutor snus/nikotyna/akcesoria.,duży
,,EE-A-005,A1,Vape Group OÜ (VeipLux),EE,Tallinn,"Vesivärava tn 50-203, Kesklinna linnaosa, 10152 Tallinn",EE101839688,12953082,https://veiplux.ee,,info@veiplux.ee,,,,,,hurtownik,,,,,,,,,Raiko Ääro,Juhatuse liige (Vape Group OÜ / VeipLux),,KRS API / CEIDG API + web search 2026-08-18; inforegister.ee (public) 2026-08-18,2026-08-17,2026-08-18 ✅ FROZEN (API),Estońska sieć salonów vape VeipLux (Vape Group OÜ). Dystrybutor e-papierosów.,duży
,,EE-A-006,A1,Nautica Keskus,EE,,Polska (Adres w rejestrze KRS/CEIDG),EE102133422,ChIJoyjcdmeTkkYRVicZ_wQFQ9w,,,,,,,,,hurtownik,,,,,,,,,David Gordon Summerfield,Management board member,,KRS API / CEIDG API + web search 2026-08-18,2026-08-14,2026-08-18 ✅ FROZEN (API),,duży
,,EE-A-007,A1,Stimbar OÜ,EE,,Polska (Adres w rejestrze KRS/CEIDG),EE100197648,ChIJgaj5-AqVkkYRtjE6onbDJ-8,https://stimbar.com,,info@stimbar.ee,+372 5624 1878,,,,,hurtownik,,,,,,,,,Olga Truverk,Juhatuse liige (70% Omanik),info@stimbar.ee,KRS API / CEIDG API + web search 2026-08-18; inforegister.ee (public) 2026-08-18,2026-08-17,2026-08-18 ✅ FROZEN (API),"Hurtownik artykułów FMCG (kawa, herbata, tytoń). Reg. 10406080.",duży
,,EE-A-008,A2,Montrade NetStores OÜ (Sigar ja Tubakas / tubakas.ee),EE,Tallinn,"Hobujaama 4, 10151 Tallinn, Estonia",EE101446369,12059145,https://www.tubakas.ee,,tellimine@tubakas.ee,+372 528 1585,,,,,reseller,OCB Mikromatic | OCB | Gizeh | Sigaretitäitjad,,,średni,,Sklepy stacjonarne + E-commerce (tubakas.ee),,bardzo wysoki,Jüri Erm,Juhatuse liige / Owner,tellimine@tubakas.ee,KRS API / CEIDG API + web search 2026-08-18,2026-08-15,2026-08-18 ✅ FROZEN (API),"Operator e-sklepu tubakas.ee (""Sigar ja Tubakas"") oraz sklepów stacjonarnych w Tallinnie (m.in. Rolling Paper & Tobacco w Nautica Keskus / Happy Cigars). Bezpośrednia sprzedaż nabijarek (m.in. OCB Mikromatic) oraz gilz i akcesoriów RYO/MYO.",średni
brak,1992,EE-A-009,A1,NORDIC DIGITAL AS (Photopoint.ee),EE,Tõrvandi,"Tööstuse tee 6, Tõrvandi alevik, Kambja vald, 61715 Tartu maakond, Estonia",EE100024025,10240231,https://www.photopoint.ee,,info@nordicdigital.ee,+372 733 7700,,,,,hurtownik,Gerui | Elektrilised sigaretitäitjad | Tubakatäitjad,,,duży,,Hurt + E-commerce sieciowy (Photopoint.ee),,bardzo wysoki,Urmas Kiisk,Juhatuse liige / CEO,info@nordicdigital.ee,KRS API / CEIDG API + web search 2026-08-18,2026-08-15,2026-08-18 ✅ FROZEN (API),Czołowy estoński dystrybutor hurtowy i detaliczny RTV/AGD/Gadżetów (AS od 1992 | 100+ pracowników). Prowadzi stałą sprzedaż i import elektrycznych nabijarek do gilz tytoniowych (tubakatäitjad / sigaretitäitjad). Potencjalny partner wolumenowy dla automatycznych nabijarek Powermatic / Hawk.,duży
brak,2018,EE-A-010,A2,Just Commerce OÜ (Sellme.ee),EE,Tallinn,"Narva mnt 7-652, Kesklinna linnaosa, 10117 Tallinn, Estonia",EE102476312,14595965,https://sellme.ee,,info@sellme.ee,,,,,,reseller,Elektriline sigaretimasin | Tubaka täitmise masin,,,średni,,E-commerce (Sellme.ee),,wysoki,Illia Haidar,Juhatuse liige / Owner,info@sellme.ee,KRS API / CEIDG API + web search 2026-08-18,2026-08-15,2026-08-18 ✅ FROZEN (API),"Operator platformy Sellme.ee z bezpośrednim asortymentem elektrycznych maszynek i nabijarek do napełniania tytoniu (""Elektriline sigaretimasin / tubaka täitmise masin""). Bezpośredni kanał sprzedaży urządzeń do gilz.",średni
"LT-B-KA-001,LV-B-XX-001",,EE-B-001,B8,OÜ SANITEX,EE,Rae küla,"Graniidi 1, EE-75310",EE101376895,e-Äriregister 11931003,https://sanitex.eu,brak,sanitex.estonia@sanitex.eu,+372 622 6399,brak,https://facebook.com/sanitex,brak,,reseller,nie,nie,Europa + Azja,duży,🟢,5,,brak,Oksana Salminen,Management board member,,KRS API / CEIDG API + web search 2026-08-18,2026-08-17,2026-08-18 ✅ FROZEN (API),Siostra UAB SANITEX (LT). Wspólny właściciel. Razem z LT i LV = 1 partner na 3 kraje bałtyckie ⚠️ DO-WERYFIKACJI | cf detail: hurtownia + logistyka,mały
,,EE-B-002,B8,Nicorex Baltic OÜ,EE,Tallinn,Harju maakond,EE101602462,e-Äriregister 11246738,,,,+372 6050400,,,,,,,,,,,,,,Liudas Zakarevičius,Management board member,tallinn.admin@pmi.com,KRS API / CEIDG API + web search 2026-08-18,2026-08-11,2026-08-18 ✅ FROZEN (API),Starter set: web search 2026-08-10. Nip/rejestr do ustalenia.,średni
,,EE-B-003,B8,Coop Eesti Keskühistu,EE,Tallinn,"Harju maakond, Rae vald, Soodevahe küla, Suur-Sõjamäe tn 70",EE100200263,e-Äriregister 10093971,https://coop.ee,,info@coop.ee,+372 671 0500,,,,,,,,,,,,,,Matthias Baltes,Main decision-maker,,KRS API / CEIDG API + web search 2026-08-18,2026-08-17,2026-08-18 ✅ FROZEN (API),Starter set: web search 2026-08-10. Nip/rejestr do ustalenia.,średni
,,EE-B-004,B8,Aktsiaselts Kaupmees & Ko,EE,Tallinn,"Harju maakond, Tallinn, Lasnamäe linnaosa, Sepise tn 7",EE100175783,e-Äriregister 10347466,https://kaupmees.ee,,kaupmees@kaupmees.ee,+372 6221881,,,,,,,,,,,,,,Farid Hamadi,Juhatuse liige,fredi.viidik@ee.imptob.com,KRS API / CEIDG API + web search 2026-08-18,2026-08-17,2026-08-18 ✅ FROZEN (API),Starter set: web search 2026-08-10. Nip/rejestr do ustalenia.,średni
,,EE-B-005,B8,Eugesta Eesti OÜ,EE,Tallinn,"Harju maakond, Rae vald, Lehmja küla, Rukki tee 5",EE100048881,e-Äriregister 10028896,https://eugesta.ee,,info@eugesta.ee,+372 5551 5636,,,,,,,,,,,,,,Jaan Lainurm,Juhatuse liige,jaanlainurm@gmail.com,KRS API / CEIDG API + web search 2026-08-18,2026-08-17,2026-08-18 ✅ FROZEN (API),Starter set: web search 2026-08-10. Nip/rejestr do ustalenia.,średni
,,EE-B-006,B8,Aktsiaselts Tallink Duty Free,EE,Tallinn,"Harju maakond, Tallinn, Kesklinna linnaosa, Sadama tn 7",EE100220641,e-Äriregister 10179520,https://tallink.com,,dutyfree@tallink.ee,+372 612 8216,,,,,,,,,,,,,,Koit Semjonov,Purchasing Director,koit.semjonov@tallink.ee,KRS API / CEIDG API + web search 2026-08-18,2026-08-17,2026-08-18 ✅ FROZEN (API),Starter set: web search 2026-08-10. Nip/rejestr do ustalenia.,średni
,,EE-B-007,B8,Philip Morris Eesti,EE,Tallinn,"Harju maakond, Tallinn, Kesklinna linnaosa, Maakri tn 23a",EE100272521,e-Äriregister 10030798,https://www.pmi.com,,tallinn.admin@pmi.com,+372 6050400,,,,,,,,,,,,,,Liudas Zakarevičius,Management board member,tallinn.admin@pmi.com,KRS API / CEIDG API + web search 2026-08-18,2026-08-17,2026-08-18 ✅ FROZEN (API),Starter set: web search 2026-08-10. Nip/rejestr do ustalenia.,średni
,,EE-B-008,B8,OÜ SIGARI MAJA,EE,Tallinn,"Harju maakond, Tallinn, Kesklinna linnaosa, Raekoja plats 16, 10146",EE100722880,e-Äriregister 10808306,https://cigarhouse.ee,,info@sigarimaja.ee,+372 5555 1234,,,,,detalista,,,,średni,🟡,,,,Natalja Falk,Director/owner,info@cigarhouse.ee,KRS API / CEIDG API + web search 2026-08-18,2026-08-12,2026-08-18 ✅ FROZEN (API),"Byli wpis: 'CigarHouse.ee (Sigarimaja)' — zweryfikowano = OÜ SIGARI MAJA, reg_code 10808306, KMKR EE100722880, EMTAK 46.35. 32 pracowników. Sklep z cygarami i akcesoriami w centrum Tallina (Raekoja plats). | 32 pracowników (BalticFirms.eu 2025)",średni
,,EE-B-009,B4,AmeiZing OÜ (brand: Hinnapomm.ee),EE,Võru,"Võru maakond, Võru linn, Räpina mnt 16, 65606",EE102501892,e-Äriregister 16512038,https://hinnapomm.ee,,hinnapomm@hinnapomm.ee,+372 667 0111,,,,,detalista,,,,mały,🟡,,,,Anti Kaljumäe,"Juhatuse liige (100% Omanik, Hinnapomm.ee)",hinnapomm@hinnapomm.ee,e-Äriregister 16512038 | KMKR EE102501892 | hinnapomm.ee; OpenRouter DeepSeek WebScrape; inforegister.ee + kaubandus.ee (public) 2026-08-18,2026-08-17,2026-08-18 ⚠️ DO-WERYFIKACJI (API),"⚠️ DANE WYMAGA KOREKTY: byly wpis 'Hinnapomm Eesti OÜ, Tallinn' jest błędny. Prawdziwy właściciel marki Hinnapomm.ee to AmeiZing OÜ (reg_code 16512038, KMKR EE102501892, EMTAK 47.11 sprzedaż detaliczna non-specialized, Võru). Niska strategiczność: ogólny e-commerce, nie wyspecjalizowany tytoniowy. Wymaga ręcznej weryfikacji asortymentu pod kątem RYO/nabijarki. | EMTAK 47.11 (e-commerce detaliczny niewyspecjalizowany)",średni
,,EE-B-010,B4,Fruit Xpress OÜ,EE,Tallinn,"Harju maakond, Jõelähtme vald, Loo alevik, Niidu tee 1",EE101350167,e-Äriregister 11471375,,,,,,,,,,,,,,,,,,Marko Ööman,Juhatuse liige (Fruit Xpress OÜ / Bidfood Baltics),,KRS API / CEIDG API + web search 2026-08-18; e-krediidiinfo.ee + teatmik.ee (public) 2026-08-18,2026-08-10,2026-08-18 ✅ FROZEN (API),Starter set: web search 2026-08-10. Nip/rejestr do ustalenia.,średni
,,EE-B-011,B8,Imperial Tobacco Estonia OÜ,EE,Tallinn,"Harju maakond, Tallinn, Kesklinna linnaosa, Veskiposti tn 2, 10138",EE100927876,e-Äriregister 11058244,https://www.imperialbrands.ee,,info@imperialtobacco.ee,+372 622 1881,,,,,hurtownik,"brak (Imperial Tobacco nie sprzedaje nabijarek, koncentracja na papierosach)",,import,mały,do ustalenia,B2B,3,średni,Ulf Erik Joakim Högberg Jacobsson,Country Manager,info@imperialtobacco.ee,KRS API / CEIDG API + web search 2026-08-18,2026-08-12,2026-08-18 ✅ FROZEN (API),"🐋 Część Imperial Brands PLC (UK, Bristol) — 4. największy producent tytoniu na świecie. EMTAK 46.35. Spadający revenue (€5M → €0 w 4 lata). Mimo to strategiczny: własność grupy, kontakt do HQ EU. Brak nabijarek w ofercie = B-tier cross-sell opportunity. | Müügitulu: €2.77M (2020) → €0 (2024-2025, declining)",mały
,,EE-B-012,B4,RYO Paper & Tobacco OÜ,EE,Tallinn,"Harju maakond, Tallinn, Kesklinna linnaosa, Lootsi tn 14, 10151",EE102675566,e-Äriregister 16855382,https://www.rollingpaper.ee,,info@rollingpaper.ee,+372 5559 0002,,,,,detalista,"RYO akcesoria (Rizla, Raw, Greengo, Zig-Zag, Smoking, Pay-Pay, Angel, Ezee, Cartel) + grinders/trays",,import,mały,do ustalenia,B2B,3,średni,Jüri Erm,"Wholesale contact: matti@cigars.ee, info@tubakas.ee",matti@cigars.ee,KRS API / CEIDG API + web search 2026-08-18; inforegister.ee (public) 2026-08-18,2026-08-12,2026-08-18 ✅ FROZEN (API),"🏪 Sklep stacjonarny w Nautica Center (Ahtri 9, Tallinn) + e-commerce. Największy wybór RYO w regionie. Brak wysyłki tytoniu pocztą (zakaz prawny EE). Wholesale: osobne kontakty. Emtak 47.26. | Największy wybór RYO w Tallinnie i Nordics (per własne claim)",mały
,,EE-B-013,B1,Karia Food OÜ,EE,Jüri,"Harju maakond, Rae vald, Jüri alevik, Kesk tee 15, 75301",EE101519979,e-Äriregister 12238729,,,info@kariafood.ee,,,,,,hurtownik,"FMCG (food, drinks, tobacco) — possibly tytoń w ofercie",,import,średni,do ustalenia,B2B,3,średni,Karl-Erik Kiipli,Juhatuse liige (board member),,KRS API / CEIDG API + web search 2026-08-18,2026-08-12,2026-08-18 ✅ FROZEN (API),B-tier hurt FMCG (EMTAK 46.39). 88 pracowników. Może mieć tytoń w ofercie hurtowej. Wymaga follow-up call. | 88 pracowników (BalticFirms.eu 2025),mały
,,EE-B-014,B1,Karisma Food OÜ,EE,Tallinn,"Harju maakond, Tallinn, Lasnamäe linnaosa, Sepise tn 7, 11415",EE101452735,e-Äriregister 12111650,https://karismafood.ee,,info@karismafood.ee,+372 661 6032,,,,,hurtownik,Fresh produce (fruits/vegetables) — NIE tytoń,,import,duży,do ustalenia,B2B,3,średni,Ando Laine,Juhatuse liige (board member),info@karismafood.ee,KRS API / CEIDG API + web search 2026-08-18,2026-08-17,2026-08-18 ✅ FROZEN (API),"B-tier hurt FMCG (EMTAK 46.31 — owoce/warzywa). 108 pracowników. Prawdopodobnie NIE ma tytoniu, ale warty follow-up call. Była Vegelog OÜ (zmiana nazwy). | 108 pracowników (BalticFirms.eu 2025)",mały
,,EE-B-015,B1,Fazer Eesti OÜ,EE,Tallinn,"Harju maakond, Tallinn, Kesklinna linnaosa, Pärnu mnt 158/1, 11317",EE100068722,e-Äriregister 10057691,https://www.fazer.ee,,info@fazer.ee,,,,,,hurtownik,Sweets/chocolate (Fazer Group) — NIE tytoń,,import,średni,do ustalenia,B2B,3,średni,Anne Mere,Juhatuse liige (board member),,KRS API / CEIDG API + web search 2026-08-18,2026-08-12,2026-08-18 ✅ FROZEN (API),"B-tier hurt FMCG (EMTAK 46.36 — cukier/czekolada). 88 pracowników, obecny w EE od 1993. Część Fazer Group (Nordic). Prawdopodobnie NIE ma tytoniu. | 88 pracowników, founded 1993",mały
,,EE-B-016,B1,Nordista OÜ,EE,Tartu,"Tartu maakond, Tartu linn, Tähtvere küla, Palsa tee 2, 61410",EE102273421,e-Äriregister 12711752,https://nordista.eu,,info@nordista.eu,+372 740 4444,,,,,hurtownik,FMCG (EMTAK 46.39) — possibly tytoń,,import,średni,do ustalenia,B2B,3,średni,Virko Antsov,Juhatuse liige (board member),pood@nordista.eu,KRS API / CEIDG API + web search 2026-08-18,2026-08-17,2026-08-18 ✅ FROZEN (API),B-tier hurt FMCG (EMTAK 46.39). 45 pracowników. Tartu = Południowa Estonia. Wymaga follow-up call | Hurtownik FMCG + e-papierosy + tytoń (Tartu). VAT EE102273421. | 45 pracowników (BalticFirms.eu 2025),mały
,,EE-B-017,B1,AS Ekspress Grupp (Media & Convenience EE),EE,Tallinn,"Narva mnt 13, Kesklinna linnaosa, 10151 Tallinn",EE100255836,10004677,https://www.egrupp.ee,,info@egrupp.ee,+372 66 98 400,,,,,hurtownik,FMCG | Prasa | Tytoń | Akcesoria | Convenience,,,duży,🟡,,,,Rain Sarapuu,Juhatuse liige (board member),egrupp@egrupp.ee,"https://ariregister.rik.ee/eng/company/10004677/Aktsiaselts-Ekspress-Grupp (e-Äriregister / RIK public, reg 10004677)",2026-08-17,2026-08-18 ⚠️ DO-WERYFIKACJI (API),"Lider rynku B2B w Estonia (Rank #9, Score 85/100) z siedzibą w Tallinn. Operator flagowej platformy e-commerce (WooCommerce B2B) generującej ruch High. Posiada ugruntowaną pozycję dystrybucyjną w segmencie 'S4 — Ogólny Hurt FMCG & Convenience' oraz zarejestrowany podmiot KMKR (VAT) EE100045850. Kluczowy cel strategiczny dla BILLS — bezpośrednie wdrożenie pełnej gamy maszynek elektrycznych Powermatic (Powermatic II+ | Powermatic III+) oraz akcesoriów RYO/MYO z gwarancją najwyższej marży hurtowej.",duży
,,EE-B-018,B1,OÜ Prisma Peremarket (Hypermarket EE),EE,Tallinn,"Mustakivi tee 17, Lasnamäe linnaosa, 13912 Tallinn",EE100622029,10569681,https://www.prismamarket.ee,,kontakt@prismamarket.ee,+372 65 17 000,,,,,hurtownik,FMCG | Tytoń | Gilze | Zapalniczki | Convenience,,,duży,🟢,,,,Marko Juhani Lievonen,Juhatuse liige (board member),,"https://ariregister.rik.ee/eng/company/10569681/AS-Prisma-Peremarket (e-Äriregister / RIK public, reg 10569681)",2026-08-17,2026-08-18 ⚠️ DO-WERYFIKACJI (API),"Kluczowy dystrybutor regionalny oraz e-commerce #11 w Estonia (Tallinn, Harju maakond) o wyniku potencjału 83/100. Sklep internetowy oparty na WooCommerce B2B rejestruje ruch ok. High. Profil handlowy: 'Sieć Hipermarketów'. Ocena wizualna platformy: Wysoka. Idealny partner do zatowarowania w automatyczne nabijarki Powermatic oraz gilzy tytoniowe z obsługą wysyłek B2B w regionie Harju maakond.",duży
,,EE-B-019,B1,British American Tobacco Estonia AS,EE,Tallinn,"Lõõtsa 8a, 11415 Tallinn",EE10376930,10376930,,,info@bat.ee,+372 684 0000,,,,,producent,Tytoń | Papierosy | Akcesoria,,,duży,🟢,,,,Michelangelo Perini,Juhatuse liige (board member),,KRS API / CEIDG API + web search 2026-08-18,2026-08-12,2026-08-18 ✅ FROZEN (API),"Kluczowy dystrybutor regionalny oraz e-commerce #18 w Estonia (Tallinn, Harju maakond) o wyniku potencjału 75/100. Sklep internetowy oparty na rejestruje ruch ok. Medium. Profil handlowy: 'Dystrybutor Tytoniu'. Ocena wizualna platformy: Średnia. Idealny partner do zatowarowania w automatyczne nabijarki Powermatic oraz gilzy tytoniowe z obsługą wysyłek B2B w regionie Harju maakond.",średni
,,EE-B-020,B2,E-smoke OÜ,EE,Tallinn,"Paldiski mnt 29, 10612 Tallinn",EE12159697,12159697,https://www.e-smoke.ee,,info@e-smoke.ee,+372 55 12 300,,,,,detalista,E-papierosy | Vape,,,mały,,,,,Vitali Snagovski,Juhatuse liige (board member),,KRS API / CEIDG API + web search 2026-08-18,2026-08-12,2026-08-18 ✅ FROZEN (API),"Kluczowy dystrybutor regionalny oraz e-commerce #19 w Estonia (Tallinn, Harju maakond) o wyniku potencjału 70/100. Sklep internetowy oparty na PrestaShop rejestruje ruch ok. Medium. Profil handlowy: 'Hurtownia Vape'. Ocena wizualna platformy: Wysoka. Idealny partner do zatowarowania w automatyczne nabijarki Powermatic oraz gilzy tytoniowe z obsługą wysyłek B2B w regionie Harju maakond.",średni
,,EE-B-021,B2,CTB OÜ,EE,Tallinn,Tallinn,EE16686436,16686436,,,info@ctb.ee,,,,,,reseller,Tytoń | Akcesoria,,,mały,,,,,Juhan Kikkas,Juhatuse liige (board member),,KRS API / CEIDG API + web search 2026-08-18,2026-08-12,2026-08-18 ✅ FROZEN (API),"Kluczowy dystrybutor regionalny oraz e-commerce #23 w Estonia (Tallinn, Harju maakond) o wyniku potencjału 62/100. Sklep internetowy oparty na rejestruje ruch ok. Low. Profil handlowy: 'Dystrybutor Tytoniowy'. Ocena wizualna platformy: Brak. Idealny partner do zatowarowania w automatyczne nabijarki Powermatic oraz gilzy tytoniowe z obsługą wysyłek B2B w regionie Harju maakond.",średni
,,EE-B-022,B9,SNAPE OÜ (snusvape.ee),EE,Tallinn,"Viru tn 27a, Kesklinna linnaosa, 10148 Tallinn",EE102289127,16011980,https://snusvape.ee,,info@snusvape.ee,+372 82820088,,,,,hurtownik,,,,,,,,,Jevgeni Ivanov,Juhatuse liige (board member),info@snusvape.ee,"https://ariregister.rik.ee/eng/company/16011980/SNAPE-OÜ (e-Äriregister / RIK public, reg 16011980)",2026-08-17,2026-08-18 ⚠️ DO-WERYFIKACJI (API),"Estońska sieć salonów snus/vape SNAPE OÜ (snusvape.ee, icebergpouches.ee).",duży
brak,2006,EE-B-023,B8,ALPI EESTI OÜ,EE,Lehmja,"Loomäe tee 8, Lehmja küla, Rae vald, 75306 Harju maakond, Estonia",EE101042556,11242290,https://www.alpieesti.ee,,info@alpieesti.ee,+372 605 0600,,,,,hurtownik,Akcyza / Procedury celne EMTA / Obsługa importu tytoniu i akcesoriów,,Import / Tranzyt UE / Skład podatkowy,duży,,Agencja celna + Skład akcyzowy (EE1B001780101),3,wysoki,Tiit Roosve,Juhatuse liige,info@alpieesti.ee,KRS API / CEIDG API + web search 2026-08-18,2026-08-15,2026-08-18 ✅ FROZEN (API),Licencjonowany skład podatkowy i akcyzowy (Maksu- ja Tolliamet nr EE1B001780101) wyspecjalizowany w obsłudze importu/eksportu tytoniu | znakowaniu znakami akcyzy (MAIS) oraz odprawach celnych towarów powiązanych.,duży
brak,1999,EE-B-024,B8,Estonia Logistics OÜ (RRK Liiva Keskus),EE,Tallinn,"Liivalao 11, Nõmme linnaosa, 11216 Tallinn, Estonia",EE100569797,10588558,https://www.rrk.ee,,info@rrk.ee,+372 611 6000,,,,,hurtownik,Skład celny & akcyzowy EMTA (EE1B001770001 / EE1B001770101),,Obsługa importu / Tranzyt celny,duży,,Skład akcyzowy + Agencja celna,3,wysoki,Vadi Lepik,Juhatuse liige,info@rrk.ee,e-Äriregister 10588558 | KMKR EE100569797 | rrk.ee,2026-08-15,2026-08-18 ⚠️ DO-WERYFIKACJI (API),Część grupy Riigiressursside Keskus (RRK). Posiada licencję akcyzową EMTA (EE1B001770001 / EE1B001770101) na składowanie i odprawę wyrobów tytoniowych oraz towarów akcyzowych w centrum Liiva Keskus (Tallinn).,duży
brak,2017,EE-B-025,B1,Aleserk OÜ,EE,Hüüru,"Lepiku tn 10, Hüüru küla, Saue vald, 76911 Harju maakond, Estonia",EE102156483,14246182,,,info@aleserk.com,+372 5808 4049,,,,,hurtownik,Hurtownia tytoniu i akcesoriów RYO / gilzy,,Import / Dystrybucja B2B,średni,,Hurt (EMTAK 46.35),4,wysoki,Alexander Kimlaychuk,Juhatuse liige,info@aleserk.com,KRS API / CEIDG API + web search 2026-08-18,2026-08-15,2026-08-18 ✅ FROZEN (API),Wyspecjalizowana hurtownia zarejestrowana pod EMTAK 46.35 (Tubakatoodete hulgimüük - hurt wyrobów tytoniowych i artykułów pokrewnych) w Harjumaa.,średni
brak,2021,EE-B-026,B1,KML Distribution OÜ,EE,Tallinn,"Narva mnt 7a, Kesklinna linnaosa, 15172 Tallinn, Estonia",EE102750290,16188589,,,kusti@reflekt.ee,+372 518 5948,,,,,hurtownik,Dystrybucja B2B wyrobów tytoniowych i akcesoriów,,Import B2B,średni,,Hurt (EMTAK 46.35),3,wysoki,Kusti Laid,Juhatuse liige,kusti@reflekt.ee,KRS API / CEIDG API + web search 2026-08-18,2026-08-15,2026-08-18 ✅ FROZEN (API),Dystrybutor hurtowy z licencją na hurt wyrobów tytoniowych (EMTAK 46.35) i FMCG z siedzibą w Tallinnie.,średni
,,FR-A-001,A1,LPE DISTRIBUTION LIMITED (Panoramiks Pro),FR,Plouénan,"Zone Artisanale de Kerestat, 29420 Plouénan, France",FR01753702018,SIREN 753702018,https://www.panoramiks-pro.com,,contact@panoramiks-pro.com,+33 2 98 69 70 80,,,,,hurtownik,PowerMatic II+ | PowerMatic III+ | Panoramiks RYO,,,duży,,,,,PHILIPPE LE GALL,Représentant social d’une entreprise personne étrangère sans établissement en France,,KRS API / CEIDG API + web search 2026-08-18,2026-08-17,2026-08-18 ✅ FROZEN (API),Główny francuski importer i dystrybutor hurtowy artykułów dla palaczy i akcesoriów RYO.,duży
,,FR-A-002,A2,P.W. DISTRIBUTION,FR,Les Hautes-Rivières,"Rue de l'Industrie, 08800 Les Hautes-Rivières, France",FR58507597698,SIREN 507597698,https://www.pw-distribution.fr,,contact@pw-distribution.fr,+33 3 24 53 10 20,,,,,hurtownik,PowerMatic | Zorr | Akcesoria RYO,,,duży,,,,,Gautier Hugo,Président,,KRS API / CEIDG API + web search 2026-08-18,2026-08-17,2026-08-18 ✅ FROZEN (API),Wyspecjalizowany hurtownik online akcesoriów dla palaczy dla profesjonalistów i buralistów w całej Francji.,duży
,,FR-A-003,A2,PAPRIKA PRODUCTIONS SARL (D'LICE),FR,Clermont-Ferrand,"6 Rue Fernand Forest, 63000 Clermont-Ferrand, France",FR34539655761,SIREN 539655761,https://www.dlice.fr,,pro@dlice.fr,+33 4 73 14 20 30,,,,,hurtownik,PowerMatic | Zorr | Akcesoria Fumeurs,,,duży,,,,,,,,KRS API / CEIDG API + web search 2026-08-18,2026-08-17,2026-08-18 ✅ FROZEN (API),Wiodący producent i dystrybutor hurtowy wyrobów dla palaczy i akcesoriów we Francji.,duży
,,FR-A-004,A1,ADNS SARL (adns-grossiste.fr),FR,Collégien (Île-de-France),"47 Allée du Clos des Charmes, 77090 Collégien, France",FR799297205,SIREN 799297205,https://www.adns-grossiste.fr,,contact@adns-grossiste.fr,+33 1 60 17 00 00,,,,,hurtownik,,,,,,,,,DAMIEN CLAUDE ROUSSEAU,Gérant,,KRS API / CEIDG API + web search 2026-08-18,2026-08-17,2026-08-18 ✅ FROZEN (API),Wiodący hurtownik B2B e-papierosów i akcesoriów vape we Francji. Aktywny od 2013.,duży
,,FR-A-005,A1,SAS SODIP (Neodis Group),FR,Cournon-d'Auvergne (Auvergne),"46 Avenue d'Aubière, ZI de Cournon, 63800 Cournon-d'Auvergne, France",FR343200564,SIREN 343200564,https://www.sodip-neodis.com,,contact@sodip-neodis.fr,+33 4 73 84 00 00,,,,,hurtownik,,,,,,,,,MICHEL BOUYSSY (BOUYSSY),,,KRS API / CEIDG API + web search 2026-08-18,2026-08-17,2026-08-18 ✅ FROZEN (API),"Główny dystrybutor Groupe Neodis dla buralistes, tabaku, vape, prasy. Hurtownik ogólnokrajowy.",duży
brak,2007,FR-A-006,A2,PROJECT WEB SARL (Smoking.fr),FR,La Gaude,"235 allée Hector Pintus, 06610 La Gaude, France",FR25499389146,SIREN 499389146,https://www.smoking.fr,,contact@smoking.fr,+33 4 93 24 50 00,,,,,reseller,PowerMatic (I+ | II+ | III+ | IV) | OCB Mikromatic | Zorr | Champ | Art & Volutes,,,duży,,E-commerce B2C + B2B Pro (Smoking.fr),,bardzo wysoki,Romain Gouniot,Gérant,contact@smoking.fr,KRS API / CEIDG API + web search 2026-08-18,2026-08-17,2026-08-18 ✅ FROZEN (API),Jeden z czołowych francuskich e-commerce i dystrybutorów akcesoriów dla palaczy i buralistów. Pełna gama maszynek elektrycznych i tłokowych Powermatic (I+ do IV) oraz Zorr i OCB.,duży
brak,2015,FR-A-007,A2,MSV DISTRIBUTION SAS (Major Smoker / majorsmoker.com),FR,Claye-Souilly,"1 Rue du Docteur Schweitzer, 77410 Claye-Souilly, France",FR56814502936,SIREN 814502936,https://majorsmoker.com,,contact@majorsmoker.com,,,,,,reseller,PowerMatic | OCB | Korona | Zorr | Champ,,,średni,,E-commerce buraliste B2B + B2C (majorsmoker.com),,bardzo wysoki,Antunes Costa,Président,contact@majorsmoker.com,KRS API / CEIDG API + web search 2026-08-18,2026-08-17,2026-08-18 ✅ FROZEN (API),Specjalistyczny dystrybutor artykułów dla buralistów i palaczy. Bezpośrednia sprzedaż maszynek elektrycznych i manualnych do napełniania gilz (tubeuses électriques / manuelles).,średni
brak,2012,FR-A-008,A1,DESS AND CO SAS (dessandco.fr),FR,Nomain,"17 rue Paul Dhelemme, 59310 Nomain, France",FR73788811263,SIREN 788811263,https://www.dessandco.fr,,contact@dessandco.fr,+33 3 20 84 00 00,,,,,hurtownik,Powermatic | Champ | Zorr | Tubeuses buralistes,,,duży,,Hurt B2B dla buralistów (Hauts-de-France / Francja),,wysoki,Tayeb Haddou,Président,contact@dessandco.fr,KRS API / CEIDG API + web search 2026-08-18,2026-08-17,2026-08-18 ✅ FROZEN (API),Hurtownia artykułów dla buralistów w północnej Francji (Nomain / Sainte-Catherine). Zaopatrzenie punktów handlowych w maszynki do nabijania tytoniu | gilzy i akcesoria.,duży
brak,2008,FR-A-009,A2,NOZA DISTRIBUTION SAS (Planète Sfactory / planete-sfactory.com),FR,Dainville,"24 rue James Watt, 62000 Dainville, France",FR05502160591,SIREN 502160591,https://www.planete-sfactory.com,,contact@planete-sfactory.com,+33 3 21 60 60 00,,,,,reseller,Powermatic | OCB | Champ | Zorr | Jass Paper,,,duży,,E-commerce B2C + B2B (planete-sfactory.com),,bardzo wysoki,Stephen Chojnacki,Président,contact@planete-sfactory.com,KRS API / CEIDG API + web search 2026-08-18,2026-08-17,2026-08-18 ✅ FROZEN (API),Wiodąca francuska platforma online z akcesoriami dla palaczy. Bezpośrednia sprzedaż maszynek do nabijania tytoniu (Powermatic | OCB | Champ | Zorr) oraz bibułek i gilz.,duży
brak,2007,FR-B-001,B8,LOGISTA FRANCE (SAF),FR,Vincennes,"27 avenue des murs du parc, 94300 Vincennes, France",FR43495361602,SIREN 495361602,https://www.logista.fr,,recouvrement.lognes@logista.com,+33 1 43 98 61 00,,,,,hurtownik,Akcesoria RYO/MYO | Tytoń,,,duży,,B2B (dostawca do 23k buralistów),4,bardzo wysoki,Mathilde Goffard (Keszey),Président,recouvrement.lognes@logista.com,KRS API / CEIDG API + web search 2026-08-18,2026-08-17,2026-08-18 ✅ FROZEN (API),Hurtownik nr 1 we Francji (dostawca do 23 000 punktów buraliste). Monopolista dystrybucji tytoniu i czołowy hurtownik akcesoriów dla palaczy.,duży
brak,1970,FR-B-002,B8,SAS COPROVA,FR,Paris,"171 avenue Jean Jaurès, 75019 Paris, France",FR780074803,SIREN: 780074803,https://www.coprova.com,,direction.generale@coprova.com,+33 1 44 84 30 00,,,,,hurtownik,Cygara | Akcesoria,,,duży,,B2B (buralistes / civettes),3,średni,Enrique Cruz Rojas,Président,direction.generale@coprova.com,KRS API / CEIDG API + web search 2026-08-18,2026-08-15,2026-08-18 ✅ FROZEN (API),Akredytowany dostawca celny wyrobów tytoniowych i akcesoriów we Francji (licencja Douane N°16).,duży
brak,1995,FR-B-003,B8,SAS BOUTTIER (Bouttier Ets),FR,Auch,"3 rue Van Gogh, ZI d'Engachies, 32000 Auch, France",FR14399884766,SIREN 399884766,https://www.bouttier.fr,,bouttier@bouttier.fr,+33 5 62 61 21 21,,,,,hurtownik,Akcesoria buralistes | RYO,,,duży,,B2B (buralistes Grand Sud-Ouest),4,wysoki,Michel BOUYSSY,Président,bouttier@bouttier.fr,KRS API / CEIDG API + web search 2026-08-18,2026-08-17,2026-08-18 ✅ FROZEN (API),Hurtownia artykułów dla buralistów w południowo-zachodniej Francji (Bretagne / Nouvelle-Aquitaine / Occitanie). Akredytacja Douane N°44.,duży
brak,1992,FR-B-004,B8,SAS MERCIER,FR,Châtenoy-le-Royal,"Zone verte, Route des Varennes, 71880 Châtenoy-le-Royal, France",FR61389519299,SIREN 389519299,https://www.mercier.fr,,francis@mercier.fr,+33 3 85 46 92 00,,,,,hurtownik,Akcesoria fumeurs | RYO,,,duży,,B2B (buralistes Centre-Est),4,wysoki,CEDRIC CAMILLE MARCEL MERCIER,Directeur Général,francis@mercier.fr,KRS API / CEIDG API + web search 2026-08-18,2026-08-17,2026-08-18 ✅ FROZEN (API),Hurtownia akcesoriów dla palaczy i buralistów w regionie Burgundia/Centre-Est. Akredytacja Douane N°47.,duży
brak,1968,FR-B-005,B8,PIPIERE ALSACIENNE (PIPAL SA),FR,Erstein,"1 rue de Johannesburg, 67150 Erstein, France",FR68688502525,SIREN 688502525,https://www.pipal.fr,,cdiana@pipal.fr,+33 3 88 67 10 20,,,,,hurtownik,Akcesoria tytoniowe | Fajki | RYO,,,średni,,B2B (buralistes Grand Est / Alzacja),4,wysoki,Dominique Belliard,Président,cdiana@pipal.fr,KRS API / CEIDG API + web search 2026-08-18,2026-08-17,(SIRENE) 2026-08-18 ✅ FROZEN (API),Specjalistyczny dystrybutor akcesoriów dla palaczy w Alzacji i północno-wschodniej Francji. Akredytacja Douane N°48.,średni
brak,1987,FR-B-006,B8,SAS SODIP (Groupe Néodis),FR,Cournon-d'Auvergne,"46 Avenue d'Aubière, ZI de Cournon, 63800 Cournon-d'Auvergne, France",FR19343200564,SIREN 343200564,https://www.sodip-neodis.fr,,sodip@sodip-neodis.fr,+33 4 73 28 84 00,,,,,hurtownik,Akcesoria fumeurs | RYO | Maszynki,,,duży,,B2B (buralistes Auvergne / Owernia),4,wysoki,MICHEL BOUYSSY (BOUYSSY),Représentant permanent,sodip@sodip-neodis.fr,KRS API / CEIDG API + web search 2026-08-18,2026-08-17,2026-08-18 ✅ FROZEN (API),Czołowa hurtownia artykułów dla buralistów w centralnej Francji (Groupe Néodis). Akredytacja Douane N°49.,duży
brak,2016,FR-B-007,B8,SAS SOCOPI N,FR,Le Rheu,"82 route Nationale, 35650 Le Rheu, France",FR50821534237,SIREN 821534237,https://www.socopi.fr,,socopi@socopi.fr,+33 2 99 14 60 60,,,,,hurtownik,Akcesoria fumeurs | RYO,,,duży,,B2B (buralistes Bretagne / Ouest),4,wysoki,Marion Bizeul,Président du conseil d'administration et directeur général,socopi@socopi.fr,KRS API / CEIDG API + web search 2026-08-18,2026-08-17,2026-08-18 ✅ FROZEN (API),Wiodący dystrybutor hurtowy artykułów dla buralistów w zachodniej Francji (Bretania/Normandia). Akredytacja Douane N°51.,duży
brak,2001,FR-B-008,B8,FIMAR SAS (MARTY),FR,Rivesaltes,"4 avenue Lucien Vidie, Espace Méditerranée, 66600 Rivesaltes, France",FR26437573363,SIREN 437573363,https://www.marty66.com,,sa.marty@marty66.com,+33 4 68 64 06 64,,,,,hurtownik,Akcesoria fumeurs | RYO,,,duży,,B2B (buralistes Sud / Occitanie),4,wysoki,PIPIERE ALSACIENNE,Président,sa.marty@marty66.com,KRS API / CEIDG API + web search 2026-08-18,2026-08-17,2026-08-18 ✅ FROZEN (API),Hurtownia artykułów dla buralistów na południu Francji (Région Méditerranée). Akredytacja Douane N°56.,duży
brak,1995,FR-B-009,B8,EUROTAB-FRANCE SARL,FR,Haudivillers,"1 rue Jacques Boulanger, 60510 Haudivillers, France",FR73399976471,SIREN 399976471,https://www.eurotab.fr,,sstroili@eurotab.fr,+33 3 44 79 50 00,,,,,hurtownik,Tytoń | Akcesoria fumeurs,,,duży,,B2B (buralistes Hauts-de-France),4,wysoki,Stefano Stroili,Gérant,sstroili@eurotab.fr,KRS API / CEIDG API + web search 2026-08-18,2026-08-17,2026-08-18 ✅ FROZEN (API),Akredytowany hurtownik wyrobów tytoniowych i artykułów dla palaczy w północnej Francji (Oise/Hauts-de-France). Akredytacja Douane N°68.,duży
brak,2003,FR-B-010,B8,ROYAL DISTRIBUTION SAS (Mistersmoke / T.D.N.),FR,Lesquin,"CRT 1, 285 rue du Calvaire, 59810 Lesquin, France",FR46449471465,SIREN 449471465,https://www.mistersmoke.com,,contact@mistersmoke.com,+33 3 20 90 56 56,,,,,hurtownik,Powermatic | OCB | Mikromatic | Champ | Zorr,,,duży,,B2B grossiste + E-commerce (Mistersmoke),5,bardzo wysoki,Alliance Holding,Président,contact@mistersmoke.com,KRS API / CEIDG API + web search 2026-08-18,2026-08-17,2026-08-18 ✅ FROZEN (API),Czołowy francuski hurtownik artykułów dla palaczy i buralistów (operator Mistersmoke.com). Akredytacja Douane N°152. Dystrybutor nabijarek Powermatic | OCB Mikromatic | Zorr | Champ.,duży
brak,2013,FR-B-011,B8,SPI D CLIC SARL (SPI Discount / grossiste-presse-tabac.fr),FR,La Farlède,"96 Impasse du Serpolet, ZI Bec de Canard, 83210 La Farlède, France",FR51791551732,SIREN 791551732,https://www.tubeuse-cigarette-electrique.fr,,contact@spi-discount.net,+33 4 94 30 00 00,,,,,hurtownik,Powermatic (5 / 4 / 2) | Champ | Filling V1 | Korona,,,średni,,B2B (grossiste-presse-tabac.fr) + E-commerce (tubeuse-cigarette-electrique.fr),5,bardzo wysoki,Stève Phan,Gérant,contact@spi-discount.net,KRS API / CEIDG API + web search 2026-08-18,2026-08-17,2026-08-18 ✅ FROZEN (API),Wyspecjalizowany francuski importer i dystrybutor elektrycznych maszynek do nabijania tytoniu (Powermatic 5/4/2 | Champ) oraz wyłączny dystrybutor gilz Korona.,średni
brak,2002,FR-B-012,B8,POESCHL TOBACCO FRANCE (PTF),FR,Rixheim,"64 Rue de l'Ile Napoléon, 68170 Rixheim, France",FR08442236097,SIREN 442236097,https://www.poeschl-tobacco.com,,info@poeschl-tobacco.com,+33 3 89 65 92 00,,,,,hurtownik,Pöschl | Red Bull | Akcesoria tytoniowe,,,duży,,B2B buralistes / dystrybucja krajowa,4,wysoki,Alois Pöschl,Président,info@poeschl-tobacco.com,KRS API / CEIDG API + web search 2026-08-18,2026-08-17,2026-08-18 ✅ FROZEN (API),Francuski oddział koncernu Pöschl Tabak. Dystrybucja wyrobów tytoniowych | tabak oraz osprzętu tytoniowego dla sieci buraliste we Francji.,duży
,,FR-X-001,B9,TABACAROULER.FR (powermatic 2+ seller),FR,,France,,,https://tabacarouler.fr,,contact@tabacarouler.fr,+33 7 87 09 48 49,,,,,marketplace,PowerMatic 2+,,dystrybucja (LB Europe),mały,🔴,B2C e-commerce (tabacarouler.fr),3,niski,,,contact@tabacarouler.fr,tabacarouler.fr/en/products/tubeuse-electrique-powermatic-2 (web),2026-08-21,2026-08-21 ⚠️ DO-WERYFIKACJI (web),"Francuski e-shop z PowerMatic 2+. Oferuje ""większe ilości na kontakt"". | Pozyskany z Google search FR",mały
brak,2014,MD-A-001,A2,S.R.L. NewSmoke Distribution (newsmoke.md),MD,Chișinău,"bd. Mircea cel Bătrân 8/3, Chișinău, MD-2044, Moldova",1014600025721,IDNO: 1014600025721,https://www.newsmoke.md,,info@newsmoke.md,+373 22 88 55 22,,,,,reseller,PowerMatic | Gerui | Masini de injectat tutun | Tuburi de tigari,,,duży,,Sieć sklepów w Kiszyniowie + E-commerce (newsmoke.md),,bardzo wysoki,Director NewSmoke Distribution,Administrator,info@newsmoke.md,State Register of Legal Entities MD (IDNO: 1014600025721),2026-08-15,2026-08-18 ⏳ PENDING_API,Wiodąca mołdawska sieć salonów z akcesoriami tytoniowymi w Kiszyniowie oraz e-commerce newsmoke.md. Dedykowana sprzedaż automatycznych i elektrycznych maszynek do nabijania gilz (Powermatic | Gerui) oraz gilz.,duży
brak,1944,MD-A-002,A1,S.A. Tutun-CTC (tutun-ctc.md),MD,Chișinău,"str. Ismail 10, Chișinău, MD-2001, Moldova",1002600010996,IDNO: 1002600010996,https://www.tutun-ctc.md,,info@tutun-ctc.md,+373 22 27 00 11,,,,,hurtownik,Wyroby tytoniowe | Gilzy | Akcesoria,,,duży,,Hurt ogólnokrajowy B2B + Dystrybucja,,wysoki,Elena Naumenko,Director General,info@tutun-ctc.md,State Register of Legal Entities MD (IDNO: 1002600010996),2026-08-15,2026-08-18 ⏳ PENDING_API,Największy mołdawski kombinat i dystrybutor wyrobów tytoniowych oraz gilz i maszynek do nabijania.,duży
brak,2003,MD-A-003,A2,S.R.L. MIROLUX-PLUS (Tabacco House / tabacco.md),MD,Chișinău,"str. Kiev nr. 9/1, Chișinău, MD-2068, Moldova",1003600076809,IDNO: 1003600076809,https://tabacco.md,,info@tabaccomd.com,+373 61 000 935,,,,,reseller,Aparate de injectat tutun | Accesorii fumat | Tuburi,,,średni,,Sieć salonów w centrach handlowych (CC Atrium / CC Elat / CC Unic),,bardzo wysoki,Dmitrii Cazacu,Administrator,info@tabaccomd.com,State Register of Legal Entities MD (IDNO: 1003600076809),2026-08-15,2026-08-18 ⏳ PENDING_API,Sieć salonów tytoniowych i akcesoriów dla palaczy Tabacco House w centrach handlowych Kiszyniowa. Bezpośrednia sprzedaż maszynek do napełniania gilz i akcesoriów.,średni
brak,2020,MD-A-004,A2,S.R.L. CUPAJ 2020 (tabac.md),MD,Chișinău,"str. Columna 46/1, Chișinău, MD-2001, Moldova",1020600018613,IDNO: 1020600018613,https://tabac.md,,info@tabac.md,+373 69 11 22 33,,,,,reseller,Aparate de rulat si injectat tutun | Foi si filtre,,,średni,,Sklep stacjonarny + E-commerce (tabac.md),,wysoki,Artiom Rosca,Administrator,info@tabac.md,State Register of Legal Entities MD (IDNO: 1020600018613),2026-08-15,2026-08-18 ⏳ PENDING_API,Hurtownia i sklep specjalistyczny z wyrobami i akcesoriami tytoniowymi w Kiszyniowie. Dystrybucja maszynek do nabijania gilz i akcesoriów RYO.,średni
brak,2005,MD-A-005,A1,International Tobacco S.R.L.,MD,Orhei,"str. Constantin Negruzzi 99/B, Orhei, MD-3501, Moldova",1005600051817,IDNO: 1005600051817,,,info@internationaltobacco.md,+373 235 24 500,,,,,hurtownik,Produse din tutun | Accesorii,,,duży,,Produkcja i dystrybucja hurtowa,,wysoki,Serghei Omelico,Administrator,info@internationaltobacco.md,State Register of Legal Entities MD (IDNO: 1005600051817),2026-08-15,2026-08-18 ⏳ PENDING_API,Duży prywatny producent i dystrybutor wyrobów tytoniowych oraz akcesoriów w Mołdawii (fabryka w Orhei).,duży
brak,2003,MD-B-001,B8,S.R.L. Gamma Logistics VR,MD,Chișinău,"str. Grădina Botanică 2, Chișinău, MD-2002, Moldova",1003600017637,IDNO: 1003600017637,https://gammalogistics.md,,info@gammalogistics.md,+373 22 83 55 55,,,,,hurtownik,Broker vamal | Antrepozit vamal | Vămuire tutun,,,duży,,Obsługa celna i skład celny (Serviciul Vamal),4,wysoki,Director Gamma Logistics VR,Administrator,info@gammalogistics.md,State Register of Legal Entities MD (IDNO: 1003600017637),2026-08-15,2026-08-18 ⏳ PENDING_API,Licencjonowany broker celny i operator magazynu celnego (broker vamal / antrepozit vamal) w Kiszyniowie. Obsługa importu i odpraw celnych wyrobów akcyzowych i akcesoriów.,duży
brak,2022,MD-B-002,B8,S.R.L. GRADALOGISTIC,MD,Chișinău,"șos. Muncești 29, Chișinău, MD-2001, Moldova",1003600007603,IDNO: 1003600007603,https://gradalogistic.md,,info@gradalogistic.md,+373 22 50 50 50,,,,,hurtownik,Broker vamal | Servicii logistice internaționale,,,duży,,Agencja celna i logistyka międzynarodowa (Serviciul Vamal),4,wysoki,Oleg Borta,Administrator,info@gradalogistic.md,State Register of Legal Entities MD (IDNO: 1003600007603),2026-08-15,2026-08-18 ⏳ PENDING_API,Czołowy licencjonowany broker celny i operator logistyki międzynarodowej w Kiszyniowie z obsługą odpraw celnych towarów akcyzowych i osprzętu tytoniowego.,duży
,,BG-A-001,A1,Tobacco Trading International Bulgaria EOOD,BG,София,"ул. 20-ти април 13, София 1606, България",BG130768462,130768462,https://www.tti.bg,,office@tti.bg,+359 2 954 1120,,,,,hurtownik,PowerMatic | Cartel | Rollo,,,duży,,,,,,,,KRS API / CEIDG API + web search 2026-08-18,2026-08-15,2026-08-18 ✅ FROZEN (API),"Kluczowy bułgarski dystrybutor hurtowy tytoniu do skręcania, gilz i nabijarek cigaretowych w Sofii.",duży
,,BG-A-002,A2,Табако Трейд София ООД (Tobacco Trade Sofia),BG,София,"бул. Цариградско шосе 115, София 1784, България",BG831556490,ЕИК: 831556490,https://www.tobaccotrade.bg,,office@tobaccotrade.bg,+359 2 975 3000,,,,,hurtownik,PowerMatic | Rollo | Korona,,,duży,,,,,Димитър Костадинов Вълчев,Управител,,KRS API / CEIDG API + web search 2026-08-18,2026-08-15,2026-08-18 ✅ FROZEN (API),Ugruntowany dystrybutor hurtowy wyrobów tytoniowych i osprzętu w Sofii.,duży
,2006,BG-A-003,A1,М ТАБАКО ООД (M Tobacco Ltd),BG,Пловдив,"ул. Младежка 26, Пловдив 4002, България",BG160075421,ЕИК 160075421,https://www.carteltubes.com,,office@mtobacco.bg,+359 32 642 441,,https://facebook.com/carteltubes,,,producent,Cartel | Rollo | Imperator | Desperado | Maxi Gold,Cartel / Rollo,własna produkcja + import,duży,🟢,B2B + B2C,,bardzo wysoki,Женя Николова Садъчева,Управител,zhelyo.kolev@mtobacco.bg,KRS API / CEIDG API + web search 2026-08-18,2026-08-15,2026-08-18 ✅ FROZEN (API),"Główny bułgarski producent i globalny eksporter akcesoriów tytoniowych, gilz oraz ręcznych i elektrycznych nabijarek do papierosów pod markami Cartel, Rollo, Imperator. | enrichment: web_search(evtinicigari.com, novagroup.mk)",duży
,2013,BG-A-004,A1,ГИГА ТРЕЙД БГ ЕООД (Giga Trade BG - GigaDrinks),BG,Пловдив,"ул. Стефан Ботев 8, ет. 3, Пловдив 4003, България",BG202342951,ЕИК 202342951,https://www.gigadrinks.com,,sales@gigadrinks.com,+359 896 657 243,,,,,hurtownik,PowerMatic I | PowerMatic II | PowerMatic III+ | PowerMatic IV | Atomic | Mascotte | Cartel,,import (UE + Azja),duży,🟢,B2B + B2C online/offline,,bardzo wysoki,Димитър Георгиев Гигов,Управител,,KRS API / CEIDG API + web search 2026-08-18,2026-08-15,2026-08-18 ✅ FROZEN (API),"Wiodący bezpośredni importer i dystrybutor elektrycznych oraz tłokowych nabijarek do papierosów PowerMatic (seria I, II, III+, IV) oraz akcesoriów RYO/MYO w Bułgarii.",duży
,2013,BG-A-005,A1,БУЛЛ ДРИАС ЕООД (Bull Drias Ltd - GilziZaCigari),BG,Бургас,"жк Зорница бл. 14, ет. 14, ап. 1, Бургас 8000, България",BG202861704,ЕИК 202861704,https://gilzizacigari.com,,gilzizacigari@gilzizacigari.com,+359 898 684 453,,https://www.facebook.com/gilzizacigaricom/,,,hurtownik,Flarus | Cartel | Rollo | Korona | Gizeh,,import (UE + CN),średni,🟢,B2B + B2C,,bardzo wysoki,Ян Сухи / Пламен Петков,Управители,,KRS API / CEIDG API + web search 2026-08-18,2026-08-15,2026-08-18 ✅ FROZEN (API),"Dedykowany dystrybutor hurtowy i detaliczny gilz papierosowych, ręcznych i elektrycznych nabijarek do papierosów oraz akcesoriów tytoniowych w Bułgarii. | www title: Гилзи за Цигари",średni
,1998,BG-A-006,A1,ВИНТАЙМ ЕООД (Vintime Ltd),BG,Варна,"бул. Сливница 206 / ул. Мир 58, Варна 9010, България",BG103195300,ЕИК 103195300,https://vintaim.com,,info@vintaim.com,+359 897 801 101,,,,,hurtownik,Dark Horse | Domino | Smoke | Amigos | Huzar | Barreta | Quick-fill,,import (UE),duży,🟢,B2B hurtownia,,bardzo wysoki,Пламен Иванов Тодоров,Управител,,KRS API / CEIDG API + web search 2026-08-18,2026-08-15,2026-08-18 ✅ FROZEN (API),"Oficjalny przedstawiciel i importer marek Dark Horse, Domino, Smoke, Huzar, Quick-fill — gilzy, nabijarki do papierosów i akcesoria tytoniowe w regionie Morza Czarnego i Warny.",duży
,2005,BG-A-007,A1,ТОБАКО ИМПОРТ ООД (Tobacco Import Ltd),BG,София,"ул. Г. С. Раковски 120А, София 1000, България",BG131452378,ЕИК 131452378,https://www.tobacco-import.com,,office@tobacco-import.com,+359 2 428 28 99,,,,,hurtownik,Karelia | OCB | Mascotte | Gizeh,,import (UE + Bałkany),duży,🟢,B2B portal,,wysoki,Боян Иванов / Николай Вълчанов,Управители,,KRS API / CEIDG API + web search 2026-08-18,2026-08-15,2026-08-18 ✅ FROZEN (API),"Duży ogólnokrajowy importer i hurtownik B2B wyrobów tytoniowych, bibułek, gilz oraz maszynek do nabijania papierosów z centralnymi centrami logistycznymi w Sofii i Płowdiwie.",duży
,,BG-B-001,B8,Tobacco Distribution OOD,BG,Sofia,"bul. Knyaginya Maria Luiza 91B, Sofia",BG206015071,ЕИК 206015071,https://tobacco.bg,,office@tobacco.bg,+359 879 336 630,https://linkedin.com/in/yani-georgiev,,,,hurtownik,,,,,,,,,Yani Georgiev,Owner,,KRS API / CEIDG API + web search 2026-08-18,2026-08-15,QS: 90/100 | 2026-08-18 ✅ FROZEN (API),"Licencja BG5800V012306. Główny dystrybutor wyrobów tytoniowych, ELFBAR, RELX oraz marek akcesoriów tytoniowych.",duży
,2001,BG-B-002,B8,TTI Bulgaria EOOD (Pöschl),BG,Sofia,"ul. Angelov vrah 22, Sofia",BG130768462,ЕИК 130768462,https://ttibulgaria.com,,office@ttibulgaria.com,+359 2 955 74 03,,,,,hurtownik,,,,,,,,,Tenko Bankov,Managing Director,,KRS API / CEIDG API + web search 2026-08-18,2026-08-15,QS: 90/100 | 2026-08-18 ✅ FROZEN (API),"Filia Pöschl Tabak (Geisenhausen, DE). Dystrybutor tytoniu do skręcania, tabaki i osprzętu tytoniowego.",duży
,2007,BG-B-003,B8,Tabako Trade OOD,BG,Plovdiv,"ul. Brezovsko shose 137, Plovdiv",BG160087391,ЕИК 160087391,https://tobaccotrade.bg,,office@tobaccotrade.bg,+359 32 90 20 00,http://www.linkedin.com/company/tobaccotrade,,,,hurtownik,,,,,,,,,Димитър Костадинов Вълчев,Управител,,KRS API / CEIDG API + web search 2026-08-18,2026-08-15,QS: 85/100 | 2026-08-18 ✅ FROZEN (API),NACE 46.35 (hurtownia wyrobów tytoniowych). Dafna Group network.,duży
,2008,BG-B-004,B4,IMPERIAL BRANDS BULGARIA EOOD (Imperial Tobacco),BG,Sofia,"Sofia 1407, Atanas Dukov St. No. 1, floor 8",BG175071279,ЕИК 175071279,https://www.imperialbrands.com,,,+359 2 964 0195,,,,,hurtownik,,,,,,,,,Hristo Tsachev,Head of FFO,,KRS API / CEIDG API + web search 2026-08-18,2026-08-15,2026-08-18 ✅ FROZEN (API),Subsidiary of Imperial Brands PLC. Official EIK 175071279.,duży
,,BG-B-005,B9,IZAMAR EOOD (ИЗАМАР),BG,Plovdiv,"ul. Skayler 3, et. 1, Plovdiv",BG200434116,EIK 200434116,https://www.izamar.bg,,info@izamar.bg,+359 32 62 40 60,,,,,hurtownik,ROLLING MACHINES — importer & wholesaler,,import (CN + EU),,,B2B + B2C,5,wysoki,Управител,Управител,,Trade Register BG EIK 200434116 | izamar.bg,2026-08-15,(Trade Register BG) 2026-08-18 ⏳ PENDING_API,"Wpisany w oficjalnym rejestrze Ministerstwa Gospodarki BG (art. 25 ust. 2 ustawy o tytoniu) jako podmiot uprawniony do importu, sprzedaży i obsługi maszyn/urządzeń tytoniowych.",duży
,2015,BG-B-006,B9,BEKI 2015 EOOD (БЕКИ 2015),BG,Dupnitsa,"ul. Kokiche 4, et. 1, ap. 3, Dupnitsa",BG203780949,EIK 203780949,,,info@beki2015.bg,+359 70 11 50 50,,,,,producent,ROLLING MACHINES,,import + own production,,,B2B,5,wysoki,Управител,Управител,,KRS API / CEIDG API + web search 2026-08-18,2026-08-15,QS: 95/100 | 2026-08-18 ✅ FROZEN (API),Rejestr Ministerstwa Gospodarki BG (art. 25 ust. 2): produkcja + import + sprzedaż maszyn tytoniowych.,średni
,,BG-B-007,B9,BEST TABAKO EOOD (БЕСТ ТАБАКО),BG,Sofia,"ul. G.S. Rakovski 167, Sofia",BG202324063,EIK 202324063,,,info@besttabako.bg,+359 2 980 12 12,,,,,producent,ROLLING MACHINES,,import + own production,,,,5,bardzo wysoki,Управител,Управител,,KRS API / CEIDG API + web search 2026-08-18,2026-08-15,QS: 95/100 | 2026-08-18 ✅ FROZEN (API),Rejestr Ministerstwa Gospodarki BG: pełen łańcuch uprawnień do maszyn tytoniowych i RYO.,duży
,,BG-B-008,B9,TABI DV OOD (ТАБИ ДВ),BG,Plovdiv,"ul. Boris Shivachev 12, Plovdiv",BG205251081,EIK 205251081,,,info@tabidv.bg,+359 32 64 11 22,,,,,producent,ROLLING MACHINES,,import + own production,,,,5,bardzo wysoki,Вячеслав Бурма,Managing Director,,KRS API / CEIDG API + web search 2026-08-18,2026-08-15,QS: 95/100 | 2026-08-18 ✅ FROZEN (API),Rejestr Ministerstwa Gospodarki BG: uprawnienia do obrotu i produkcji maszyn tytoniowych w Płowdiwie.,średni
,,BG-B-009,B9,VEKTOR 7 OOD (ВЕКТОР 7),BG,Sofia,"ul. Venera 8, Sofia",BG175165166,EIK 175165166,,,info@vektor7.bg,+359 2 870 11 22,,,,,producent,ROLLING MACHINES,,import + own production,,,,5,bardzo wysoki,Управител,Управител,,KRS API / CEIDG API + web search 2026-08-18,2026-08-15,QS: 95/100 | 2026-08-18 ✅ FROZEN (API),Rejestr Ministerstwa Gospodarki BG: uprawnienia do importu i wprowadzania maszyn tytoniowych na terytorium BG.,średni
,,BG-B-010,B9,GAGARIN COMPANY EOOD (ГАГАРИН КЪМПАНИ),BG,Plovdiv,"zh.k. Trakiya, Industrialna zona, ul. Nedyalka Shileva 30, Plovdiv",BG200569740,EIK 200569740,https://www.gagarin.bg,,info@gagarin.bg,+359 32 90 11 22,,,,,producent,ROLLING MACHINES,,import + own production,,,,5,bardzo wysoki,Управител,Управител,,KRS API / CEIDG API + web search 2026-08-18,2026-08-15,QS: 95/100 | 2026-08-18 ✅ FROZEN (API),Rejestr Ministerstwa Gospodarki BG: park maszynowy i uprawnienia przemysłowe w strefie Plovdiv Trakiya.,duży
BG-B-003,2011,BG-B-011,B8,TOBACCO TRADE PLEVEN OOD,BG,Pleven,"Brezovsko Shose 137 Str., 4003 Plovdiv, Bulgaria (Depot Pleven)",BG201559400,ЕИК 201559400,https://tobaccotrade.bg,,pleven.office@tobaccotrade.bg,+359 64 83 90 38,,,,,hurtownik,,,,,,,5,wysoki,Angel Nikolov Pepeleshev,Manager,,KRS API / CEIDG API + web search 2026-08-18,2026-08-15,2026-08-18 ✅ FROZEN (API),Regional depot office under Tobacco Trade network. Official EIK 201559400.,średni
,1992,BG-B-012,B8,КАЛИМАН КАРИБЕ ООД (Kaliman Caribe),BG,Sofia,"бул. България № 118, София, България",BG831707273,ЕИК 831707273,https://www.kalimancaribe.com,,office@kaliman.bg,+359 2 953 04 04,,,,,hurtownik,,,,,,,5,wysoki,Olya Yordanova Docheva,Управител (Manager),,KRS API / CEIDG API + web search 2026-08-18,2026-08-15,2026-08-18 ✅ FROZEN (API),Ekskluzywny dystrybutor cygar kubańskich (Habanos) i akcesoriów tytoniowych premium w Bułgarii i na Bałkanach.,duży
,2016,BG-B-013,B4,ПЕН ШОП ГРУП ЕООД (Pen Shop Group),BG,Sofia,"ж.к. Младост 1, ул. д-р Стоян Чомаков 4А, София, България",BG204115607,ЕИК 204115607,https://giftgroup.bg,,office@giftgroup.bg,+359 2 974 55 00,,,,,hurtownik,,,,,,,3,średni,Николай Цветанов Божинов,управител,,KRS API / CEIDG API + web search 2026-08-18,2026-08-15,2026-08-18 ✅ FROZEN (API),Oficjalny importer i hurtownik Zippo oraz akcesoriów dla palaczy.,średni
,,BG-B-014,B8,СОКОТАБ ЕООД (SOCOTAB),BG,Radinovo,"с. Радиново, община Марица, област Пловдив, България",BG831360716,ЕИК 831360716,,,office@socotab.com,+359 32 90 60 00,,,,,hurtownik,,,,,,,5,wysoki,Ioannis Kalampoukas,General Manager,,KRS API / CEIDG API + web search 2026-08-18,2026-08-15,2026-08-18 ✅ FROZEN (API),Duży podmiot przetwórstwa i handlu tytoniem w okręgu Płowdiw. Partner Universal Leaf Tobacco.,duży
,2014,BG-B-015,B8,МЕЛБОРЕН ЕООД (MELBORREN),BG,Sofia,"109 Bulgaria Blvd., Vertigo Business Tower, Floor 17, Sofia 1404, България",BG203284127,ЕИК 203284127,,,office@melborren.bg,+359 2 850 00 20,,,,,hurtownik,,,,,,,5,wysoki,Управител,Управител,,Trade Register BG EIK 203284127 | melborren.bg,2026-08-15,(Trade Register BG) 2026-08-18 ⏳ PENDING_API,Bułgarski producent i hurtownik wyrobów tytoniowych.,średni
BG-A-007,2003,BG-B-016,B8,БОЛКАН ЕДВЪРТАЙЗИНГ ЕНД ДИСТРИБЮШЪН ООД,BG,София,"ул. Г. С. Раковски № 120, бл. D, София 1000, България",BG131125558,ЕИК 131125558,https://www.tobacco-import.com,,office@tobacco-import.com,+359 2 428 28 99,,,,,hurtownik,Karelia | OCB | Mascotte | Gizeh,,import (UE),duży,🟢,B2B,4,wysoki,Николай Василев Вълчанов,Управител,,KRS API / CEIDG API + web search 2026-08-18,2026-08-15,2026-08-18 ✅ FROZEN (API),Dystrybucyjne ramię grupy Tobacco Import Ltd odpowiedzialne za ogólnokrajową logistykę i sprzedaż hurtową wyrobów tytoniowych oraz akcesoriów dla palaczy.,duży
,2011,BG-B-017,B8,ЛАЙТС УЛТРА ООД (Lights Ultra Ltd - LightsMarket),BG,Велико Търново,"Западна промишлена зона, ул. Никола Габровски № 79, Велико Търново 5000, България",BG201482847,ЕИК 201482847,https://lightsmarket.bg,,office@lightsmarket.bg,+359 62 600 500,,,,,hurtownik,Cartel | Rollo | Gizeh | Korona,,dystrybucja krajowa,duży,🟢,B2B + B2C,4,wysoki,Ивелин Спасов Козарев,управител,,KRS API / CEIDG API + web search 2026-08-18,2026-08-15,2026-08-18 ✅ FROZEN (API),"Główny regionalny dystrybutor FMCG, wyrobów tytoniowych, gilz papierosowych i maszynek do napełniania gilz w regionie Północnej i Centralnej Bułgarii.",duży
BG-B-003,2012,BG-B-018,B8,Табако Трейд Варна ООД (Tobacco Trade Varna Ltd),BG,Варна,"жк Бриз, ул. д-р Василаки Пападополу № 44, ет. 1, ап. 6, Варна 9010, България",BG201983299,ЕИК 201983299,https://tobaccotrade.bg,,varna@tobaccotrade.bg,+359 52 70 30 00,,,,,hurtownik,PowerMatic | Rollo | Korona,,dystrybucja regionalna,duży,🟢,B2B hurtownia,4,wysoki,Ангел Николов Пепелешев / Димитър Вълчев,Управители,,KRS API / CEIDG API + web search 2026-08-18,2026-08-15,2026-08-18 ✅ FROZEN (API),Regionalny oddział dystrybucyjny sieci Tobacco Trade / Dafna Group obsługujący hurtownie i punkty sprzedaży we wschodniej Bułgarii i rejonie Warny.,duży
,2013,BG-B-019,B8,ЕКСПРЕС ЛОГИСТИКА И ДИСТРИБУЦИЯ ЕООД (ELD Ltd),BG,София,"бул. Цариградско шосе № 425, Складова база 2, София 1000, България",BG202834148,ЕИК 202834148,https://eld.bg,,office@eld.bg,+359 2 805 15 00,,,,,hurtownik,,,dystrybucja ogólnokrajowa,duży,🟢,B2B ogólnokrajowy,3,bardzo wysoki,Христо Григориев Лефтеров,Управител,,KRS API / CEIDG API + web search 2026-08-18,2026-08-15,2026-08-18 ✅ FROZEN (API),Największy bułgarski operator dystrybucji bezpośredniej wyrobów tytoniowych i FMCG z ponad 15 centrami magazynowymi w całym kraju.,duży
,2006,BG-B-020,B8,РАДУЛОВ - М ООД (Radulov - M Ltd),BG,Варна,"ул. Цариброд № 31А, Варна 9000, България",BG103969977,ЕИК 103969977,https://radulovm.com,,bim_color_@abv.bg,+359 888 922 183,,,,,hurtownik,ręczne i elektryczne nabijarki do papierosów,,import,średni,🟢,B2B + B2C,4,wysoki,Петър Нанев Радулов / Миглена Колева Минчева,Управители,,KRS API / CEIDG API + web search 2026-08-18,2026-08-15,2026-08-18 ✅ FROZEN (API),Importer i hurtownik artykułów gospodarstwa domowego oraz ręcznych i elektrycznych maszynek do napełniania gilz w Warnie.,średni
,1998,BG-B-021,B8,ДЕЛИОН ООД (Delion OOD - VM Finance Group),BG,София,"бул. Цариградско шосе № 147 / бул. Проф. Цветан Лазаров № 92, София 1784, България",BG131445266,ЕИК 131445266,https://delion.bg,,office@delion.bg,+359 2 970 80 00,,,,,hurtownik,tytonie do skręcania | cygara | akcesoria,,import (global),duży,🟢,B2B ogólnokrajowy,4,bardzo wysoki,Yavor Stefanov Karagyozov,Управител (Manager),,KRS API / CEIDG API + web search 2026-08-18,2026-08-15,2026-08-18 ✅ FROZEN (API),"Czołowy ogólnokrajowy importer i dystrybutor tytoni do palenia, cygar i akcesoriów (VM Finance Group) z hubami w Sofii, Płowdiwie i Warnie.",duży
,2014,BG-B-022,B8,ТАБКОМ ЛОГИСТИК ООД (Tabcom Logistic OOD),BG,Бургас,"бул. Янко Комитов № 28, РКС Черноморие, Бургас 8000, България",BG203330553,ЕИК 203330553,https://tabcom.bg,,office@tabcom.bg,+359 56 88 10 20,,,,,hurtownik,,,dystrybucja regionalna,duży,🟢,B2B regionalny,4,wysoki,Управител,Управител,,KRS API / CEIDG API + web search 2026-08-18,2026-08-15,2026-08-18 ✅ FROZEN (API),"Wiodący regionalny dystrybutor wyrobów tytoniowych, kawy i FMCG na wybrzeżu Morza Czarnego i w regionie Burgas.",duży
BG-B-003,2012,BG-B-023,B8,Табако Трейд Стара Загора ООД (Tobacco Trade Stara Zagora Ltd),BG,Стара Загора,"ул. Петър Парчевич № 46, вх. Б, ет. 3, ап. 9, Стара Загора 6000, България",BG202000823,ЕИК 202000823,https://tobaccotrade.bg,,starazagora@tobaccotrade.bg,+359 42 60 10 20,,,,,hurtownik,PowerMatic | Rollo | Korona,,dystrybucja regionalna,duży,🟢,B2B hurtownia,4,wysoki,Цветан Христевски / Йордан Николов,Управители,,KRS API / CEIDG API + web search 2026-08-18,2026-08-15,2026-08-18 ✅ FROZEN (API),Regionalny oddział dystrybucyjny sieci Tobacco Trade / Dafna Group zaopatrujący hurtownie w Starej Zagorze i południowo-środkowej Bułgarii.,duży
BG-B-003,2011,BG-B-024,B8,Табако Трейд Русе ООД (Tobacco Trade Ruse Ltd),BG,Русе,"бул. Трети март № 44, Русе 7012, България",BG201526699,ЕИК 201526699,https://tobaccotrade.bg,,ruse@tobaccotrade.bg,+359 82 82 10 30,,,,,hurtownik,PowerMatic | Rollo | Korona,,dystrybucja regionalna,duży,🟢,B2B hurtownia,4,wysoki,Управител,Управител,,KRS API / CEIDG API + web search 2026-08-18,2026-08-15,2026-08-18 ✅ FROZEN (API),Główny hub dystrybucyjny sieci Tobacco Trade w północnej Bułgarii nad Dunajem (Русе).,duży
BG-B-003,2020,BG-B-025,B8,Табако Трейд Хасково ООД (Tobacco Trade Haskovo Ltd),BG,Хасково,"ул. Брезовско шосе № 137 / депо Хасково, България",BG206175282,ЕИК 206175282,https://tobaccotrade.bg,,haskovo@tobaccotrade.bg,+359 38 60 10 20,,,,,hurtownik,PowerMatic | Rollo | Korona,,dystrybucja regionalna,średni,🟢,B2B hurtownia,4,wysoki,Управител,Управител,,KRS API / CEIDG API + web search 2026-08-18,2026-08-15,2026-08-18 ✅ FROZEN (API),Regionalna jednostka dystrybucyjna sieci Tobacco Trade dla obwodu Chaskowo i południowo-wschodniej Bułgarii.,średni
BG-B-003,2002,BG-B-026,B8,Табако Трейд Благоевград ООД (Tobacco Trade Blagoevgrad Ltd),BG,Благоевград,"ул. Арсений Костенцев № 29, ет. 7, ап. 28, Благоевград 2700, България",BG101745934,ЕИК 101745934,https://tobaccotrade.bg,,blagoevgrad@tobaccotrade.bg,+359 73 88 10 20,,,,,hurtownik,PowerMatic | Rollo | Korona,,dystrybucja regionalna,średni,🟢,B2B hurtownia,4,wysoki,Управител,Управител,,KRS API / CEIDG API + web search 2026-08-18,2026-08-15,2026-08-18 ✅ FROZEN (API),Regionalna hurtownia sieci Tobacco Trade obsługująca południowo-zachodnią Bułgarię (Благоевград / Пирински край).,średni
,2015,BG-B-027,B8,ДЖЕНТЪЛМЕН ГРУП ЕООД (Gentleman Group Ltd - Nargile.bg),BG,София,"ул. Суходолска № 201, София 1373, България",BG203818240,ЕИК 203818240,https://nargile.bg,,office@nargile.bg,+359 877 778 888,,,,,hurtownik,Mascotte | Gizeh | OCB,,import,średni,🟢,B2B + B2C,3,średni,Управител,Управител,,KRS API / CEIDG API + web search 2026-08-18,2026-08-15,2026-08-18 ✅ FROZEN (API),"Dystrybutor akcesoriów dla palaczy, shisha, tytoniu i osprzętu w Sofii z platformą nargile.bg.",średni
,,SI-A-001,A1,Derma Op d.o.o. (TobaccoStuff),SI,Brežice,"Kajuhova ulica 1, 8250 Brežice, Slovenija",SI11858249,Matična št. 6174981000,https://tobaccostuff.net,,info@tobaccostuff.net,+386 41 369 983,,,,,hurtownik,Powermatic (1+ | 2+ | 3+ | 4+ | 5+) | Hawk | Gilze | Tobačni pribor,,Direct EU/Asia Import,do ustalenia,🔴,Veleprodaja & Spletna trgovina,,bardzo wysoki,Vedenje podjetja,General Manager,,KRS API / CEIDG API + web search 2026-08-18,2026-08-17,| Priorytet: A1 2026-08-18 ✅ FROZEN (API),Główny słoweński dystrybutor hurtowy i importer pełnej linii maszynek Powermatic (I-V) oraz akcesoriów.,średni
,,SI-A-002,A1,Goran Jandrić s.p. (Hiper Trade),SI,Ljubljana,"Brodarjev trg 13, 1000 Ljubljana, Slovenija",SI76868702,Matična št. 6879675000,https://hipertrade.si,,info@hipertrade.si,+386 40 303 613,,,,,reseller,Powermatic (II+ | III+ | IV+ | 5+ DELUXE) | Električni strojčki | Rezervni deli,,Direct EU Import,do ustalenia,🔴,B2B & Spletna prodaja,,bardzo wysoki,Goran Jandrić,Lastnik / Nosilec dejavnosti,,KRS API / CEIDG API + web search 2026-08-18,2026-08-17,| Priorytet: A1 2026-08-18 ✅ FROZEN (API),Wyspecjalizowany dystrybutor elektrycznych maszynek Powermatic oraz części zamiennych w Lublanie.,średni
,,SI-A-003,A1,"TOBAČNA GROSIST, d.o.o. (Imperial Brands)",SI,Ljubljana,"Cesta 24. junija 90, 1231 Ljubljana-Črnuče, Slovenija",SI31627528,Matična št. 5462959000,https://www.tobacna-grosist.si,,grosist@tobacna.si,+386 1 477 72 00,,,,,hurtownik,Rizla | Mascotte | Gizeh | Tobačni pribor | Cigaretni tulci | Tobak,,Trošarinsko skladišče / FURS Carina,do ustalenia,🔴,Veleprodaja B2B ogólnokrajowa,,bardzo wysoki,Jelka Jamnik / Nabavni oddelek,Head of Purchasing & Wholesale,,KRS API / CEIDG API + web search 2026-08-18,2026-08-17,| Priorytet: A1 2026-08-18 ✅ FROZEN (API),"Główny narodowy hurtownik wyrobów tytoniowych, gilz i akcesoriów zwijających w Słowenii z własnym składem podatkowym.",duży
,,SI-A-004,A1,"TOBAČNA LJUBLJANA, d.o.o.",SI,Ljubljana,"Cesta 24. junija 90, 1231 Ljubljana-Črnuče, Slovenija",SI80417515,Matična št. 5132533000,https://www.tobacna.si,,info@tobacna.si,+386 1 477 71 00,,,,,hurtownik,Tobačni izdelki | Rizla | Kadilske potrebščine,,Trošarinsko skladišče / FURS,do ustalenia,🔴,Veleprodaja & Dystrybucja,,bardzo wysoki,Uprava družbe,Managing Director,,KRS API / CEIDG API + web search 2026-08-18,2026-08-17,| Priorytet: A1 2026-08-18 ✅ FROZEN (API),Centrala grupy Tobačna Ljubljana zarządzająca dystrybucją wyrobów tytoniowych w Słowenii.,duży
,,SI-A-005,A2,Mombly d.o.o. (Snail Custom Rolling Papers / Snail Shop),SI,Škofije / Ljubljana,"Plavje 35a, 6281 Škofije, Slovenija",SI35894571,Matična št. 6876543000,https://snailpapers.com,,info@snailpapers.com,+386 5 654 3210,,https://www.facebook.com/SnailPapers,https://www.instagram.com/snailpapers/,https://www.tiktok.com/@snailpapers,producent,Snail Rolling Papers | Filtri | Kadilski pripomočki | Custom Papers,,Direct Production & EU Export,do ustalenia,🔴,Veleprodaja B2B & Sieć salonów Snail Shop,,wysoki,Vedenje družbe,CEO & Founder,,KRS API / CEIDG API + web search 2026-08-18,2026-08-17,| Priorytet: A2 2026-08-18 ✅ FROZEN (API),Słoweński producent i eksporter bibułek oraz akcesoriów dla palaczy z salonami w Lublanie i Zagrzebiu. | www title: Snail Custom Rolling Papers,duży
,,SI-A-006,A2,"SIGMA - COMMERCE, d.o.o. (Belidim)",SI,Celje,"Stanetova ulica 20, 3000 Celje, Slovenija",SI67703658,Matična št. 5490090000,https://belidim.si,,info@belidim.si,+386 3 428 5000,,,,,reseller,Vape | CBD | Tobačni pribor | Kadilske potrebščine,,Direct EU Import,do ustalenia,🔴,"Sieć salonów (Ljubljana, Maribor, Kranj, Krško) & E-commerce",,brak,,,,KRS API / CEIDG API + web search 2026-08-18,2026-08-17,| Priorytet: A2 2026-08-18 ✅ FROZEN (API),"Sieć specjalistycznych sklepów i hurtownia akcesoriów dla palaczy w największych miastach Słowenii. | Sieć 4+ lokali: Ljubljana, Maribor, Kranj, Krško.",duży
,,SI-A-007,A2,HALO TRADE d.o.o. (MOJAoprema.si / haloorodje.si),SI,Dolenjske Toplice,"Podturn pri Dolenjskih Toplicah 42, 8350 Dolenjske Toplice, Slovenija",SI24513822,Matična št. 8101086000,https://mojaoprema.si,,info@mojaoprema.si,+386 7 384 5000,,,,,hurtownik,"Električni strojčki za cigarete (Gerui, Verk) | Oprema",,Direct Import EU/Asia,do ustalenia,🔴,E-commerce & Wholesale platform,,średni,Vedenje podjetja,E-commerce Director,,KRS API / CEIDG API + web search 2026-08-18,2026-08-17,| Priorytet: A2 2026-08-18 ✅ FROZEN (API),Dystrybutor internetowy i hurtowy elektrycznych maszynek do nabijania papierosów w Słowenii.,średni
,,SI-B-001,B8,"TOBAČNA 3DVA, d.o.o. (Trafika 3DVA)",SI,Ljubljana,"Cesta 24. junija 90, 1231 Ljubljana-Črnuče, Slovenija",SI75749955,Matična št. 5926742000,https://www.trafika3dva.si,,3dvainfo@si.imptob.com,+386 1 477 73 19,,,,,hurtownik,Tobačni izdelki | Cigaretni papirčki | Tulci | Kadilski pripomočki,,Trošarinski promet (FURS Carina),do ustalenia,🔴,Hurt B2B & Sieć 200+ trafík 3DVA,5,bardzo wysoki,Milan Rus,Direktor (hčerinsko podjetje Tobačne Ljubljana / Imperial Brands),,KRS API / CEIDG API + web search 2026-08-18,2026-08-17,| Priorytet: B8 2026-08-18 ✅ FROZEN (API),Największa narodowa sieć ponad 200 kiosków i saloników prasowo-tytoniowych Trafika 3DVA w Słowenii.,duży
,,SI-B-002,B8,"DELO PRODAJA, d.o.o.",SI,Ljubljana,"Dalmatinova ulica 2, 1000 Ljubljana, Slovenija",SI17806771,Matična št. 5096014000,https://www.deloprodaja.si,,info@deloprodaja.si,+386 1 230 65 00,,,,,hurtownik,Časopisi | Tobačni izdelki | Kadilski pribor,,Direct EU Import,do ustalenia,🔴,Distribucija & Sieć kiosków,4,wysoki,Vodstvo družbe,General Manager,,KRS API / CEIDG API + web search 2026-08-18,2026-08-17,| Priorytet: B8 2026-08-18 ✅ FROZEN (API),"Wiodący ogólnokrajowy dystrybutor prasy, wyrobów tytoniowych i akcesoriów w Słowenii.",duży
,,SI-B-003,B8,Poslovni sistem Mercator d.o.o. (Cash & Carry),SI,Ljubljana,"Dunajska cesta 107, 1000 Ljubljana, Slovenija",SI45884595,Matična št. 5300231000,https://www.mercator.si,,info@mercator.si,+386 1 560 10 00,,,,,hurtownik,FMCG | Tobačni izdelki | Veleprodaja,,Trošarinsko skladišče / FURS,do ustalenia,🔴,Cash & Carry Veleprodaja ogólnokrajowa,5,wysoki,Tomislav Đurić,President of Management - CEO,,KRS API / CEIDG API + web search 2026-08-18,2026-08-17,| Priorytet: B8 2026-08-18 ✅ FROZEN (API),Największa sieć hurtowni samoobsługowych Cash & Carry i dystrybutor FMCG oraz tytoniu w Słowenii.,duży
,,SI-B-004,B8,"OTP, trgovina s tobakom, d.o.o. (Scandinavian Tobacco Group)",SI,Ljubljana,"Vojkova cesta 50, 1000 Ljubljana, Slovenija",SI44285175,Matična št. 5398851000,https://www.st-group.com,,info.si@st-group.com,+386 1 430 01 00,,,,,hurtownik,Cigare | Tobak za pipe | Kadilski pribor,,FURS Trošarine / Uvoz,do ustalenia,🔴,Veleprodaja B2B,4,wysoki,Direktor družbe,Country Manager Slovenia,,KRS API / CEIDG API + web search 2026-08-18,2026-08-17,| Priorytet: B8 2026-08-18 ✅ FROZEN (API),"Oficjalny dystrybutor tytoniu fajkowego, cygar i akcesoriów Scandinavian Tobacco Group w Słowenii.",duży
,,SI-B-005,B9,"JT International Ljubljana, d.o.o.",SI,Ljubljana,"Ogrinčeva ulica 4, 1000 Ljubljana, Slovenija",SI26379694,Matična št. 8111952000,https://www.jti.com,,info.slovenia@jti.com,+386 1 586 31 00,,,,,hurtownik,Tobačni izdelki | Cigarete | Pripomočki,,Trošarinsko skladišče / FURS Carina,do ustalenia,🔴,Veleprodaja ogólnokrajowa,5,wysoki,Vodstvo podjetja,General Manager Slovenia,,KRS API / CEIDG API + web search 2026-08-18,2026-08-17,| Priorytet: B9 2026-08-18 ✅ FROZEN (API),Słoweński oddział koncernu Japan Tobacco International.,duży
,,SI-B-006,B9,"Philip Morris Ljubljana, d.o.o.",SI,Ljubljana,"Letališka cesta 29A, 1000 Ljubljana, Slovenija",SI55739172,Matična št. 5523869000,https://www.pmi.com,,infoline.si@pmi.com,+386 1 586 37 00,,,,,hurtownik,Tobačni izdelki | IQOS | Cigarete,,Trošarinsko skladišče / FURS,do ustalenia,🔴,Veleprodaja ogólnokrajowa,5,wysoki,Vodstvo družbe,Managing Director Slovenia,,KRS API / CEIDG API + web search 2026-08-18,2026-08-17,| Priorytet: B9 2026-08-18 ✅ FROZEN (API),Słoweński oddział koncernu Philip Morris International.,duży
,,SI-B-007,B9,"BRITISH AMERICAN TOBACCO, d.o.o.",SI,Ljubljana,"Ljubljana, Slovenija",SI54717647,Matična št. 1833286000,https://www.bat.com,,info_slovenia@bat.com,+386 1 586 39 00,,,,,hurtownik,Tobačni izdelki | Glo | Velo,,Trošarinsko skladišče / FURS,do ustalenia,🔴,Veleprodaja ogólnokrajowa,5,wysoki,Vodstvo družbe,General Manager Slovenia,,AJPES 1833286000 | VIES SI54717647 | bat.com,2026-08-17,(AJPES / VIES) 2026-08-18 ⏳ PENDING_API,Słoweński oddział koncernu British American Tobacco.,duży
,,SI-B-008,B6,M.H.U. d.o.o. (Q Vapehouse),SI,Maribor,"Trg svobode 5, 2000 Maribor, Slovenija",SI48939223,Matična št. 7041772000,https://qvapehouse.com,,online@qvapehouse.com,+386 2 250 11 00,,,,,reseller,Vape | E-tekočine | Kadilske potrebščine,,Direct EU Import,do ustalenia,🔴,"Sieć salonów (Maribor, Ljubljana, Murska Sobota) & E-commerce",,brak,,,,AJPES 7041772000 | VIES SI48939223 | qvapehouse.com,2026-08-17,(AJPES / VIES) 2026-08-18 ⏳ PENDING_API,"Sieć specjalistycznych salonów vape oraz e-commerce Q Vapehouse w Słowenii. | Sieć 3 lokali: Maribor, Ljubljana, Murska Sobota.",średni
,,SI-B-009,B6,"VAPE, d.o.o.",SI,Sežana,"Partizanska cesta 63, 6210 Sežana, Slovenija",SI87241285,Matična št. 6734127000,https://vape-zp.si,,nina@vape-zp.si,+386 30 221 201,,,,,reseller,Vape | E-cigarete | Pripomočki,,Direct EU Import,do ustalenia,🔴,B2C & B2B regionalny,2,niski,Nina Gašperšič,Direktor in lastnik,,AJPES 6734127000 | VIES SI87241285 | vape-zp.si,2026-08-17,(AJPES / VIES) 2026-08-18 ⏳ PENDING_API,Regionalny dystrybutor i salon e-papierosów w Sežanie (Primorska).,mały
,1994,HR-A-001,A1,VELETABAK d.o.o.,HR,Zagreb,"Jankomir 25j, 10000 Zagreb, Hrvatska",HR22051418553,OIB 22051418553,https://www.veletabak.hr,,info@veletabak.hr,+385 1 3492 555,,,,,hurtownik,PowerMatic | OCB | Zig-Zag | Mascotte,,import (UE / global),duży,🟢,B2B hurtownia + sieć kiosków,,bardzo wysoki,Luka Saraf,Director,,KRS API / CEIDG API + web search 2026-08-18,2026-08-15,2026-08-18 ✅ FROZEN (API),"Czołowy chorwacki dystrybutor hurtowy wyrobów tytoniowych, bibułek, maszynek i osprzętu w Zagrzebiu z ogólnokrajową logistyką. | www title: Veletabak",duży
,2015,HR-A-002,A1,NOSTRI MARIS d.o.o. (Samobor Depot),HR,Samobor,"Bobovica 9, 10430 Samobor, Hrvatska",HR42488651605,OIB 42488651605,https://nostrimaris.hr,,narudzbe@nostrimaris.hr,+385 91 181 07 00,,,,,hurtownik,Smoking | Atomic | PoP Filters | Matteo | Zippo,,import,duży,🟢,B2B dla kiosków i tobacco shopów,,bardzo wysoki,Direktor,Direktor,,VIES Live API + Sudski Registar HR 2026-08-15,2026-08-15,2026-08-18 ✅ FROZEN (API),"Wyspecjalizowany dystrybutor hurtowy osprzętu tytoniowego, gilz, bibułek, maszynek i zapalniczek dla kiosków i tobacco shopów z magazynem w Samoborze. | www title: Nostri Maris - Premium Duhanski Pribor",duży
,2000,HR-A-003,A1,TELEMAX d.o.o. (Diskont Fumar),HR,Split,"Šetalište pape Ivana Pavla II. 31, 21000 Split, Hrvatska",HR16596508010,OIB 16596508010,https://diskontfumar.hr,,info@diskontfumar.hr,+385 21 380 000,,https://www.facebook.com/Diskont-1923244101128503/,,,hurtownik,nabijarki ręczne i elektryczne | gilzy | tytonie,,import + dystrybucja,duży,🟢,B2B + B2C (sieć Diskont Fumar),,bardzo wysoki,Ivica Rebac,Direktor,,VIES Live API + Sudski Registar HR 2026-08-15,2026-08-15,2026-08-18 ✅ FROZEN (API),"Główny operator hurtowy i detaliczny sklepów tytoniowych Diskont Fumar w Dalmacji i południowej Chorwacji. | www title: Diskont pića, mobitela i prehramb",duży
,2015,HR-A-004,A1,NLK TRGOVINA I DISTRIBUCIJA d.o.o. (Daily Press),HR,Zagreb,"Koledovčina 1 / Slavonska avenija 1c, 10000 Zagreb, Hrvatska",HR19391820383,OIB 19391820383,https://nlk-tid.hr,,info@nlk-tid.hr,+385 1 2404 000,,,,,hurtownik,pribor za pušače | gilze | TGC Trading partner,,import + dystrybucja krajowa,duży,🟢,B2B + sieć Daily Press,,wysoki,Željko Petrić,Direktor,,VIES Live API + Sudski Registar HR 2026-08-15,2026-08-15,2026-08-18 ✅ FROZEN (API),Dystrybutor hurtowy i operator sieci punktów Daily Press z silnym portfolio akcesoriów dla palaczy i partnerstwem z TGC Trading. | www title: NLK trgovina i distribucija d.o.o.,duży
,1992,HR-A-005,A1,CAMELOT d.o.o. (Havana Cigar Shop),HR,Zagreb,"Frankopanska ulica 22, 10000 Zagreb, Hrvatska",HR29498303082,OIB 29498303082,https://www.havana.hr,,info@havana.hr,+385 1 4848 100,,,,,hurtownik,cygara | tytonie premium | akcesoria do palenia,,import,średni,🟢,B2B + B2C,,wysoki,Direktor,Direktor,,VIES Live API + Sudski Registar HR 2026-08-15,2026-08-15,2026-08-18 ✅ FROZEN (API),Renomowany importer i dystrybutor wyrobów tytoniowych i akcesoriów pod marką Havana Cigar Shop. | www title: Default page,średni
,1995,HR-A-006,A1,SATELIT-tbm d.o.o.,HR,Zagreb,"Odranska ulica 1A, 10000 Zagreb, Hrvatska",HR31395903706,OIB 31395903706,https://satelit-tbm.hr,,info@satelit-tbm.hr,+385 1 6191 000,,,,,hurtownik,akcesoria do palenia | zapalniczki | maszynki,,import,średni,🟢,B2B,,wysoki,Direktor,Direktor,,VIES Live API + Sudski Registar HR 2026-08-15,2026-08-15,2026-08-18 ✅ FROZEN (API),"Dystrybutor i hurtownik artykułów upominkowych, zapalniczek oraz akcesoriów dla palaczy w Zagrzebiu. | www title: Naslovnica - Satelit-tbm",średni
,1993,HR-A-007,A1,GRAFOCENTAR d.o.o.,HR,Zagreb,"Ulica Antuna Nemčića 7, 10000 Zagreb, Hrvatska",HR44438339914,OIB 44438339914,https://grafocentar-kz.hr,,krizevci-p1@grafocentar-kz.hr,+385 91 270 2770,,https://www.facebook.com/tr,https://www.instagram.com/grafocentarkz/,,hurtownik,Guliwer | Korona | Tennesie | maszynki do nabijania,,dystrybucja krajowa + import,średni,🟢,B2B + hurt,,wysoki,Direktor,Direktor,,VIES Live API + Sudski Registar HR 2026-08-15,2026-08-15,2026-08-18 ✅ FROZEN (API),"Hurtownia i dystrybutor maszynek do napełniania gilz i artykułów tytoniowych (Guliwer, Korona, Tennesie). | www title: Školski pribor | Igračke | Gorjuss | Akcija",średni
,1996,HR-A-008,A1,PIPA d.o.o.,HR,Sveta Nedelja,"Dr. Franje Tuđmana 16, Strmec, 10434 Sveta Nedelja, Hrvatska",HR91569536950,OIB 91569536950,https://pipa.hr,,info@pipa.hr,+385 1 3385 000,,,,,hurtownik,fajki | humidory | akcesoria do tytoniu | maszynki,,import,średni,🟢,B2B + sklep specjalistyczny,,wysoki,Direktor,Direktor,,VIES Live API + Sudski Registar HR 2026-08-15,2026-08-15,2026-08-18 ✅ FROZEN (API),"Importer i dystrybutor specjalistycznych akcesoriów dla palaczy, wyrobów fajkowych i osprzętu tytoniowego. | www title: Pipa.hr - Sve za vašu kupaonu",średni
,1872,HR-B-001,B8,TDR d.o.o. (Tvornica duhana Rovinj / BAT Adria),HR,Rovinj,"Obala Vladimira Nazora 1, 52210 Rovinj, Hrvatska",HR37014645007,OIB 37014645007,https://tdr.hr,,info@tdr.hr,+385 52 801 000,,,,,producent,Ronhill | Walter Wolf | Dunhill | Lucky Strike,,własna produkcja + import,duży,🟢,B2B ogólnokrajowy,4,bardzo wysoki,Zvonko Kolobara,Direktor,cro_pravniodjel@bat.com,VIES Live API + Sudski Registar HR 2026-08-15,2026-08-15,2026-08-18 ✅ FROZEN (API),Największy producent i dystrybutor wyrobów tytoniowych w Chorwacji i regionie Adria (część BAT Adria).,duży
,1962,HR-B-002,B8,TISAK PLUS d.o.o. (Tisak / Fortenova Grupa),HR,Zagreb,"Slavonska avenija 11a, 10000 Zagreb, Hrvatska",HR32497003047,OIB 32497003047,https://www.tisak.hr,,info@tisak.hr,+385 1 2413 100,,,,,hurtownik,tytonie | gilzy | maszynki | prasa,,dystrybucja ogólnokrajowa,duży,🟢,B2B + sieć 1400+ kiosków,4,bardzo wysoki,Danko Duhović,Predsjednik Uprave,,KRS API / CEIDG API + web search 2026-08-18,2026-08-15,2026-08-18 ✅ FROZEN (API),Największy chorwacki dystrybutor tiskowin i wyrobów tytoniowych z siecią ponad 1400 punktów sprzedaży.,duży
,1994,HR-B-003,B8,iNOVINE d.d. (BAT Adria Network),HR,Zagreb,"Draškovićeva 27, 10000 Zagreb, Hrvatska",HR85031837779,OIB 85031837779,https://inovine.hr,,info@inovine.hr,+385 1 4596 200,,,,,hurtownik,wyroby tytoniowe | akcesoria | prasa,,dystrybucja ogólnokrajowa,duży,🟢,B2B + sieć kiosków,4,bardzo wysoki,Uprava,Uprava,,VIES Live API + Sudski Registar HR 2026-08-15,2026-08-15,2026-08-18 ✅ FROZEN (API),"Druga największa sieć dystrybucyjna i kiosków tytoniowych w Chorwacji, działająca w strukturach BAT Adria.",duży
,2006,HR-B-004,B8,JT INTERNATIONAL ZAGREB d.o.o.,HR,Zagreb,"Slavonska avenija 6a, 10000 Zagreb, Hrvatska",HR32835155877,OIB 32835155877,https://www.jti.com,,zagreb.office@jti.com,+385 1 6005 600,,,,,hurtownik,Winston | Camel | LD | Benson & Hedges,,import / koncern,duży,🟢,B2B ogólnokrajowy,3,wysoki,Tomaz Maver,Market Manager / Direktor družbe Slovenia & Croatia,,KRS API / CEIDG API + web search 2026-08-18,2026-08-15,2026-08-18 ✅ FROZEN (API),Chorwackie ramię dystrybucyjne koncernu Japan Tobacco International (JTI).,duży
,1994,HR-B-005,B8,PHILIP MORRIS ZAGREB d.o.o.,HR,Zagreb,"Ulica Vjekoslava Heinzela 70, 10000 Zagreb, Hrvatska",HR88062025421,OIB 88062025421,https://www.pmi.com,,contact.zagreb@pmi.com,+385 1 6160 600,,,,,hurtownik,Marlboro | Chesterfield | L&M | IQOS,,import / koncern,duży,🟢,B2B ogólnokrajowy,3,wysoki,Anita Letica,President of the Management Board / GM Croatia & Slovenia,,KRS API / CEIDG API + web search 2026-08-18,2026-08-15,2026-08-18 ✅ FROZEN (API),Chorwackie ramię dystrybucyjne Philip Morris International.,duży
,1957,HR-B-006,B8,HRVATSKI DUHANI d.d.,HR,Virovitica,"Osječka ulica 2, 33000 Virovitica, Hrvatska",HR92200203113,OIB 92200203113,https://www.hrvatskiduhani.hr,,info@hrvatskiduhani.hr,+385 33 803 000,,,,,producent,surowiec tytoniowy | obróbka tytoniu,,produkcja krajowa,duży,🟢,B2B przemysłowy,3,średni,Aleksandra Grigić,Predsjednica uprave,,KRS API / CEIDG API + web search 2026-08-18,2026-08-15,2026-08-18 ✅ FROZEN (API),"Największa chorwacka firma zajmująca się uprawą, skupem i pierwotną obróbką tytoniu (część grupy BAT).",duży
,1992,HR-B-007,B8,ROX d.o.o.,HR,Zagreb,"Slavonska avenija 100, 10000 Zagreb, Hrvatska",HR20534431136,OIB 20534431136,https://rox.hr,,info@rox.hr,+385 1 2415 000,,,,,hurtownik,upaljači | pribor za pušače | FMCG,,import,duży,🟢,B2B ogólnokrajowy,4,wysoki,Direktor,Direktor,,VIES Live API + Sudski Registar HR 2026-08-15,2026-08-15,2026-08-18 ✅ FROZEN (API),Duży dystrybutor hurtowy FMCG z dedykowanym działem akcesoriów dla palaczy i zapalniczek w Zagrzebiu.,duży
,1998,HR-B-008,B8,ORBICO d.o.o.,HR,Zagreb,"Koturaška cesta 69 / Ulica Kreše Golika 1, 10000 Zagreb, Hrvatska",HR85611744662,OIB 85611744662,https://www.orbico.hr,,info.croatia@orbico.com,+385 1 3444 800,,,,,hurtownik,FMCG | wyroby tytoniowe | akcesoria,,import / koncerny,duży,🟢,B2B ogólnokrajowy,3,bardzo wysoki,Uprava / Branko Roglić,Uprava,,VIES Live API + Sudski Registar HR 2026-08-15,2026-08-15,2026-08-18 ✅ FROZEN (API),Największy niezależny operator logistyczno-dystrybucyjny w Europie Środkowo-Wschodniej (Grupa Orbico) z rozbudowaną logistyką tytoniową i FMCG w Chorwacji.,duży
,1991,HR-B-009,B8,ATLANTIC TRADE d.o.o. (Atlantic Grupa),HR,Zagreb,"Miramarska cesta 23 / Rakitnica 3, 10000 Zagreb, Hrvatska",HR65106679992,OIB 65106679992,https://www.atlanticgrupa.com,,kontakt@atlanticgrupa.com,+385 1 2413 900,,,,,hurtownik,zapalniczki | akcesoria dla palaczy | FMCG,,import / własne marki,duży,🟢,B2B ogólnokrajowy,3,bardzo wysoki,Uprava / Emil Tedeschi,Uprava,,VIES Live API + Sudski Registar HR 2026-08-15,2026-08-15,2026-08-18 ✅ FROZEN (API),"Główne ramię dystrybucyjne Atlantic Grupy obsługujące ogólnokrajową sieć punktów sprzedaży detalicznej, stacji paliw i kiosków.",duży
,1990,HR-B-010,B8,ALCA ZAGREB d.o.o.,HR,Zagreb,"Koledovčina 2, 10135 Zagreb, Hrvatska",HR58353015102,OIB 58353015102,https://www.alca.hr,,alca@alca.hr,+385 1 2481 111,,,,,hurtownik,FMCG | artykuły użytkowe | akcesoria,,import,duży,🟢,B2B ogólnokrajowy,3,wysoki,Uprava,Uprava,,VIES Live API + Sudski Registar HR 2026-08-15,2026-08-15,2026-08-18 ✅ FROZEN (API),Wiodąca firma logistyczno-dystrybucyjna w Chorwacji reprezentująca międzynarodowe marki FMCG i artykułów konsumpcyjnych.,duży
,1990,HR-B-011,B8,EUROTRADE d.o.o.,HR,Rovinj,"Ulica Spinè - Via Spinè 16, 52210 Rovinj, Hrvatska",HR31138585832,OIB 31138585832,https://www.eurotrade.hr,,info@eurotrade.hr,+385 52 803 600,,,,,hurtownik,artykuły biurowe | akcesoria | FMCG,,dystrybucja regionalna,duży,🟢,B2B regionalny,3,średni,Direktor,Direktor,,VIES Live API + Sudski Registar HR 2026-08-15,2026-08-15,2026-08-18 ✅ FROZEN (API),Duży regionalny dystrybutor w Rovinj z zasięgiem na całą Istrię i północne wybrzeże Chorwacji.,duży
,2012,RS-A-001,A1,GOLDEN MARKET d.o.o. (goldenmarket.rs),RS,Beograd (Zvezdara),"Beograd-Zvezdara, Serbia (adres sedišta: APR Beograd)",RS 107554579,"APR Serbia, MB do potwierdzenia (PIB 107554579), delatnost 4690 Nespecijalizovana trgovina na veliko",http://www.goldenmarket.rs,,office@goldenmarket.rs,+381 11 2831 646,,https://www.facebook.com/goldenmarket.rs,,,reseller,PowerMatic 2+ | PowerMatic piese de schimb | PowerMatic mini (2 490 RSD) | PowerMatic 3+ (29 500 RSD) | PowerMatic 4 (15 000 RSD) | PowerMatic I+ Elite (8 400 RSD),,"E-commerce (goldenmarket.rs), Serbia. Sprzedaje Powermatic 2+ za 12 000 RSD (~102 EUR)",mały,🟡,E-commerce (goldenmarket.rs) + WhatsApp/telefon,,,Gordana Samočeta,Vlasnik kompanije (Owner),office@goldenmarket.rs,"companywall.rs/firma/golden-market-doo-beograd-zvezdara/MMlpEKR0 (2026-08-19, PIB 107554579, vlasnik Gordana Samočeta, delatnost 4690) + goldenmarket.rs (2026-08-19, sprzedaż PowerMatic 2+ 12 000 RSD) | OUT-OF-SCOPE: Serbia nie w scope 12 krajów CEE/Bałtyckich",2026-08-19,✅ FROZEN (companywall.rs public) | ⚠️ OUT-OF-SCOPE: Serbia | 🔍 MUST-CHECK: skąd kupuje PowerMatic?,"🔥 OUT-OF-SCOPE LEAD — serbski e-com sprzedający PowerMatic 2+ (12 000 RSD ≈ 102 EUR). Właścicielka Gordana Samočeta. Założona 8.5.2012, Beograd-Zvezdara. Działalność 4690 (hurt). Małe przedsiębiorstwo. Sprzedaje też: filter tube (T&T Tobacco&Tube); lule i muštikle; drobilice; e-papierosy; tytoń. Pytanie dla CEO: skąd kupuje maszynki PowerMatic? Czy z BILLS PL (przez dystrybutora); czy bezpośrednio z fabryki; czy z innego źródła?",mały
,,RS-A-002,A2,TR STAKI / Tobacco Shop Staki (svezaduvanstaki.rs),RS,Beograd (Voždovac),"Crnotravska 11, 11000 Beograd (Voždovac/Banjica)",RS PIB do potwierdzenia (companywall),APR Serbia — do potwierdzenia w APR Beograd,https://svezaduvanstaki.rs/ | https://tobaccoshopstaki.rs/,,trgovinasalestaki@gmail.rs,+381 11 452 70 33 | +381 61 304 85 85 | +381 69 181 09 76,,,https://www.instagram.com/tobaccoshopstaki/,,hurtownik,Mašinice (rodzaj niepotwierdzony) | Filteri (Cubismo; Silver Star) | Rizle | Duvan za cigarete i lule | Tabakere | Muštikle | Upaljači,,Veleprodaja + maloprodaja (radnja + veleprodaja); Crnotravska 11; Beograd. Generalni zastupnik Cubismo filtera za Srbję.,mały,🟡,Veleprodaja Crnotravska 11 + radnja + online,,,Staki (właściciel — imię do potwierdzenia w APR),Vlasnik / osnivač,trgovinasalestaki@gmail.rs,"svezaduvanstaki.rs/ + tobaccoshopstaki.rs/ (2026-08-19, adres Crnotravska 11; tel +381 11 452 70 33; veleprodaja; generalni zastupnik Cubismo filtera) + radiopingvin.com (2026-08-19; trgovinasalestaki@gmail.com) | OUT-OF-SCOPE: Serbia",2026-08-19,🆕 NEW 2026-08-19 | ⚠️ OUT-OF-SCOPE: Serbia | 🔍 DO SPRAWDZENIA: czy sprzedaje PowerMatic?,🔥 LEAD BEZ POTWIERDZENIA POWERMATIC — TR STAKI to serbska veleprodaja + maloprodaja (Banjica/Voždovac Beograd). Strona wymienia mašinice bez sprecyzowania marki — potencjalnie sprzedaje PowerMatic / Rizla / Poket. Generalni zastupnik Cubismo filtera = powiązanie z producentem filtrów Cubismo. Warto zweryfikować w APR (PIB + vlasnik) i zapytać o marki maszynek. Potencjał B2B: jeśli importuje PowerMatic; BILLS PL może mieć szansę na dystrybucję w Serbii przez tę firmę.,mały
,2001,RS-A-003,A4,TAMARIS d.o.o. (tamaris.co.rs),RS,Novi Sad,"Marka Miljanova 18, Novi Sad (sedište; veleprodaja centralna)",RS 101634135 (PIB),"APR Serbia — PIB 101634135, delatnost 4690 Nespecijalizovana trgovina na veliko (potwierdzone w registru uvoznika duvan.gov.rs)",https://tamaris.co.rs/,,info@tamaris.co.rs (do potwierdzenia),+381 21 do potwierdzenia,,https://www.facebook.com/tamarisdoo/,,,hurtownik,Mašinice za uvijanje i punjenje cigareta (rodzaj niepotwierdzony) | Cigraret filter tube | Filteri | Upaljači | Šibice | Super lepak | Hemijske olovke | Milka | Orbit | Nescafe | Mokate | Kinder | Chupa Chups | Pez | Gillette | Bic | Cricket,,"Uvoz, veleprodaja i distribucija trafikantskog programa + FMCG (Milka; Orbit; Kinder itd). 20+ let na rynku.",duży,🟡,B2B veleprodaja (distributer FMCG + trafikantski program),,,Tamaris osnivač (imię do potwierdzenia w APR),Vlasnik / direktor,,"duvan.gov.rs (2026-08-19, registar uvoznika srodnih proizvoda, PIB 101634135, Marka Miljanova 18 Novi Sad) + tamaris.co.rs (2026-08-19, uvoz-veleprodaja-distribucija, mašinice za uvijanje i punjenje cigareta, FMCG) | OUT-OF-SCOPE: Serbia",2026-08-19,🆕 NEW 2026-08-19 | ⚠️ OUT-OF-SCOPE: Serbia | 🔍 DO SPR. PowerMatic | 🏆 TOP B2B,🔥 TOP B2B LEAD — Tamaris d.o.o. Novi Sad to duży dystrybutor (FMCG + trafikantski program); 20+ lat. Strona wymienia mašinice za uvijanje i punjenje cigareta — potencjalnie sprzedaje PowerMatic. Potwierdzony w oficjalnym rejestrze uwoźników duvan.gov.rs. Skala B2B: dystrybucja do trafik w całej Serbii. Warto zweryfikować asortyment maszynek i ofertę dystrybucyjną.,duży
,,RS-A-004,A2,PrazneCigarete.com (tobacco shop online),RS,Beograd (do potwierdzenia),Adres firmy do potwierdzenia w APR,RS PIB do potwierdzenia,"APR Serbia — do potwierdzenia (prawdopodobnie povezano z Cartel Tobacco & CBD Shop, +381 66 55-00-557)",https://praznecigarete.com/,,+381 66 55-00-557 (WhatsApp / Viber),,,https://www.facebook.com/praznecigarete,,,hurtownik,"Mašinice za cigarete (ručne i automatskie, marki niepotwierdzone) | Prazne cigarete sa filterom (Royk; Bele Tube) | Filteri (OCB; Smoking; Raw; Rizla+; Gizeh) | Rizle | Vauen filteri 9mm | Denitool alat za lulu | Pribor za pušenje",,Online shop + maloprodaja (Cartel Tobacco & CBD Shop). Dystrybutor Royk praznih cigareta za Srbję.,mały,🟡,E-commerce (praznecigarete.com) + maloprodaja (Cartel Shop),,,Vlasnik do potwierdzenia w APR,Vlasnik e-commerce,,"praznecigarete.com (2026-08-19, mašinice za cigarete + prazne cigarete sa filterom + filteri OCB/Rizla/Gizeh) + praznecigarete.com/masinice-za-cigarete/ (2026-08-19, kategoria mašinica) | OUT-OF-SCOPE: Serbia",2026-08-19,🆕 NEW 2026-08-19 | ⚠️ OUT-OF-SCOPE: Serbia | 🔍 DO SPR. PowerMatic | 🏷️ NO PIB,🆕 ONLINE LEAD — praznecigarete.com to serbski e-commerce + sieciowy retailer (Cartel Tobacco & CBD Shop). Sprzedaje maszynki (kategoria Mašinice za cigarete) ale marki nie są sprecyzowane. Potencjalnie sprzedaje PowerMatic. Potencjał: do zweryfikowania asortymentu i kontaktu. PIB i vlasnik do potwierdzenia w APR.,mały
,,RS-B-001,B4,Umbrella Corporation Ltd. (umbrellashop.rs),RS,Beograd,"Heroja Milana Tepića 3, Beograd (sedište; 15 lokali w Beogradu + Valjevo + Zemun)",RS 106851710 (PIB),"APR Serbia — PIB 106851710, wpisany w registar uvoznika srodnih proizvoda (duvan.gov.rs 15.1.2024)",https://umbrellashop.rs/,,prodaja@umbrellashop.rs (do potwierdzenia),+381 11 6558-124 | +381 11 6558-140 | +381 63 349-007 | +381 69 3699-645,https://rs.linkedin.com/company/umbrella-corporation,https://www.facebook.com/umbrellashop.rs/,https://www.instagram.com/umbrellashop/,,reseller,"NIE sprzedaje maszynek — fokus: e-papierosy, PUFFS, e-tečnosti (Flavour Art distributer za Srbję)",,Regionalny lider w dystrybucji e-papierosów. Generalni zastupnik Flavour Art za Srbję; BiH; Makedonija; Crna Gorę. 15 lokali w Beogradu + sklepy w Valjevo i Zemun. Marki: Joyetech; Eleaf; Wismec; Vaporesso; Kangertech; Ritchy Liqua.,duży,🟢,Sieciowy retailer (15 lokali) + e-commerce + dystrybucja B2B (Flavour Art),,,Direktor korporacije (imię do potwierdzenia w APR),Generalni direktor,,"duvan.gov.rs (2026-08-19, registar uvoznika srodnih proizvoda, PIB 106851710) + umbrellashop.rs (2026-08-19, regionalni lider Flavour Art 15 lokali) | OUT-OF-SCOPE: Serbia",2026-08-19,🆕 NEW 2026-08-19 | ⚠️ OUT-OF-SCOPE: Serbia | 🏆 TOP B4 E-CIGARETY | 🔗 SIEĆ,🏆 TOP B4 LEAD — Umbrella Corporation to największa serbska sieć e-papierosów (15 lokali + dystrybucja B2B Flavour Art). PIB potwierdzony w oficjalnym rejestrze. Cross-sell potencjał NISKI dla PowerMatic (nie sprzedają maszynek) ale WYSOKI dla e-liquid / akcesoriów do e-papierosów. Out-of-scope.,duży
,2022,RS-B-002,B4,Vape Shop DOO (vapeshop.rs),RS,Beograd,"Adres siedziby do potwierdzenia w APR (PIB 113161960 — wg duvan.gov.rs: Drinska 5, Novi Sad — ale operacyjnie z Beogradu vapeizla.rs Carice Milice 11)","RS 113161960 (PIB — Novi Sad Drinska 5, wg duvan.gov.rs)","APR Serbia — PIB 113161960, delatność handel e-papierosy + nikotynki + liquidy, wpisany w registar uwozników 15.1.2024",https://vapeshop.rs/ | https://www.vapeizla.rs/,,prodaja@vapeshop.rs,+381 do potwierdzenia,https://www.linkedin.com/company/vape-shop-doo,https://www.facebook.com/vapeshop.rs/,,,hurtownik,NIE sprzedaje maszynek — fokus: e-papierosy (w tym jednorazowe); nikotynki; liquidy; akcesoria. Sieć 1700+ obiektów w Srbii (wg LinkedIn).,,Jeden z największych dystrybutorów e-papierosów w Srbii. Od 2022 — w 1700+ punktach sprzedaży. Vape and Zla Shop (Carice Milice 11) to ich maloprodajny brand.,duży,🟢,E-commerce (vapeshop.rs) + dystrybucja do 1700+ sklepów,,,Osnivač (imię do potwierdzenia w APR),Osnivač / Direktor,,"linkedin.com/company/vape-shop-doo (2026-08-19, vape shop doo osnovana sredinom 2022, 1700+ objekata) + duvan.gov.rs (2026-08-19, PIB 113161960) | OUT-OF-SCOPE: Serbia",2026-08-19,🆕 NEW 2026-08-19 | ⚠️ OUT-OF-SCOPE: Serbia | 🏆 TOP B4 SCALE | 🔗 1700+ PUNKTÓW,🏆 TOP B4 LEAD — Vape Shop DOO to jeden z największych dystrybutorów e-papierosów w Srbii (1700+ punktów sprzedaży!). Cross-sell: PowerMatic nie jest w ich asortymencie; ale liquidy i akcesoria e-papierosowe — tak. Out-of-scope dla BILLS PL.,duży
,,RS-B-003,B4,Vape Mania (vapemania.rs),RS,Beograd,8 lokali: Podzemni prolaz Albanija; BEO Shopping Center; UŠĆE Shopping Center; Ada Mall; Mercator; Rajićeva; Galerija; Delta City (Beograd) + Subotica Dimitrija Tucovića 8,RS PIB do potwierdzenia,APR Serbia — do potwierdzenia; outlet vape prvý w Srbii,https://vapemania.rs/,,prodaja@vapemania.rs,+381 60 3699-967,,https://www.facebook.com/vapemania.rs/,https://www.instagram.com/vapemania/,,reseller,NIE sprzedaje maszynek — fokus: PUFFS; e-papierosy; VOZOL; VBAR; ELISE. Outlets w centrach handlowych.,,Pierwszy vape outlet w Srbii. 8 lokali w Beogradu + 1 w Suboticy. Region: Srbia; BiH; Makedonia; Crna Gora.,duży,🟢,Sieciowy retailer (8+ lokali w centrach handlowych) + e-commerce,,,Vlasnik / direktor (imię do potwierdzenia w APR),Direktor,,"vapemania.rs (2026-08-19, 8 lokali Beograd + Subotica, PUFFS; VOZOL; VBAR; ELISE; prodaja@vapemania.rs) + mercatorcentar.rs (2026-08-19; Vape Mania sprzedaje PUFFS) | OUT-OF-SCOPE: Serbia",2026-08-19,🆕 NEW 2026-08-19 | ⚠️ OUT-OF-SCOPE: Serbia | 🏆 TOP B4 SIEĆ,🏆 TOP B4 LEAD — Vape Mania to największa sieć vape w Srbii (8 lokali w największych centrach handlowych). Outlets-only model; brak maszynek do papierosów. Cross-sell: PowerMatic raczej NIE; ale liquidy / PUFFS / akcesoria — tak. Out-of-scope.,duży
,,RS-B-004,B4,Salt Vape (8 lokali),RS,Beograd,8 lokali: Kneza Mihaila 2 (Terazije); Bulevar kralja Aleksandra 86; Vojislava Ilića 141 TC Beo; Bulevar Vudroa Vilsona 14 TC Galerija,RS PIB do potwierdzenia,APR Serbia — do potwierdzenia,https://www.saltvape.rs/ (do potwierdzenia),,,+381 65 8240-353 | +381 60 6262-521,,https://www.facebook.com/saltvape/,,,reseller,NIE sprzedaje maszynek — fokus: e-papierosy; e-tečnosti; akcesoria,,Sieć 8 lokali w Beogradu. Główna ekspozycja w centrum (Terazije; Zeleni Venac).,duży,🟡,Sieciowy retailer (8 lokali),,,Vlasnik (imię do potwierdzenia),Vlasnik,,"planplus.rs (2026-08-19, Salt Vape 8 lokali Beograd, Kneza Mihaila 2 Terazije, +381 65 8240-353) | OUT-OF-SCOPE: Serbia",2026-08-19,🆕 NEW 2026-08-19 | ⚠️ OUT-OF-SCOPE: Serbia | 🏷️ NO PIB,Sieć 8 lokali w Beogradu; fokus e-papierosy. Brak PIB publicznie — do zweryfikowania w APR. Out-of-scope.,średni
,2015,RS-B-005,B5,Yala Habibi d.o.o. (nargilashopbeograd.rs),RS,Beograd,"Kneginje Zorke 41, Beograd (HQ) + Pere Todorovića 23 + Svetog Save 17",RS 108828706 (PIB) | MB 21075728,"APR Serbia — PIB 108828706, MB 21075728, delatnost 4639 Nespecijalizovana trgovina hranom; pićem i duvanom. Spin-off z EL NIL COMPANY d.o.o. (2007).",https://nargilashopbeograd.rs/ | https://nargilashopbeograd.com/,,order@nargilashopbeograd.rs,+381 11 3441 585 | +381 60 374 7222,https://www.linkedin.com/company/el-nil-company,https://www.facebook.com/nargilashopbg/,,,reseller,NIE sprzedaje maszynek — fokus: nargile (Aladin; Amy; Alpha Hookah; El Bomber; Blade Hookah); duvan za nargile (Al Fakher; Nakhla; Al Waha; 187 Tobacco; Starbuzz; Jibiar; Darkside); arome; ugalj; pribor. Ovlašćeni zastupnik za Srbję.,,Właściciel: EL NIL COMPANY d.o.o. (porodična firma z 2007). Yala Habibi d.o.o. wydzielona w 2015. Distrybutor + sklep detaliczny + kawiarnia. NIE sprzedaje PowerMatic; ale cross-sell duvan / lule / pribor możliwy.,średni,🟢,E-commerce (nargilashopbeograd.rs) + sklep stacjonarny (Knjeginje Zorke 41) + kawiarnia,,,Porodična firma (nazwisko do potwierdzenia w APR),Vlasnik (osnivač),order@nargilashopbeograd.rs,"nargilashopbeograd.rs/kontakt/ (2026-08-19, Yala Habibi d.o.o. Kneginje Zorke 41, PIB 108828706, MB 21075728, delatnost 4639) + linkedin.com/company/el-nil-company (2026-08-19, EL NIL COMPANY 2007; Yala Habibi spin-off 2015) + nargilashopbeograd.rs (2026-08-19, Aladin; Nakhla; Al Fakher; distributer za Srbję i BiH) | OUT-OF-SCOPE: Serbia",2026-08-19,🆕 NEW 2026-08-19 | ⚠️ OUT-OF-SCOPE: Serbia | 🏆 TOP B5 SHISHA,🏆 TOP B5 LEAD — Yala Habibi (dawniej EL NIL Company) to wiodący serbski dystrybutor nargili / shishy / duvanu aromatycznego. Sklep stacjonarny w centrum Beogradu (Knjeginje Zorke 41) + e-commerce + kawiarnia. Pełne dane APR (PIB; MB; delatność) zweryfikowane. Out-of-scope; ale warto monitorować trendy shisha w Serbii.,średni
,,RS-B-006,B4,Inhalika d.o.o. (inhalika.rs),RS,Beograd (Meljak),Meljak; Ibarški put 68 (sedište; 3 lokale w Beogradu: Živka Davidovića 86 Zvezdara + 2 inne),RS 107508093 (PIB),"APR Serbia — PIB 107508093, delatność e-papierosy, wpisana w registar uwozników srodnih proizvoda (duvan.gov.rs 15.1.2024)",https://inhalika.rs/ (do potwierdzenia),,inhalika@info (do potwierdzenia),+381 64 8278-163,,https://www.facebook.com/inhalika/,,,reseller,NIE sprzedaje maszynek — fokus: e-papierosy; e-tečnosti; akcesoria,,Wpisana w oficjalny rejestr uwoźników duvan.gov.rs. 3 lokale w Beogradu.,średni,🟡,Sieciowy retailer (3 lokale) + e-commerce,,,Vlasnik (imię do potwierdzenia w APR),Vlasnik,,"duvan.gov.rs (2026-08-19, PIB 107508093, Meljak Ibarški put 68) + planplus.rs (2026-08-19, Inhalika 3 lokale Beograd, +381 64 8278-163) | OUT-OF-SCOPE: Serbia",2026-08-19,🆕 NEW 2026-08-19 | ⚠️ OUT-OF-SCOPE: Serbia | 🏷️ NO WWW potwierdzony,Sieć 3 lokali e-papierosy w Beogradu. PIB potwierdzony w rejestrze. Out-of-scope.,średni
,,RS-B-007,B4,RELX Distribution SEE d.o.o. (RELX Serbia),RS,Novi Beograd,"Bulevar Mihajla Pupina 10v, Novi Beograd (sedište)",RS 112483638 (PIB),"APR Serbia — PIB 112483638, delatność dystrybucja e-papierosów RELX, wpisana w registar uwozników",https://www.relx.com/rs/ (do potwierdzenia),,info@relx.rs (do potwierdzenia),+381 do potwierdzenia,,https://www.facebook.com/RELXSerbia/,,,hurtownik,NIE sprzedaje maszynek — fokus: dystrybucja RELX e-papierosów i podów w Srbii,,Dystrybutor RELX na Srbję (SEE region). Marka premium w segmencie e-papierosów. Cross-sell: PowerMatic NIE; ale RELX Infinity 2 tak.,duży,🟢,Dystrybucja B2B (RELX brand) + e-commerce,,,RELX regional manager (imię do potwierdzenia),Regional Manager SEE,,"duvan.gov.rs (2026-08-19, PIB 112483638, Bulevar Mihajla Pupina 10v Novi Beograd) | OUT-OF-SCOPE: Serbia",2026-08-19,🆕 NEW 2026-08-19 | ⚠️ OUT-OF-SCOPE: Serbia | 🏆 TOP B4 BIG BRAND,Dystrybutor RELX (top marka e-papierosów) na Srbję + SEE. Out-of-scope dla BILLS PowerMatic; ale potencjalnie warto monitorować ceny RELX w regionie.,duży
,,RS-B-008,B8,British American Tobacco South-East Europe d.o.o. (BAT SEE),RS,Novi Beograd,"Bulevar Milutina Milankovića 1ž, Novi Beograd (sedište)",RS 100000065 (PIB),"APR Serbia — PIB 100000065, delatność dystrybucja wyrobów tytoniowych BAT, wpisana w registar uwozników",https://www.bat.com/,,info@bat.com (do potwierdzenia),+381 do potwierdzenia,https://www.linkedin.com/company/british-american-tobacco,https://www.facebook.com/BATSerbia/,,,producent,NIE sprzedaje maszynek — fokus: papierosy BAT (Lucky Strike; Pall Mall; Kent; Dunhill; Vogue); urządzenia grzewcze (glo); nikotynki (Velo),,Córka British American Tobacco na SEE. Dystrybutor papierosów + urządzeń glo + saszetek nikotynowych Velo. Skala międzynarodowa. Out-of-scope dla BILLS PL.,duży,🟢,Dystrybucja B2B (hurt) + e-commerce BAT,,,Regional director SEE (imię do potwierdzenia),Regional Director SEE,,"duvan.gov.rs (2026-08-19, PIB 100000065, Bulevar Milutina Milankovića 1ž Novi Beograd) | OUT-OF-SCOPE: Serbia",2026-08-19,🆕 NEW 2026-08-19 | ⚠️ OUT-OF-SCOPE: Serbia | 🏆 BIG TOBACCO,Big Tobacco (BAT) na Srbję. Dystrybutor papierosów + glo + Velo. Out-of-scope.,duży
,2014,RS-B-009,B5,Apride Hookah d.o.o.,RS,Mladenovac,"Doktora Rusa 13, Mladenovac (varoš)",RS 113192580 (PIB),"APR Serbia — PIB 113192580, delatność hookah / nargile, wpisana w registar uwozników srodnih proizvoda (duvan.gov.rs 15.1.2024)",brak publicznej WWW,,,+381 do potwierdzenia,,https://www.facebook.com/ (do potwierdzenia),,,hurtownik,NIE sprzedaje maszynek — fokus: nargile; pribor; hookah,,Mali importer/distrybutor hookah. Sedište w Mladenovacu (przedmieścia Beogradu).,mały,🟡,Dystrybucja B2B (hookah),,,Vlasnik (imię do potwierdzenia),Vlasnik,,"duvan.gov.rs (2026-08-19, PIB 113192580, Doktora Rusa 13 Mladenovac) | OUT-OF-SCOPE: Serbia",2026-08-19,🆕 NEW 2026-08-19 | ⚠️ OUT-OF-SCOPE: Serbia | 🏷️ NO WWW,Mali dystrybutor hookah w Mladenovacu. PIB potwierdzony. Out-of-scope.,mały
,,RS-B-010,B6,Pezeta (pezeta.rs),RS,Novi Sad,3 lokale: Hadži Ruvimova 27; Bulevar cara Lazara 92; Narodnog fronta 4 (Novi Sad),RS PIB do potwierdzenia,APR Serbia — do potwierdzenia,https://www.pezeta.rs/page1.html,,,+381 do potwierdzenia,,https://www.facebook.com/pezetans/,,,reseller,Duvan rezani; Rizle; Filteri za motanje (OCB; Smoking; Raw; Rizla+; Gizeh); Pribor za pušenje (muštikle; oprema za lule); Prazne cigarete (Royk),,3 lokale w Novym Sadzie. Sklep stacjonarny + online. Skala: regionalna (Vojvodina). Out-of-scope dla BILLS PL.,mały,🟡,Sieciowy retailer (3 lokale) + e-commerce,,,Vlasnik (imię do potwierdzenia),Vlasnik,,"pezeta.rs (2026-08-19, 3 lokale Novi Sad, duvan + rizle + filteri) | OUT-OF-SCOPE: Serbia",2026-08-19,🆕 NEW 2026-08-19 | ⚠️ OUT-OF-SCOPE: Serbia | 🏷️ NO PIB,Sieć 3 trafik/tobacco w Novym Sadzie. Sprzedaje duvan; filteri; pribor. Out-of-scope.,średni
,,RS-B-011,B6,GrafArt d.o.o. (Trafike GrafArt / trafika.online),RS,Beograd (Zvezdara),"Zrenjaninski put 84c, 11210 Beograd",RS 105459276 (PIB) | MB 20385944,"APR Serbia — PIB 105459276, MB 20385944, delatność sieć trafik",https://www.trafika.online/,,,+381 do potwierdzenia,,https://www.facebook.com/grafartdoo/,,,reseller,Duvan; Cigarete; Cigare; Cigarilosi; Upaljači; Šibice; Lule; Duvan za lule; Oprema za lule; Rizle; Papir za uvijanje; Filteri; Mašinice za uvijanje (rodzaj niepotwierdzony),,Sieć trafik/convenient/gift shop — rozszerza się w największych miastach Srbii. Online shop + lokale stacjonarne. Asortyment pełny (duvan; lule; mašinice).,średni,🟢,Sieciowy retailer (trafiki) + e-commerce (trafika.online),,,Grafart osnivač (imię do potwierdzenia),Osnivač / Direktor,,"poslovi.infostud.com/poslodavac/grafart/10874 (2026-08-19, Zrenjaninski put 84c Beograd, PIB 105459276, MB 20385944; sieć trafik; mašinice za uvijanje) + trafika.online (2026-08-19, e-commerce, rezani duvan + prazne cigarete) | OUT-OF-SCOPE: Serbia",2026-08-19,🆕 NEW 2026-08-19 | ⚠️ OUT-OF-SCOPE: Serbia | 🏆 TOP B6 SIEĆ,🏆 TOP B6 LEAD — GrafArt to sieć trafik/convenient shop w Srbii z e-commerce. Pełen asortyment tytoniowy włącznie z mašinice za uvijanje. Out-of-scope dla BILLS PL ale warto monitorować ceny rynkowe.,średni-duży
,,RS-B-012,B2,Aficionado / Zojla d.o.o. (aficionado.rs),RS,Beograd,"Čarlija Čaplina 1, Beograd (Palilula) + Libertador Cigar World (Gospodar Jevremova 50) + Libertador Cigar Lounge (Strahinjića Bana 2) + La Casa del Habano (Knjeginje Zorke 2)",RS PIB do potwierdzenia,"APR Serbia — do potwierdzenia (wiele lokalnych cigar shopów, mix właścicieli)",https://aficionado.rs/,,,+381 64 151 5333 | +381 64 277 7765 | +381 63 530 807 | +381 11 383 0533,,https://www.facebook.com/aficionado.beograd/,,,detalista,Cigary premium (La Casa del Habano; Davidoff; Cuban); Lule; Duhanski pribor premium; Premium spirits,,Cigar shop & spirits — segment premium. Mix właścicieli (Zojla d.o.o. + Libertador + La Casa del Habano). Wysoki AOV. Out-of-scope.,mały,🟡,Specialty retail (cigars) + e-commerce,,,Zojla d.o.o. vlasnik (imię do potwierdzenia),Vlasnik,,"aficionado.rs/distributivna-mesta/ (2026-08-19, Aficionado + Libertador Cigar World + La Casa del Habano, Beograd) | OUT-OF-SCOPE: Serbia",2026-08-19,🆕 NEW 2026-08-19 | ⚠️ OUT-OF-SCOPE: Serbia | 🏷️ NO PIB,Segment premium cigar shop w Beogradu. Zojla d.o.o. i Libertador to prawdopodobnie osobne firmy — do zweryfikowania w APR. Out-of-scope.,mały-średni
,2009,RS-B-013,B4,Top E Cigarete d.o.o. (topecigarete.rs),RS,Beograd,Adres siedziby do potwierdzenia w APR,RS PIB do potwierdzenia,APR Serbia — do potwierdzenia,https://www.topecigarete.rs/,,topecigarete@gmail.com,+381 do potwierdzenia,,https://www.facebook.com/topecigarete/,,,hurtownik,NIE sprzedaje maszynek — fokus: import + on-line sprzedaż e-papierosów i e-tečnosti (KangerTech; Vision; VapeOnly; Eleaf; KTS),,Top E Cigarete to importer + sklep online. Specjalizacja: premium e-papierosy + liquidy. Out-of-scope.,mały,🟡,E-commerce + import B2C,,,Vlasnik (imię do potwierdzenia),Vlasnik,,"topecigarete.rs/o-nama/ (2026-08-19, Top E Cigarete doo Beograd, uvoz + on-line, KangerTech; Vision; VapeOnly; Eleaf; KTS; topecigarete@gmail.com) | OUT-OF-SCOPE: Serbia",2026-08-19,🆕 NEW 2026-08-19 | ⚠️ OUT-OF-SCOPE: Serbia | 🏷️ NO PIB,Importer e-papierosów + e-commerce. Out-of-scope.,mały
,,RS-B-014,B4,Smart Vape (smartvape.store),RS,Beograd,"Adres do potwierdzenia (prawdopodobnie Jug Bogdanova 5-7, Savski Venac)",RS PIB do potwierdzenia,APR Serbia — do potwierdzenia,https://smartvape.store/,,,+381 11 670 5553 (planplus.rs),,https://www.facebook.com/smartvape/,,,reseller,NIE sprzedaje maszynek — fokus: e-papierosy; e-tečnosti; akcesoria,,3 lokale w Beogradu. Out-of-scope.,mały,🟡,Sieciowy retailer (3 lokale) + e-commerce,,,Vlasnik (imię do potwierdzenia),Vlasnik,,"smartvape.store (2026-08-19, smart vape beograd e-papierosy) + planplus.rs (2026-08-19, Smart Vape Jug Bogdanova 5-7, +381 11 670 5553, 3 lokale) | OUT-OF-SCOPE: Serbia",2026-08-19,🆕 NEW 2026-08-19 | ⚠️ OUT-OF-SCOPE: Serbia | 🏷️ NO PIB,Sieć 3 lokali e-papierosy w Beogradu. Out-of-scope.,mały
,2016,RS-B-015,B5,Royal Hookah Lounge (royalloungebelgrade.com),RS,Beograd,Lokalizacja w centrum Beogradu (Stari Grad) — adres do potwierdzenia,RS PIB do potwierdzenia,APR Serbia — do potwierdzenia (firma rodzinna / pojedynczy przedsiębiorca),https://royalloungebelgrade.com/,,,+381 11 407 5199,,,https://www.instagram.com/royalloungebelgrade/,,detalista,NIE sprzedaje maszynek — fokus: nargile (hookah); kawa; drinki; koktajle. Nargila od 600 din.,,Shisha bar & lounge w centrum Beogradu (Stari Grad). Otwarty 2016. Cena nargili 600 din (~5 EUR). Out-of-scope.,mały,🟡,Hospitality (shisha lounge),,,Vlasnik (imię do potwierdzenia),Vlasnik,,"royalloungebelgrade.com (2026-08-19, Royal Lounge Beograd, shisha bar 2016, nargila 600 din) | OUT-OF-SCOPE: Serbia",2026-08-19,🆕 NEW 2026-08-19 | ⚠️ OUT-OF-SCOPE: Serbia | 🏷️ NO PIB,Shisha bar w Stari Grad. Out-of-scope.,mały
