WP,wielkopolskie,województwo,,2023,PL-A-WP-001,A1,BILLS SPÓŁKA Z OGRANICZONA ODPOWIEDZIALNOŚCIĄ,PL,Ostrzeszów,"ul. Ignacego Daszyńskiego 31, 63-500",PL5140361901,KRS 0001074645,https://www.bills.pl,brak,finanse@bills.pl,+48 62 586 07 38,brak,brak,brak,,wyłączność,"PowerMatic, SMOKS tobacco aromas, Intenze e-liquid",nie,Polska producent (PowerMatic via PL/CCE exclusive),duży 🟢,exclusive PL+CEE (BILLS),bills.pl,brak,n/a,n/a,Marceli,właściciel/CEO,KRS API + NIP + www.bills.pl + VIES,2026-08-10,QS: 90/100 | 2026-08-10 ✅ FROZEN (API),✅🐋,duży
KP,kujawsko-pomorskie,województwo,,2004,PL-A-KP-001,A5,BISTA STANDARD SPÓŁKA Z OGRANICZONA ODPOWIEDZIALNOŚCIĄ,PL,Bydgoszcz,"ul. Smoleńska 29, 85-871",PL5542559901,KRS 0000197822,https://bista.pl,brak,brak,brak,brak,bistastandard,bistastandard,,producent,"Dark Horse, FERN (własne marki)",tak (Dark Horse + FERN),Polska producent,duży 🟡,eksport do 70 krajów,Intertabac wystawca,brak,n/a,Adam Jacek Stawowski,Prezes Zarządu / Chairman,brak,KRS API + VIES,2026-08-10,QS: 80/100 | 2026-08-10 ✅ FROZEN (API),🐋🔍,duży
MZ,mazowieckie,województwo,,,PL-A-MZ-002,A4,E-TABAK SPÓŁKA Z OGRANICZONA ODPOWIEDZIALNOŚCIĄ,PL,Piaseczno,"ul. Kościuszki 4, 05-500 Piaseczno",PL1231543801,KRS 0001068075,https://e-tabak.pl,sieć 25+ sklepów + Allegro,biuro@e-tabak.pl,+48 573 180 220,brak,brak,brak,,marki własne + SMOK/VooPoo/Aspire/Vaporesso,do weryfikacji,import (Chiny + UE),duży 🟢 (sieć 25+ sklepów),✅,e-commerce + 25+ sklepów stacjonarnych,brak,n/a,do ustalenia (zarząd KRS — właściciel niejawny),prezes zarządu,brak,brak,KRS API + VIES,2026-08-10,QS: 90/100 | KRS API + VIES + e-tabak.pl + aplikuj.pl 2026-08-10 ✅ FROZEN (API),KRS i NIP zgodne z listą. Brak innych danych. Rejestracja 2023-11-07. Weryfikacja co konkretnie sprzedaje i skąd importuje,"Sieć 25+ sklepów vape/CBD/e-papierosy/shisha w woj. mazowieckim, lubelskim i wielkopolskim (Piaseczno, Pruszków, Góra Kalwaria, Konstancin-Jeziorna, Garwolin, Warszawa, Tomaszów Lubelski, Zamość, Hrubieszów, Grodzisk Maz., Józefosław, Grójec, Mińsk Maz., Poznań, Józefów, Radom, Kozienice, Chełm, Dęblin, Pionki, Węgrów, Siedlce). PKD: 47.26.Z detal tytoń + 46.39.Z hurt + 47.91.Z internet. Rejestracja 2023-11-07. ⚠️ Nie maszynki wprost, ale jest topowy kandydat cross-sell (sieć sklepów z akcesoriami dla palaczy) — kanał sprzedaży dla PM/Hawk."
PM,pomorskie,województwo,,,PL-A-PM-002,A4,Trober Polska Patrick Chrabkowski,PL,Kaliska,"ul. Firmowa 2, 83-260 Kaliska",5922192789,,https://trober-polska.pl/,,biuro@trober-polska.pl; anna.skarbek@troeber.com,+48 58 587 85 14; +48 502 323 283,,,,,autoryzowany,,,Chiny,średni,🟢,B2B only,,,Patrick Chrabkowski / Właściciel | Anna Skarbek / Kontakt sprzedażowy Polska,,,KRS API / CEIDG API + web search 2026-08-10,,🔍 2026-08-10 ✅ FROZEN (API),"orig_uzasadnienie: Bezpośrednie dopasowanie do ryo/myo, gilz lub nabijarek; kompetencje importowo-dystrybucyjne. | orig_uwagi: Silny kandydat dystrybucyjny z szerokim asortymentem komplementarnym. | Status źródłowy: Zweryfikowany — aktywna strona | orig_next: Telefon do działu zakupów + personalizowany e-mail tego samego dnia | user_orig_priorytet='A1 — kontakt natychmiast' | user_orig_score=96 | user_orig_segment='S1 — RYO/MYO, gilzy i nabijarki'",duży
,Ogólnopolska,,,,PL-A-XX-002,A4,Trafika.pl,PL,Kalisz,"ul. Złota 126, 62-800 Kalisz",6181914183,,https://trafika.pl,,biuro@skleptytoniowy.pl,62 767 46 07,,,,,hurtownik,,,mix,średni,🟢,mix,,,,,,intake_PL_2026-08-10 | https://trafika.pl,,🔍 🔧 2026-08-10 ⚠️ DO-WERYFIKACJI (API),"orig_uzasadnienie: Bezpośrednie dopasowanie do ryo/myo, gilz lub nabijarek; zasięg ponadregionalny. | orig_uwagi: TAK | Status źródłowy: Niezweryfikowany | orig_next: Telefon do działu zakupów + personalizowany e-mail tego samego dnia | user_orig_priorytet='A1 — kontakt natychmiast' | user_orig_score=95 | user_orig_segment='S1 — RYO/MYO, gilzy i nabijarki' | tier-fix: reseller→hurtownik per master",duży
ZP,zachodniopomorskie,województwo,,,PL-A-ZP-001,A4,PHU BJB Sp. z o.o.,PL,Koszalin,"ul. Klonowa 1, 75-644 Koszalin",6692127776,121182(?),http://www.bjb.pl,,zamowienia@bjb.verde.pl,+48 94 340 49 04,,,,,reseller,,,mix,duży,🟢,mix,,,Dział zamówień,Dystrybucja regionalna,,intake_PL_2026-08-10 | https://www.pkt.pl/firma/bjb-phu-hurtownia-papierosow-i-artykulow-spozywczych-348779 | http://www.bjb.pl,,🔍 2026-08-10 ⚠️ DO-WERYFIKACJI (API),"orig_uzasadnienie: Bezpośrednie dopasowanie do ryo/myo, gilz lub nabijarek. | orig_uwagi: Dystrybutor wyrobów tytoniowych z kilkoma oddziałami i zasięgiem północno-zachodnim. | Potencjalnie duży zasięg północno-zachodni; potwierdzić aktualny asortyment RYO/MYO. | Status źródłowy: Do weryfikacji — rejestry i katalogi | orig_next: Telefon do działu zakupów + personalizowany e-mail tego samego dnia | user_orig_priorytet='A1 — kontakt natychmiast' | user_orig_score=93 | user_orig_segment='S1 — RYO/MYO, gilzy i nabijarki'",duży
MZ,mazowieckie,województwo,,,PL-A-MZ-001,A4,Prosmoker Jarosław Szulc,PL,Warszawa,"ul. Korkowa 167/204, 04-549 Warszawa",1132559176,,https://www.prosmoker.pl/,,prosmokerhurt@gmail.com,+48 507 208 897; +48 690 328 062,,,,,reseller,,,mix,średni,🟢,mix,,,,,,KRS API / CEIDG API + web search 2026-08-10,,🔍 2026-08-10 ✅ FROZEN (API),"orig_uzasadnienie: Bezpośrednie dopasowanie do ryo/myo, gilz lub nabijarek. | orig_uwagi: Dobry lead cross-category: istniejąca baza klientów vape może kupować akcesoria RYO/MYO. | Status źródłowy: Zweryfikowany — aktywna strona | orig_next: Telefon do działu zakupów + personalizowany e-mail tego samego dnia | user_orig_priorytet='A1 — kontakt natychmiast' | user_orig_score=91 | user_orig_segment='S1 — RYO/MYO, gilzy i nabijarki'",duży
MZ,mazowieckie,województwo,,,PL-A-MZ-002,A4,BATEK Violoncellista Beata,PL,Legionowo,"ul. Obrońców Lwowa 6, 05-119 Legionowo",5270159026,,https://batek.pl/,,batek@batek.pl,+48 695 020 633; +48 22 732 25 11,,,,,reseller,,,mix,średni,🟢,B2B only,,,Beata Violoncellista / Właścicielka,,,KRS API / CEIDG API + web search 2026-08-10,,🔍 2026-08-10 ✅ FROZEN (API),"orig_uzasadnienie: Bezpośrednie dopasowanie do ryo/myo, gilz lub nabijarek. | orig_uwagi: Dobrze dopasowany importer akcesoriów dla palaczy; nie jest rdzeniowym graczem RYO. | Status źródłowy: Zweryfikowany — aktywna strona | orig_next: Telefon do działu zakupów + personalizowany e-mail tego samego dnia | user_orig_priorytet='A1 — kontakt natychmiast' | user_orig_score=91 | user_orig_segment='S1 — RYO/MYO, gilzy i nabijarki'",duży
LB,lubuskie,województwo,,,PL-A-LB-001,A4,CK Complex,PL,,"ul. Naftowa 4, 65-705 Zielona Góra",9291744080,,https://ckcomplex.pl,,monika.wachel@ckcomplex.pl; b2b@ckcomplex.pl,+48 511 881 411; +48 515 377 435,,,,,reseller,,,mix,duży,🟢,B2B only,,,Monika Wachel,Dyrektor ds. sprzedaży hurtowej,,intake_PL_2026-08-10 | https://ckcomplex.pl/kontakt/ | https://b2b.ckcomplex.pl/ | https://ckcomplex.pl,,🔍 2026-08-10 ⚠️ DO-WERYFIKACJI (API),"orig_uzasadnienie: Bezpośrednie dopasowanie do ryo/myo, gilz lub nabijarek; zasięg ponadregionalny. | orig_uwagi: B2B FMCG wholesaler that distributes various tobacco accessories including manual and piston rolling machines (nabijarki). | orig_next: Telefon do działu zakupów + personalizowany e-mail tego samego dnia | user_orig_priorytet='A1 — kontakt natychmiast' | user_orig_score=89 | user_orig_segment='S1 — RYO/MYO, gilzy i nabijarki'",duży
MZ,mazowieckie,województwo,,,PL-A-MZ-003,A4,IGNIS COMPANY Sp. z o.o. / IGNIS Tobacco,PL,Warszawa,"ul. Szamocka 10C/128, 01-748 Warszawa",5252995077,,https://ignistobacco.pl/,,sekretariat@eignis.pl; zamowienia@eignis.pl,+48 44 777 00 30; +48 601 373 745,,,,,marketplace,,,Chiny,średni,🟢,mix,,,Łukasz Maciejczyk / CEO / właściciel | Justyna Maciejczyk / CEO / zamówienia,,,intake_PL_2026-08-10 | https://ignistobacco.pl/,,🔴🔍 2026-08-10 ⚠️ DO-WERYFIKACJI (API),"orig_uzasadnienie: Bezpośrednie dopasowanie do ryo/myo, gilz lub nabijarek; kompetencje importowo-dystrybucyjne; wymaga rozmowy strategicznej zamiast standardowej oferty. | orig_uwagi: Bezpośrednio komplementarny asortyment; warto sprawdzić konflikt marek i warunki dystrybucji. | Status źródłowy: Zweryfikowany — aktywna strona | orig_next: Rozmowa strategiczna z dyrektorem handlowym; bez standardowego cold maila | user_orig_priorytet='A1 — kontakt natychmiast' | user_orig_score=88 | user_orig_segment='S1 — RYO/MYO, gilzy i nabijarki'",duży
WP,wielkopolskie,województwo,,,PL-A-WP-002,A4,i-Want! (Hurtownia i-Want!),PL,,"Magazynowa 10, 62-030 Luboń",7831904759,1107505(?),https://i-want.pl,,hurt@i-want.pl,+48 500 528 972; +48 513 954 493 wew. 4,,,,,reseller,,,mix,mały,🟢,B2B only,,,Dział hurtowy,Sprzedaż B2B,,intake_PL_2026-08-10 | https://i-want.pl/kontakt-i-faq/ | https://i-want.pl/regulamin-iwant/ | https://i-want.pl,,🔍 2026-08-10 ⚠️ DO-WERYFIKACJI (API),"orig_uzasadnienie: Bezpośrednie dopasowanie do ryo/myo, gilz lub nabijarek; zasięg ponadregionalny. | orig_uwagi: Nie potwierdzone | Status źródłowy: Dostępny w katalogu | orig_next: Telefon do działu zakupów + personalizowany e-mail tego samego dnia | user_orig_priorytet='A1 — kontakt natychmiast' | user_orig_score=84 | user_orig_segment='S1 — RYO/MYO, gilzy i nabijarki'",duży
,Nieustalony,,,,PL-A-XX-035,A4,Intersmokerhurt,PL,,Polska (Adres w rejestrze KRS/CEIDG),5422935796,,https://www.intersmokerhurt.pl,,kontakt@intersmokerhurt.pl,154140039,,,,,reseller,,,mix,,🔴,B2B only,,,,,,KRS API / CEIDG API + web search 2026-08-10,,🔍 2026-08-10 ✅ FROZEN (API),"orig_uzasadnienie: Bezpośrednie dopasowanie do ryo/myo, gilz lub nabijarek. | orig_uwagi: Dodane na prośbę użytkownika z wyników wyszukiwania (e-papierosy / nabijarki). | Status źródłowy: Aktywny | orig_next: Zweryfikować dane, produkty i status B2B przed kontaktem | user_orig_priorytet='C — weryfikacja i nurturing' | user_orig_score=50 | user_orig_segment='S1 — RYO/MYO, gilzy i nabijarki'",duży
,Nieustalony,,,,PL-A-XX-039,A4,Epapierosy Hurt,PL,,Polska (Adres w rejestrze KRS/CEIDG),6312426137,,https://www.epapierosy-hurt.pl,,j@email.com,177334242,,,,,reseller,,,mix,,🔴,B2B only,,,,,,KRS API / CEIDG API + web search 2026-08-10,,🔍 2026-08-10 ✅ FROZEN (API),"orig_uzasadnienie: Bezpośrednie dopasowanie do ryo/myo, gilz lub nabijarek. | orig_uwagi: Dodane na prośbę użytkownika z wyników wyszukiwania (e-papierosy / nabijarki). | Status źródłowy: Aktywny | orig_next: Zweryfikować dane, produkty i status B2B przed kontaktem | user_orig_priorytet='C — weryfikacja i nurturing' | user_orig_score=50 | user_orig_segment='S1 — RYO/MYO, gilzy i nabijarki'",duży
,Nieustalony,,,,PL-A-XX-040,A4,E Enzo,PL,,,6722094396,,https://www.e-enzo.pl,,biuro@e-enzo.pl,+48 515 205 569,,,,,reseller,,,mix,,🔴,B2B only,,,,,,intake_PL_2026-08-10 | https://www.e-enzo.pl,,🔍 2026-08-10 ⚠️ DO-WERYFIKACJI (API),"orig_uzasadnienie: Bezpośrednie dopasowanie do ryo/myo, gilz lub nabijarek. | orig_uwagi: Dodane na prośbę użytkownika z wyników wyszukiwania (e-papierosy / nabijarki). | Status źródłowy: Aktywny | orig_next: Zweryfikować dane, produkty i status B2B przed kontaktem | user_orig_priorytet='C — weryfikacja i nurturing' | user_orig_score=50 | user_orig_segment='S1 — RYO/MYO, gilzy i nabijarki'",duży
,Nieustalony,,,,PL-A-XX-041,A4,Dym,PL,,,5242751528,,https://www.dym.pl,,filter@pl.html,178397622,,,,,reseller,,,mix,,🔴,B2B only,,,,,,intake_PL_2026-08-10 | https://www.dym.pl,,🔍 2026-08-10 ⚠️ DO-WERYFIKACJI (API),"orig_uzasadnienie: Bezpośrednie dopasowanie do ryo/myo, gilz lub nabijarek. | orig_uwagi: Dodane na prośbę użytkownika z wyników wyszukiwania (maszynki do skręcania). | Status źródłowy: Aktywny | orig_next: Zweryfikować dane, produkty i status B2B przed kontaktem | user_orig_priorytet='C — weryfikacja i nurturing' | user_orig_score=50 | user_orig_segment='S1 — RYO/MYO, gilzy i nabijarki'",duży
,Nieustalony,,,,PL-A-XX-042,A4,Drkonopny,PL,,Polska (Adres w rejestrze KRS/CEIDG),4990696800,,https://www.drkonopny.pl,,biuro@drkonopny.pl,162746852,,,,,reseller,,,mix,,🔴,B2B only,,,,,,KRS API / CEIDG API + web search 2026-08-10,,🔍 2026-08-10 ✅ FROZEN (API),"orig_uzasadnienie: Bezpośrednie dopasowanie do ryo/myo, gilz lub nabijarek. | orig_uwagi: Dodane z wyników wyszukiwania dla niszowych słów (Powermatic, Shisha, bletki). | Status źródłowy: Aktywny | orig_next: Zweryfikować dane, produkty i status B2B przed kontaktem | user_orig_priorytet='C — weryfikacja i nurturing' | user_orig_score=50 | user_orig_segment='S1 — RYO/MYO, gilzy i nabijarki'",duży
,Nieustalony,,,,PL-A-XX-043,A4,Cybuchshisha,PL,,Polska (Adres w rejestrze KRS/CEIDG),1132986837,,https://www.cybuchshisha.pl,,sklep@cybuchshisha.pl,178213104,,,,,reseller,,,mix,,🔴,B2B only,,,,,,KRS API / CEIDG API + web search 2026-08-10,,🔍 2026-08-10 ✅ FROZEN (API),"orig_uzasadnienie: Bezpośrednie dopasowanie do ryo/myo, gilz lub nabijarek. | orig_uwagi: Dodane z wyników wyszukiwania dla niszowych słów (Powermatic, Shisha, bletki). | Status źródłowy: Aktywny | orig_next: Zweryfikować dane, produkty i status B2B przed kontaktem | user_orig_priorytet='C — weryfikacja i nurturing' | user_orig_score=50 | user_orig_segment='S1 — RYO/MYO, gilzy i nabijarki'",duży
,Nieustalony,,,,PL-A-XX-045,A4,Bulut,PL,,,7282844071,835586(?),https://www.bulut.zone,,info@bulut.zone,325058878,,,,,reseller,,,mix,,🔴,B2B only,,,,,,intake_PL_2026-08-10 | https://www.bulut.zone,,🔍 2026-08-10 ⚠️ DO-WERYFIKACJI (API),"orig_uzasadnienie: Bezpośrednie dopasowanie do ryo/myo, gilz lub nabijarek. | orig_uwagi: Dodane z wyników wyszukiwania dla niszowych słów (Powermatic, Shisha, bletki). | Status źródłowy: Aktywny | orig_next: Zweryfikować dane, produkty i status B2B przed kontaktem | user_orig_priorytet='C — weryfikacja i nurturing' | user_orig_score=50 | user_orig_segment='S1 — RYO/MYO, gilzy i nabijarki'",duży
,Nieustalony,,,,PL-A-XX-046,A4,Bielsin,PL,,,5470083919,115372(?),https://www.bielsin.pl,,info@bielsin.pl,242869739,,,,,reseller,,,mix,,🔴,B2B only,,,,,,intake_PL_2026-08-10 | https://www.bielsin.pl,,🔍 2026-08-10 ⚠️ DO-WERYFIKACJI (API),"orig_uzasadnienie: Bezpośrednie dopasowanie do ryo/myo, gilz lub nabijarek. | orig_uwagi: Dodane na prośbę użytkownika z wyników wyszukiwania (maszynki do skręcania). | Status źródłowy: Aktywny | orig_next: Zweryfikować dane, produkty i status B2B przed kontaktem | user_orig_priorytet='C — weryfikacja i nurturing' | user_orig_score=50 | user_orig_segment='S1 — RYO/MYO, gilzy i nabijarki'",duży
,Nieustalony,,,,PL-A-XX-047,A4,Atgdystrybucja,PL,,Polska (Adres w rejestrze KRS/CEIDG),5542718417,,https://www.atgdystrybucja.pl,,atg.zamowienia@gmail.com,749696972,,,,,reseller,,,mix,,🔴,B2B only,,,,,,KRS API / CEIDG API + web search 2026-08-10,,🔍 2026-08-10 ✅ FROZEN (API),"orig_uzasadnienie: Bezpośrednie dopasowanie do ryo/myo, gilz lub nabijarek. | orig_uwagi: Dodane na prośbę użytkownika z wyników wyszukiwania (maszynki do skręcania). | Status źródłowy: Aktywny | orig_next: Zweryfikować dane, produkty i status B2B przed kontaktem | user_orig_priorytet='C — weryfikacja i nurturing' | user_orig_score=50 | user_orig_segment='S1 — RYO/MYO, gilzy i nabijarki'",duży
,,,,,PL-A-XX-050,A4,STOPOL SPÓŁKA Z OGRANICZONĄ ODPOWIEDZIALNOŚCIĄ SPÓŁKA KOMANDYTOWA,PL,MALBORK,"AL. WOJSKA POLSKIEGO 494-496, 82-200 MALBORK",5790006978,,https://stopol.pl,,stopol@stopol.plnip,58 333 48 05,,,,,reseller,OCB,,mix,mały,🟢,B2B only,,,,,,intake_PL_2026-08-10 | https://stopol.pl/oferta/,,🔍 2026-08-10 ⚠️ DO-WERYFIKACJI (API),"orig_uzasadnienie: Zidentyfikowany dystrybutor/sprzedawca marki: ""OCB"" (nabijarka OR maszynka OR gilzy) hurtownia OR dystrybu | orig_uwagi: Weryfikacja: VIES | orig_next: Zweryfikować dane, produkty i status B2B przed kontaktem | user_orig_priorytet='C — weryfikacja i nurturing' | user_orig_score=80 | user_orig_segment='S1 — RYO/MYO, gilzy i nabijarki'",duży
,,,,,PL-A-XX-052,A4,BENIAMIN BUGNO,PL,BRZYSKA,"BŁAŻKOWA 9, 38-212 BRZYSKA",6852336998,,https://www.bensonstrade.pl,,brzyskabensonstrade.pl@gmail.comtel,+48 662 405 220,,,,,reseller,Gerui,Gerui,mix,mały,🟢,B2B only,,,,,,KRS API / CEIDG API + web search 2026-08-10,,🟡🔍 2026-08-10 ✅ FROZEN (API),"orig_uzasadnienie: Zidentyfikowany dystrybutor/sprzedawca marki: ""Gerui"" (nabijarka OR maszynka OR gilzy) hurtownia OR dystry | orig_uwagi: Weryfikacja: VIES | orig_next: Zweryfikować dane, produkty i status B2B przed kontaktem | user_orig_priorytet='C — weryfikacja i nurturing' | user_orig_score=80 | user_orig_segment='S1 — RYO/MYO, gilzy i nabijarki'",duży
,,,,,PL-A-XX-059,A4,STALCO SPÓŁKA Z OGRANICZONĄ ODPOWIEDZIALNOŚCIĄ SPÓŁKA KOMANDYTOWO-AKCYJNA,PL,SKAWINA,"OFIAR KATYNIA 1, 32-050 SKAWINA",6792455066,,https://stalco.pl,,info@stalco.uk,12 350 04 10,,,,,reseller,Champ,Champ,mix,mały,🟢,B2B only,,,,,,intake_PL_2026-08-10 | https://stalco.pl/,,🟡🔍 2026-08-10 ⚠️ DO-WERYFIKACJI (API),"orig_uzasadnienie: Zidentyfikowany dystrybutor/sprzedawca marki: ""Champ"" (nabijarka OR maszynka OR gilzy) hurtownia OR dystry | orig_uwagi: Weryfikacja: VIES | orig_next: Zweryfikować dane, produkty i status B2B przed kontaktem | user_orig_priorytet='C — weryfikacja i nurturing' | user_orig_score=80 | user_orig_segment='S1 — RYO/MYO, gilzy i nabijarki'",duży
,,,,,PL-A-XX-063,A4,BEMAG K. WOŁOSZYN SPÓŁKA KOMANDYTOWA,PL,GUTOWO WIELKIE,"GUTOWO WIELKIE 26 MA, 62-302 GUTOWO WIELKIE",7891798278,,https://bemag.pl,,biuro@bemag.pl,+48 796 363 606,,,,,reseller,Angel,Angel,mix,mały,🟢,B2B only,,,,,,intake_PL_2026-08-10 | https://bemag.pl/maszynka-do-malowania-pisanek,,🟡🔍 2026-08-10 ⚠️ DO-WERYFIKACJI (API),"orig_uzasadnienie: Zidentyfikowany dystrybutor/sprzedawca marki: ""Angel"" (nabijarka OR maszynka OR gilzy) hurtownia OR dystry | orig_uwagi: Weryfikacja: VIES | orig_next: Zweryfikować dane, produkty i status B2B przed kontaktem | user_orig_priorytet='C — weryfikacja i nurturing' | user_orig_score=80 | user_orig_segment='S1 — RYO/MYO, gilzy i nabijarki'",duży
,,,,,PL-A-XX-064,A4,CIASTOLINA MASZYNKA DO LODÓW /12 ZD503,PL,Góraszka,Ul. Krótka 1 | 05-462 Góraszka,0557505576,,http://www.proeximp.com.pl,,info@proeximp.com.pl,12 1417270,,,,,reseller,Angel,Angel,mix,,🔴,B2B only,,,,,,intake_PL_2026-08-10 | http://www.proeximp.com.pl/ciastolina-maszynka-do-lodow-12-zd503,,🟡🔍 2026-08-10 ⚠️ DO-WERYFIKACJI (API),"orig_uzasadnienie: Zidentyfikowany dystrybutor/sprzedawca marki: ""Angel"" (nabijarka OR maszynka OR gilzy) hurtownia OR dystry | orig_uwagi: Weryfikacja: None | orig_next: Zweryfikować dane, produkty i status B2B przed kontaktem | user_orig_priorytet='C — weryfikacja i nurturing' | user_orig_score=80 | user_orig_segment='S1 — RYO/MYO, gilzy i nabijarki'",duży
,,,,,PL-A-XX-068,A4,"HORST SPÓŁKA CYWILNA ANNA KRAWCZYK, KRZYSZTOF PŁACZKIEWICZ",PL,CZĘSTOCHOWA,"WARSZAWSKA 106A, 42-200 CZĘSTOCHOWA",9492162686,,https://horstsc.pl,,horst@horstsc.pl,+48 721-555-050,,,,,reseller,,,mix,mały,🟢,B2B only,,,,,,intake_PL_2026-08-10 | https://horstsc.pl/pl/c/cat/71/146/4/3/pricefrom/0.48/priceto/300?srsltid=AfmBOorx_0uhJdxrewJPhKBAt2D7Vg11JS9yg7NqDJTZ8dnKEp5Y7C16,,🔍 2026-08-10 ⚠️ DO-WERYFIKACJI (API),"orig_uzasadnienie: Zidentyfikowany dystrybutor/sprzedawca marki: ""Atomic"" (nabijarka OR maszynka OR gilzy) hurtownia OR dystr | orig_uwagi: Weryfikacja: VIES | orig_next: Zweryfikować dane, produkty i status B2B przed kontaktem | user_orig_priorytet='C — weryfikacja i nurturing' | user_orig_score=80 | user_orig_segment='S1 — RYO/MYO, gilzy i nabijarki'",duży
,,,,,PL-A-XX-071,A4,AGATA SĘKOWSKA,PL,LUBLIN,"FRANCISZKA STEFCZYKA 32 M3, 20-151 LUBLIN",9462453893,,https://cannmedia.pl,,sklep@bletki.com,881 253 854,,,,,reseller,Matteo,Matteo,mix,mały,🟢,B2B only,,,,,,KRS API / CEIDG API + web search 2026-08-10,,🟡🔍 2026-08-10 ✅ FROZEN (API),"orig_uzasadnienie: Zidentyfikowany dystrybutor/sprzedawca marki: ""Matteo"" (nabijarka OR maszynka OR gilzy) hurtownia OR dystr | orig_uwagi: Weryfikacja: VIES | orig_next: Zweryfikować dane, produkty i status B2B przed kontaktem | user_orig_priorytet='C — weryfikacja i nurturing' | user_orig_score=70 | user_orig_segment='S1 — RYO/MYO, gilzy i nabijarki'",duży
,,,,,PL-A-XX-075,A4,PARROT SPÓŁKA Z OGRANICZONĄ ODPOWIEDZIALNOŚCIĄ,PL,KRAKÓW,"LIPOWA 3D, 30-702 KRAKÓW",6772450396,,https://sklepcarmen.pl,,920sklep@sklepcarmen.pl,798 820 920,,,,,reseller,Matteo,Matteo,mix,mały,🟢,B2B only,,,,,,intake_PL_2026-08-10 | https://sklepcarmen.pl/produkty?price_from=&p=33,,🟡🔍 2026-08-10 ⚠️ DO-WERYFIKACJI (API),"orig_uzasadnienie: Zidentyfikowany dystrybutor/sprzedawca marki: ""Matteo"" (nabijarka OR maszynka OR gilzy) hurtownia OR dystr | orig_uwagi: Weryfikacja: VIES | orig_next: Zweryfikować dane, produkty i status B2B przed kontaktem | user_orig_priorytet='C — weryfikacja i nurturing' | user_orig_score=70 | user_orig_segment='S1 — RYO/MYO, gilzy i nabijarki'",duży
,,,,,PL-A-XX-093,A4,PLASTECH PAWEŁ WIŚNIEWSKI SPÓŁKA KOMANDYTOWO-AKCYJNA,PL,TORUŃ,"RELAKSOWA 4, 87-100 TORUŃ",9562374503,,https://www.plastech.pl,,,530 704 050,,,,,reseller,Premier,Premier,mix,mały,🟢,B2B only,,,,,,intake_PL_2026-08-10 | https://www.plastech.pl/wiadomosci/Plastpol-2024-600-firm-i-hale-pelne-pracujacych-maszyn-19374,,🟡🔍 2026-08-10 ⚠️ DO-WERYFIKACJI (API),"orig_uzasadnienie: Zidentyfikowany dystrybutor/sprzedawca marki: ""Premier"" (nabijarka OR maszynka OR gilzy) hurtownia OR dyst | orig_uwagi: Weryfikacja: VIES | orig_next: Zweryfikować dane, produkty i status B2B przed kontaktem | user_orig_priorytet='C — weryfikacja i nurturing' | user_orig_score=80 | user_orig_segment='S1 — RYO/MYO, gilzy i nabijarki'",duży
,,,,,PL-A-XX-094,A4,NAVIGATE SPÓŁKA Z OGRANICZONĄ ODPOWIEDZIALNOŚCIĄ,PL,KRAKÓW,"WADOWICKA 8A, 30-415 KRAKÓW",6793109171,,https://navigate.pl,,warszawa@navigate.pl,22 270 15 54,,,,,reseller,Premier,Premier,mix,mały,🟢,B2B only,,,,,,intake_PL_2026-08-10 | https://navigate.pl/b2b/,,🟡🔍 2026-08-10 ⚠️ DO-WERYFIKACJI (API),"orig_uzasadnienie: Zidentyfikowany dystrybutor/sprzedawca marki: ""Premier"" (nabijarka OR maszynka OR gilzy) hurtownia OR dyst | orig_uwagi: Weryfikacja: VIES | orig_next: Zweryfikować dane, produkty i status B2B przed kontaktem | user_orig_priorytet='C — weryfikacja i nurturing' | user_orig_score=80 | user_orig_segment='S1 — RYO/MYO, gilzy i nabijarki'",duży
,,,,,PL-A-XX-097,A4,TOMASZ DOBEK,PL,GDYNIA,"MORSKA 221 M3, 81-205 GDYNIA",5860008825,,https://otis-td.pl,,tasmy@otis-td.pl,58 663 20 23,,,,,reseller,Premier,Premier,mix,mały,🟢,B2B only,,,,,,KRS API / CEIDG API + web search 2026-08-10,,🟡🔍 2026-08-10 ✅ FROZEN (API),"orig_uzasadnienie: Zidentyfikowany dystrybutor/sprzedawca marki: ""Premier"" (nabijarka OR maszynka OR gilzy) hurtownia OR dyst | orig_uwagi: Weryfikacja: VIES | orig_next: Zweryfikować dane, produkty i status B2B przed kontaktem | user_orig_priorytet='C — weryfikacja i nurturing' | user_orig_score=80 | user_orig_segment='S1 — RYO/MYO, gilzy i nabijarki'",duży
LB,lubuskie,województwo,,2005,PL-B-LB-001,B6,CK COMPLEX SPÓŁKA Z OGRANICZONA ODPOWIEDZIALNOŚCIĄ,PL,Zielona Góra,"ul. Naftowa 4, 65-705",PL9291744080,KRS 0000237218,https://ckcomplex.pl,brak,info@ckcomplex.pl,+48 68 452 12 30,linkedin.com/company/ck-complex-sp.-z-o.o.,CKComplex,ckcomplexspzoo,,reseller,nie (tylko vape/elektronika),"tak (SPARK, CK Lighters, Hotlight)",Chiny (import),duży 🟢,hurtownia + sieć 100+ sklepów własnych,3,brak,n/a,Paweł Szymański,Prezes Zarządu,brak,KRS API + web search + VIES,2026-08-10,QS: 90/100 | 🐋 2026-08-10 ✅ FROZEN (API),Sieć 100+ sklepów vape. Dystrybutor SMOK/VooPoo/Aspire/Vaporesso. Kapitał 50k PLN. Rejestracja 2005. PKD 4690Z (hurt niewyspecjalizowana). Kandydat cross-sell jeśli któryś z jego sklepów chce rozszerzyć o asortyment,duży
ZP,zachodniopomorskie,województwo,,,PL-B-ZP-001,B4,F.H.U. ALPIK RYSZARD TRZCIŃSKI (brand: BongoGo.pl),PL,Szczecin,"ul. Bolesława Krzywoustego 51, 70-317",PL9551541914,JDG (CEIDG),https://bongogo.pl,Allegro shop,kontakt@bongogo.pl,+48 601 779 697,brak,BongoGoPL,bongogo,,detalista,nie,nie,do weryfikacji,mały 🟡,sklep stacjonarny + hurtownia,5,średni,Ryszard Trzciński,właściciel,brak,CEIDG API + web search,CEIDG API + web search + VIES,2026-08-10,QS: 90/100 | 🟢 2026-08-10 ✅ FROZEN (API),"Brand BongGo.pl = F.H.U. ALPIK. Sklep stacjonarny w Szczecinie, panel hurtowy dla firm. Powiązany z bongosklep.firmy.net. Weryfikacja czy importuje maszynki - prawdopodobnie tak (panel hurtowy sugeruje) ⚠️ DO-WERYFIKACJI",duży
LD,łódzkie,województwo,,,PL-B-LD-001,B4,GABIMIX KRZYSZTOF JASZCZAK (brand: Dopalenia.pl),PL,Konstantynów Łódzki,"pl. Kościuszki 20, 95-050",PL7311693836,JDG (CEIDG),https://www.dopalenia.pl,Allegro shop,sklep@dopalenia.pl,+48 665 852 033,brak,dopalenia,brak,,detalista,nie,nie,do weryfikacji,mały 🟡,sklep + hurtownia,5,wysoki,Krzysztof Jaszczak,właściciel,brak,CEIDG + web search,KRS API / CEIDG API + web search 2026-08-10,2026-08-10,QS: 90/100 | 🟢 2026-08-10 ⚠️ DO-WERYFIKACJI (API),Brand Dopalenia.pl = Gabimix. Strona + hurtownia. Prawdopodobnie sprzedaje maszynki (typowy asortyment sklepu tytoniowego). Status AKTYWNY w CEIDG. Kandydat cross-sell ⚠️ DO-WERYFIKACJI,duży
DS,dolnośląskie,województwo,,,PL-B-DS-001,B8,"""CASISS"" SP.J. HURTOWNIA PAPIEROSÓW",PL,Wrocław (Krzyki),"ul. Kościuszki 180, 50-437 Wrocław",PL8940050162,brak KRS (sp.j. zewidencjonowana w CEIDG/RGOP),brak,pkt.pl,brak,"71 336 23 94, 71 345 67 74, 74 840 83 33, fax 71 367 23 94",brak,brak,brak,,hurtownik,nie,nie,brak,średni 🟡 (sieć 6+ lokalizacji),"hurtownia + 6+ sklepów: Wrocław (Kościuszki 180, Żegiestowska 5, Krzywoustego 300 x2), Wałbrzych (Wrocławska 130, partner: kdwt.com.pl)",5,wysoki,brak,Rzeszowski,brak,panoramafirm + pkt.pl (2 niezależne źródła),2026-08-10,2026-08-10,"QS: 65/100 | Hurtownia papierosów, sp.j. Siedziba Wrocław Krzyki Kościuszki 180. 6+ sklepów: Wrocław (Kościuszki 180, Żegiestowska 5, Krzywoustego 300 główna + oddział Cież K.), Wałbrzych (Wrocławska 130) — współpraca z kdwt.com.pl. NIP 8940050162 potwierdzony (panoramafirm, pkt.pl). KRS nie istnieje — sp.j. zarejestrowana w CEIDG/RGOP przed 2018 (RGOP stary system rejestracji sp.j.), nie ma publicznego KRS. ⚠️ Re-kategoryzacja: w CEIDG są tylko wspólnicy, nie sama sp.j. → weryfikacja CEIDG po NIP sp.j. może nic nie dać. Właścicieli (wspólników) szukać przez KRS/CEIDG po danych z RGOP/REGON 2026-08-10 ⚠️ DO-WERYFIKACJI (API)",duży,
ZP,zachodniopomorskie,województwo,,2011,PL-B-ZP-002,B8,POLSKA GRUPA TYTONIOWA SPÓŁKA Z OGRANICZONĄ ODPOWIEDZIALNOŚCIĄ,PL,Wierzbnica (pow. myśliborski),"Wierzbnica 63A, 74-300 Myślibórz",PL4980260426,KRS 0000396744,http://polskagt.pl,biuro oddziałów,biuro@polskagt.pl,+48 502 399 832,brak,polskagt,polskagt_pl,,hurtownik,nie,nie,Polska (dystrybucja od 2002),duży 🟢,hurtownia ogólnopolska + biuro Piekary Śląskie (Bytomska 359),5,wysoki,Robert Biela (33% udziałów) + Barbara Urcus-Wargocka (33%) + Robert Rutkowski (33%),wspólnicy (równe udziały),biuro@polskagt.pl,KRS API + polskagt.pl + krs-online.com,KRS API / CEIDG API + web search 2026-08-10,2026-08-10 ✅ FROZEN (API),"QS: 90/100 | 🐋 OGÓLNOPOLSKA hurtownia tytoniowa + akcesoria do palenia. Dystrybucja od 2002 (JDG → sp.k. 2020 → sp. z o.o. aktywna 2011). Siedziba: Wierzbnica 63A, 74-300 Myślibórz. Biuro/oddział: Piekary Śląskie, Bytomska 359 (NIP 4980260426). Oddziały operacyjne: Myślibórz, Bydgoszcz, Łódź, Warszawa, Piekary Śląskie. Kapitał 5k zł. 3 wspólników po 328 udziałów. Marki papierosów: brak w ofercie (hurtownia). NOT IN USER LIST - Wysoki kandydat cross-sell. ⚠️ Sp. z o.o. (KRS 0000396744) ≠ dawna sp.k. (KRS 0000848352, WYKREŚLONA 2021) — rozróżnić. ⚠️ Poprzedni wpis miał błędne dane: Bydgoszcz, Pińczowska 8, JDG — to adres biura, NIE siedziba 2026-08-10 ✅ FROZEN (API)",duży,
XX,Polska,województwo,brak,brak,PL-B-XX-010,B8,DRV DISTRIBUTION Sp. z o.o.,PL,Lubartów,Lubartów (dokładny adres do weryfikacji),PL7142066366,KRS 0001190453,brak,brak,brak,brak,brak,brak,brak,brak,hurtownik,brak,brak,brak,brak,brak,4,średni,do ustalenia (zarząd KRS),Jakub Golonka,Prezes / CEO,brak,KRS API / CEIDG API + web search 2026-08-10,2026-08-10,QS: 75/100 | 2026-08-10 ⚠️ DO-WERYFIKACJI (API),"KRS API: 0001190453, NIP 7142066366, REGON 54258176700000, siedziba LUBARTÓW (LUBELSKIE). Kapitał: ? PLN. Do weryfikacji: pełny adres (ulica, nr), decydent, kanał sprzedaży, asortyment (czy mają maszynki do tytoniu).",duży
XX,Polska,województwo,brak,brak,PL-B-XX-011,B8,VTP Sp. z o.o.,PL,Lublin,Lublin (dokładny adres do weryfikacji),PL9462714112,KRS 0000948471,brak,brak,brak,brak,brak,brak,brak,brak,hurtownik,brak,brak,brak,brak,brak,4,średni,do ustalenia,Michał Piskor,Dział Eksportu,brak,KRS API / CEIDG API + web search 2026-08-10,2026-08-10,QS: 75/100 | 2026-08-10 ⚠️ DO-WERYFIKACJI (API),"KRS API: 0000948471, NIP 9462714112, REGON 52101734200000, siedziba LUBLIN (LUBELSKIE). Kapitał: ? PLN. Do weryfikacji: pełny adres (ulica, nr), decydent, kanał sprzedaży, asortyment (czy mają maszynki do tytoniu).",duży
XX,Polska,województwo,brak,brak,PL-B-XX-012,B8,TABASCO VAPE TABAS SPÓŁKA KOMANDYTOWA,PL,Rzeszów,Rzeszów (dokładny adres do weryfikacji),PL5170445620,KRS 0001093977,b2b.tabascovape.pl,brak,biuro@tabascovape.pl,brak,brak,brak,brak,brak,hurtownik,brak,brak,brak,brak,brak,5,wysoki,do ustalenia,DANIEL BARTŁOMIEJ TABAS,komplementariusz,biuro@tabascovape.pl,KRS API / CEIDG API + web search 2026-08-10,2026-08-10,QS: 80/100 | 2026-08-10 ⚠️ DO-WERYFIKACJI (API),"KRS API: 0001093977, NIP 5170445620, REGON 52806034100000, siedziba RZESZÓW (PODKARPACKIE). Kapitał: ? PLN. Do weryfikacji: pełny adres (ulica, nr), decydent, kanał sprzedaży, asortyment (czy mają maszynki do tytoniu).",duży
XX,Polska,województwo,brak,brak,PL-B-XX-013,B8,Flowrolls Sp. z o.o.,PL,Gdynia,Gdynia (dokładny adres do weryfikacji),PL5252782453,KRS 0000774565,brak,brak,info@flowrolls.pl,brak,brak,brak,brak,brak,hurtownik,brak,brak,brak,brak,brak,5,wysoki,do ustalenia,Michał Piotr Kuźnik,Prezes Zarządu,info@flowrolls.pl,KRS API / CEIDG API + web search 2026-08-10,2026-08-10,QS: 80/100 | 2026-08-10 ⚠️ DO-WERYFIKACJI (API),"KRS API: 0000774565, NIP 5252782453, REGON 38271953100000, siedziba GDYNIA (POMORSKIE). Kapitał: ? PLN. Do weryfikacji: pełny adres (ulica, nr), decydent, kanał sprzedaży, asortyment (czy mają maszynki do tytoniu).",duży
XX,Polska,województwo,brak,brak,PL-B-XX-014,B8,BIODIO LAB Sp. z o.o.,PL,Białystok,Białystok (dokładny adres do weryfikacji),PL5423393334,KRS 0001074861,brak,brak,brak,brak,brak,brak,brak,brak,hurtownik,brak,brak,brak,brak,brak,4,średni,do ustalenia,Izabela Wojciuk,Prezes,brak,KRS API / CEIDG API + web search 2026-08-10,2026-08-10,QS: 75/100 | 2026-08-10 ⚠️ DO-WERYFIKACJI (API),"KRS API: 0001074861, NIP 5423393334, REGON 38543583400000, siedziba BIAŁYSTOK (PODLASKIE). Kapitał: ? PLN. Do weryfikacji: pełny adres (ulica, nr), decydent, kanał sprzedaży, asortyment (czy mają maszynki do tytoniu).",duży
XX,Polska,województwo,brak,brak,PL-B-XX-015,B8,WEEDPOL Sp. z o.o.,PL,Katowice,Katowice (dokładny adres do weryfikacji),PL9542835071,KRS 0000922075,www.weedpol.pl,brak,postmaster@weedpol.pl,brak,brak,brak,brak,brak,hurtownik,brak,brak,brak,brak,brak,5,wysoki,do ustalenia,brak,brak,postmaster@weedpol.pl,KRS API / CEIDG API + web search 2026-08-10,2026-08-10,QS: 80/100 | 2026-08-10 ⚠️ DO-WERYFIKACJI (API),"KRS API: 0000922075, NIP 9542835071, REGON 52093491200000, siedziba KATOWICE (ŚLĄSKIE). Kapitał: ? PLN. Do weryfikacji: pełny adres (ulica, nr), decydent, kanał sprzedaży, asortyment (czy mają maszynki do tytoniu).",duży
XX,Polska,województwo,brak,brak,PL-B-XX-016,B8,Konopny Sklep,PL,Białystok,"ul. Antoniukowska 54, 15-740 Białystok",PL5423228026,CEIDG 5423228026,brak,sklep stacjonarny,brak,+48 793 219 666,brak,brak,brak,brak,hurtownik,brak,brak,brak,brak,brak,5,średni,do ustalenia (właściciel JDG),brak,brak,brak,KRS API / CEIDG API + web search 2026-08-10,2026-08-10,QS: 80/100 | + web search 2026-08-10 ⚠️ DO-WERYFIKACJI (API),"Konopny Sklep (Białystok, Młynowa 38). JDG założona 2012. PKD 46.18.Z (agenci hurtowi). NIP 5423228026 potwierdzony (krs-online.com.pl), brak KRS (JDG w CEIDG). Kandydat cross-sell — sklep CBD/konopny, dystrybuuje produkty tytoniopodobne. ⚠️ Weryfikacja: czy importuje maszynki do tytoniu (typowy asortyment sklepu CBD).",2026-08-10 ✅ FROZEN
XX,Polska,województwo,brak,brak,PL-B-XX-017,B8,BENATURAL Sp. z o.o.,PL,Warszawa,Warszawa (dokładny adres do weryfikacji),PL7681843587,KRS 0000836728,brak,brak,brak,brak,brak,brak,brak,brak,hurtownik,brak,brak,brak,brak,brak,5,średni,do ustalenia,brak,brak,brak,KRS API / CEIDG API + web search 2026-08-10,2026-08-10,QS: 75/100 | 2026-08-10 ⚠️ DO-WERYFIKACJI (API),"KRS API: 0000836728, NIP 7681843587, REGON 38588359600000, siedziba WARSZAWA (MAZOWIECKIE). Kapitał: ? PLN. Do weryfikacji: pełny adres (ulica, nr), decydent, kanał sprzedaży, asortyment (czy mają maszynki do tytoniu).",duży
XX,Polska,województwo,brak,brak,PL-B-XX-018,B8,Tabak Grupa sp. z o.o.,PL,Kalisz,Kalisz (dokładny adres do weryfikacji),PL6181914183,KRS 0000119343,brak,brak,brak,brak,brak,brak,brak,brak,hurtownik,brak,brak,brak,brak,brak,5,średni,do ustalenia,brak,brak,brak,KRS API / CEIDG API + web search 2026-08-10,2026-08-10,QS: 75/100 | 2026-08-10 ⚠️ DO-WERYFIKACJI (API),"KRS API: 0000119343, NIP 6181914183, REGON 25100462100000, siedziba KALISZ (WIELKOPOLSKIE). Kapitał: ? PLN. Do weryfikacji: pełny adres (ulica, nr), decydent, kanał sprzedaży, asortyment (czy mają maszynki do tytoniu).",duży
XX,Polska,województwo,brak,brak,PL-B-XX-019,B8,Tobacco Of Poland,PL,Grudziądz,"ul. Czerwonodworna 19, 86-300 Grudziądz",PL8762468378,KRS 0000673961,https://www.tobaccoofpoland.com,"biuro + stacje wykupowe (Grudziądz, Łukowa, Górny Potok)",brak,+48 799 885 995 (Aleks Dudalski - dział handlowy),brak,brak,brak,brak,hurtownik,brak,brak,brak,brak,brak,5,wysoki,Aleks Dudalski (dział handlowy) + Artur Dudalski,brak,brak,brak,KRS API / CEIDG API + web search 2026-08-10,2026-08-10,QS: 80/100 | + web search 2026-08-10 ⚠️ DO-WERYFIKACJI (API),"🐋 Tobacco Of Poland Sp. z o.o., KRS 0000673961, NIP 8762468378, REGON 366879566, kapitał 500k zł. Siedziba: Grudziądz, ul. Czerwonodworna 19. Magazyn: ul. Budowlanych 10, Grudziądz. Stacje wykupowe tytoniu: Grudziądz, Łukowa (k. Biłgoraja), Górny Potok. Działalność: skup surowych liści tytoniu (Virginia, Burley, Mocny Skroniowski) od plantatorów + dystrybucja do producentów cygar/papierosów/shishy/snusa. ⚠️ Weryfikacja: pełna oferta (czy mają maszynki), relacja z BILLS (hurtownia tytoniu = cross-sell na maszynki). Tel. Aleks Dudalski (dział handlowy, tel. kom. 799 885 992/995), Artur Dudalski. Strona PL i EN.",2026-08-10 ✅ FROZEN
XX,Polska,województwo,brak,brak,PL-B-XX-020,B8,Hurtownia Papierosów Sp. z o.o.,PL,Brzeziny,"ul. Adama Mickiewicza 17, 95-060 Brzeziny",PL8330002756,KRS 0000568420,brak,brak,brak,brak,brak,brak,brak,brak,hurtownik,brak,brak,brak,brak,brak,5,średni,do ustalenia (zarząd KRS),brak,brak,brak,KRS API / CEIDG API + web search 2026-08-10,2026-08-10,QS: 75/100 | + web search 2026-08-10 ⚠️ DO-WERYFIKACJI (API),"Hurtownia Papierosów Sp. z o.o., KRS 0000568420, NIP 8330002756, REGON 750004750, kapitał 66.5k zł. Siedziba: Brzeziny, ul. Adama Mickiewicza 17 (woj. łódzkie). ⚠️ Uwaga: w aleo.com widnieje też ""Hurtownia Papierosów Andrzej Gryglak, Robert Michalski sp.j."" — to inna firma z tym samym NIP-em (zmiana formy prawnej). Sprawdzić czy sp.j. nadal istnieje, czy jest już zlikwidowana.",2026-08-10 ✅ FROZEN
XX,Polska,województwo,brak,brak,PL-B-XX-021,B8,BITLOGIC BARNAŚ SPÓŁKA KOMANDYTOWA,PL,Włocławek,Włocławek (dokładny adres do weryfikacji),PL5223217609,KRS 0000946950,brak,brak,brak,brak,brak,brak,brak,brak,hurtownik,brak,brak,brak,brak,brak,5,średni,do ustalenia,brak,brak,brak,KRS API / CEIDG API + web search 2026-08-10,2026-08-10,QS: 75/100 | 2026-08-10 ✅ FROZEN (API),"KRS API: 0000946950, NIP 5223217609, REGON 52097496900000, siedziba WŁOCŁAWEK (KUJAWSKO-POMORSKIE). Kapitał: ? PLN. Do weryfikacji: pełny adres (ulica, nr), decydent, kanał sprzedaży, asortyment (czy mają maszynki do tytoniu).",duży
XX,Polska,województwo,brak,brak,PL-B-XX-022,B8,J&K Dystrybucja sp. z o.o.,PL,Smolec (k. Wrocławia),"Smolec (k. Wrocławia, dokładny adres do weryfikacji)",PL8961612530,KRS 0000965005,brak,brak,dystrybucja.jk@gmail.com,brak,brak,brak,brak,brak,hurtownik,brak,brak,brak,brak,brak,5,wysoki,do ustalenia,brak,brak,brak,KRS API / CEIDG API + web search 2026-08-10,2026-08-10,QS: 80/100 | 2026-08-10 ⚠️ DO-WERYFIKACJI (API),"KRS API: 0000965005, NIP 8961612530, REGON 52168439200000, siedziba SMOLEC (DOLNOŚLĄSKIE). Kapitał: ? PLN. Do weryfikacji: pełny adres (ulica, nr), decydent, kanał sprzedaży, asortyment (czy mają maszynki do tytoniu).",duży
XX,Polska,województwo,brak,brak,PL-B-XX-023,B8,CLOUD HOLDING SPÓŁKA Z OGRANICZONĄ ODPOWIEDZIALNOŚCIĄ,PL,Gdańsk,Gdańsk (dokładny adres do weryfikacji),PL9571110560,KRS 0000998700,brak,brak,brak,brak,brak,brak,brak,brak,hurtownik,brak,brak,brak,brak,brak,4,średni,do ustalenia,brak,brak,brak,KRS API / CEIDG API + web search 2026-08-10,2026-08-10,QS: 75/100 | 2026-08-10 ⚠️ DO-WERYFIKACJI (API),"KRS API: 0000998700, NIP 9571110560, REGON 38169493500000, siedziba GDAŃSK (POMORSKIE). Kapitał: ? PLN. Do weryfikacji: pełny adres (ulica, nr), decydent, kanał sprzedaży, asortyment (czy mają maszynki do tytoniu).",duży
XX,Polska,województwo,brak,brak,PL-B-XX-024,B8,Vape.pl Sp. z o.o.,PL,Zawiercie,Zawiercie (dokładny adres do weryfikacji),PL6492327111,KRS 0000999396,brak,brak,brak,brak,brak,brak,brak,brak,hurtownik,brak,brak,brak,brak,brak,5,średni,do ustalenia,brak,brak,brak,KRS API / CEIDG API + web search 2026-08-10,2026-08-10,QS: 75/100 | 2026-08-10 ✅ FROZEN (API),"KRS API: 0000999396, NIP 6492327111, REGON 52350082900000, siedziba ZAWIERCIE (ŚLĄSKIE). Kapitał: ? PLN. Do weryfikacji: pełny adres (ulica, nr), decydent, kanał sprzedaży, asortyment (czy mają maszynki do tytoniu).",duży
XX,Polska,województwo,brak,brak,PL-B-XX-025,B8,Hurtownia KING Krzysztof Król,PL,Szczecin,"ul. Świerczewska 68, 71-066 Szczecin",PL8511005882,JDG (CEIDG),https://kinghurt.pl,brak,bok@kinghurt.pl,"+48 609 641 400, +48 603 580 032",brak,brak,brak,brak,hurtownik,brak,brak,brak,brak,brak,5,wysoki,Krzysztof Król (właściciel JDG),brak,brak,brak,KRS API / CEIDG API + web search 2026-08-10,2026-08-10,QS: 85/100 | + web search 2026-08-10 ⚠️ DO-WERYFIKACJI (API),"🐋 Hurtownia KING Krzysztof Król (Szczecin, ul. Świerczewska 68). JDG od 2000-05-01. PKD główne 46.35.Z (sprzedaż hurtowa wyrobów tytoniowych). REGON 810172286. Własna strona kinghurt.pl. Oddziały: Gdynia (ul. Krzywoustego 6, tel 58 663 24 45). Centrala Pn-Pt 7-19, Sob 7-12. Bogata oferta tytoniowa. ⚠️ Weryfikacja: czy mają maszynki (typowy asortyment hurtowni tytoniowej) i jaki to kanał (online, B2B, detal).",2026-08-10 ✅ FROZEN
XX,Polska,województwo,brak,brak,PL-B-XX-026,B8,POLSKI TYTOŃ SPÓŁKA AKCYJNA,PL,Radom,Radom (dokładny adres do weryfikacji),PL9482622620,KRS 0000847239,polskityton.pl,brak,brak,brak,brak,brak,brak,brak,hurtownik,brak,brak,brak,brak,brak,5,wysoki,do ustalenia,brak,brak,brak,KRS API / CEIDG API + web search 2026-08-10,2026-08-10,QS: 75/100 | 2026-08-10 ⚠️ DO-WERYFIKACJI (API),"KRS API: 0000847239, NIP 9482622620, REGON 38639049900000, siedziba RADOM (MAZOWIECKIE). Kapitał: ? PLN. Do weryfikacji: pełny adres (ulica, nr), decydent, kanał sprzedaży, asortyment (czy mają maszynki do tytoniu).",duży
DS,dolnośląskie,województwo,,,PL-B-DS-002,B8,"PRZEDSIĘBIORSTWO USŁUGOWO-HANDLOWE AMPEX ADAM MINICKI, PAWEŁ POTONIEC SPÓŁKA JAWNA",PL,Ząbkowice Śląskie (al. Niepodległości 3 lok. 1) + Legnica (Sierocińska 10),"al. Niepodległości 3 lok. 1, 57-200 Ząbkowice Śląskie",PL6450008134,KRS 0000010733,brak,pkt.pl + panoramafirm,brak,74 815 17 21,brak,brak,brak,brak,hurtownik,nie,nie,brak,mały 🟡 (2 lokalizacje + serwis),hurtownia + sklepy stacjonarne,5,średni,Adam Minicki + Paweł Potoniec (wspólnicy sp.j.),wspólnicy sp.j.,właściciel,bizraport.pl + panoramafirm + web search,2026-08-10,2026-08-10,"QS: 65/100 | Hurtownia papierosów + akcesoria, sp.j. Siedziba: Ząbkowice Śląskie, al. Niepodległości 3 lok. 1. Oddział Legnica, Sierocińska 10. NIP 6450008134, REGON 271104956, PKD 46.90.Z. KRS API zwraca HTTP 204 (stary wpis) ale dane potwierdzone web search (2 niezależne źródła). Wspólnicy: Adam Minicki, Paweł Potoniec. 2026-08-10 ⚠️ DO-WERYFIKACJI (API)",duży,
PK,podkarpackie,województwo,,2012,PL-B-PK-001,B4,ELENPIPE SPÓŁKA Z OGRANICZONĄ ODPOWIEDZIALNOŚCIĄ,PL,Przemyśl (biuro operacyjne) / Sienno Dolne (siedziba rejestrowa),"Siedziba: Sienno Dolne 26/5, 72-316 (pow. łobeski, zachodniopomorskie). Biuro: ul. Chodkiewicza 35A, 37-700 Przemyśl",PL7952526523,KRS 0000445021,https://www.elenpipe-sw.com,Allegro user 34794518,elenpipe.pl@gmail.com,"+48 16 675 02 07, +48 729 306 784",brak,elenpipe,elenpipe_pl,brak,hurt-detal specjalistyczny,brak (fajki/cygarniczki/humidory/zapalniczki/shishe),tak (ELENPIPE®),"Polska (własna produkcja) + import (Mr.Bróg, ALDO MORELLI, Angelo)","mały 🟡 (2 pracowników 2014, spadek przychodów -31.52% w 2023)",hurt+detal online + Allegro,4,średni,do ustalenia (zarząd KRS),zarząd,do ustalenia,KRS API + elenpipe.com + emis.com,KRS API / CEIDG API + web search 2026-08-10,2026-08-10 ✅ FROZEN (API),"QS: 90/100 | Producent/importer fajek, cygarniczek, humidorów, papierośnic, zapalniczek, shishe. Własna marka ELENPIPE®. Dystrybuuje też Mr.Bróg, ALDO MORELLI, Angelo. Założona . ⚠️ Siedziba rejestrowa w woj. zachodniopomorskim (Sienno Dolne), biuro operacyjne w Przemyślu. Prawdopodobnie dystrybuuje też akcesoria do papierosów (shishe, zapalniczki). 2026-08-10 ⚠️ DO-WERYFIKACJI (API)",duży,
MZ,mazowieckie,województwo,,2014,PL-B-MZ-001,B8,ORION TOBACCO POLAND SPÓŁKA Z OGRANICZONĄ ODPOWIEDZIALNOŚCIĄ,PL,Goszczyn (Jakubów),"Jakubów 5, 05-610 Goszczyn",PL7252077543,KRS 0000513841,https://www.orion-orion.pl,brak,orion@orion.mail.pl,+48 48 663 21 90,brak,oriontobaccopoland,orion_tobacco_pl,brak,producent papierosów + dystrybutor hurt,"brak (własne marki: Vabanque, Sting, Taboo, Orion, Verso, Tennesie, Baker Street, Guliwer, Barkleys, Corset)",tak (10 marek własnych papierosów),produkcja własna (Polska),"duży 🟢 (1.8 mld szt papierosów rocznie, kapitał 10M PLN)",produkcja + dystrybucja hurt + export,4,wysoki,"Jerzy Czernek (88 tys. udziałów, 4.4M PLN) + Łukasz M***** (102 tys. udziałów, 5.1M PLN)",wspólnicy sp. z o.o.,karolina@orion.mail.pl (sprzedaż krajowa),KRS API + gov.pl koncesja + orion-orion.pl,KRS API / CEIDG API + web search 2026-08-10,2026-08-10 ✅ FROZEN (API),"QS: 90/100 | 🐋 PRZENIESIONY Z KATALOGU A (był PL-A-MZ-001, A4) → katalog B (PL-B-MZ-001, B8). Powód: nie dystrybuuje maszynek, jest PRODUCENTEM papierosów. PKD 12.00.Z Produkcja wyrobów tytoniowych. Kapitał 10M PLN. Koncesja rządowa: wytwarzanie 2.4M kg tytoń + 1.8 mld szt papierosów + 20M cygar rocznie. 10 własnych marek. Własny dział sprzedaży kraj + export + 9 handlowców regionalnych. Topowy partner cross-sell: mają papierosy i siatkę dystrybucji do 100k punktów. 2026-08-10 ⚠️ DO-WERYFIKACJI (API)",duży,
XX,Polska,województwo,brak,brak,PL-B-XX-055,B8,BISTA STANDARD SPÓŁKA Z OGRANICZONĄ ODPOWIEDZIALNOŚCIĄ,PL,brak,Polska (Adres w rejestrze KRS/CEIDG),PL5542559901,KRS 0000197822,brak,brak,brak,brak,brak,brak,brak,brak,hurtownik,brak,brak,brak,brak,brak,brak,brak,brak,brak,brak,brak,KRS API / CEIDG API + web search 2026-08-10,2026-08-10,QS: 75/100 | 2026-08-10 ✅ FROZEN (API),brak,duży
XX,Polska,województwo,brak,brak,PL-B-XX-056,B8,EUROCASH SERWIS SPÓŁKA Z OGRANICZONĄ ODPOWIEDZIALNOŚCIĄ,PL,brak,Polska (Adres w rejestrze KRS/CEIDG),PL7772304755,KRS 0000519553,brak,brak,brak,brak,brak,brak,brak,brak,hurtownik,brak,brak,brak,brak,brak,brak,brak,brak,brak,brak,brak,KRS API / CEIDG API + web search 2026-08-10,2026-08-10,QS: 75/100 | 2026-08-10 ✅ FROZEN (API),brak,duży
MZ,mazowieckie,województwo,,,PL-B-MZ-001,B8,Lima S.A.,PL,"Nationwide (Hq Warsaw, Branches Białystok, Jelenia Góra, Wrocław, Bydgoszcz, Lublin, Gorzów Wielkopolski (Marcinkowskiego 14E, Łódź, Kraków, Warsaw, Opole, Rzeszów, Białystok, Gdańsk, Katowice, Kielce, Olsztyn, Poznań, Koszalin","ul. Leonidasa 55/215 oraz ul. Deszczowa 2, Warszawa",,,https://lima-sa.pl,,hurtownia@lima-warszawa.com,+48 606 689 456; +48 574 666 624,,,,,reseller,,,,duży,🟢,B2B only,5,wysoki,Dział hurtowni,Sprzedaż hurtowa,,intake_PL_2026-08-10 | https://lima-warszawa.com/pl/page/kontakt | https://lima-sa.pl,,🔍 2026-08-10 ⚠️ DO-WERYFIKACJI (API),orig_uzasadnienie: Dostęp do sklepów tytoniowych i tradycyjnego handlu; zasięg ponadregionalny. | orig_uwagi: Nie potwierdzone | Status źródłowy: Niezweryfikowany | orig_next: Telefon do działu zakupów + personalizowany e-mail tego samego dnia | user_orig_priorytet='A1 — kontakt natychmiast' | user_orig_score=90 | user_orig_segment='S2 — Hurtownie tytoniowe/FMCG',duży
OP,opolskie,województwo,,,PL-B-OP-001,B4,TOM Polska Sp. z o.o.,PL,Kalisz,"ul. Drukarzy 5, 62-800 Kalisz",,,https://www.tompolska.pl,,biuro@tompolska.pl,+48 504 154 210,,,,,autoryzowany,,,,średni,🟢,B2B only,3,średni,,,,intake_PL_2026-08-10 | https://tompolska.pl/o-nas | https://tompolska.pl/kontakt | https://www.tompolska.pl,,🔍 2026-08-10 ⚠️ DO-WERYFIKACJI (API),orig_uzasadnienie: Sprzedaż komplementarnych akcesoriów dla palaczy; kompetencje importowo-dystrybucyjne. | orig_uwagi: Automatycznie pobrane przez skrypt.Rekord uzupełniony i sklasyfikowany w drugim etapie researchu. | Status źródłowy: Zweryfikowany — aktywna strona | orig_next: Telefon do działu zakupów + personalizowany e-mail tego samego dnia | user_orig_priorytet='A1 — kontakt natychmiast' | user_orig_score=84 | user_orig_segment='S3 — Akcesoria dla palaczy/headshop',duży
MA,małopolskie,województwo,,,PL-B-MA-001,B8,ROCH — Hurtownia Papierosów i Kart GSM,PL,Kraków,"Powstańców 62c/1, 31-670 Kraków, Polska",,,https://roch.krakow.pl,,,+48 12 416 39 16,,,,,reseller,,,,średni,🟢,mix,5,wysoki,,,,intake_PL_2026-08-10 | https://roch.krakow.pl,,🔍 2026-08-10 ⚠️ DO-WERYFIKACJI (API),orig_uzasadnienie: Dostęp do sklepów tytoniowych i tradycyjnego handlu. | orig_uwagi: Nie potwierdzone | Status źródłowy: Niezweryfikowany | orig_next: E-mail handlowy + telefon follow-up w ciągu 48 godzin | user_orig_priorytet='A2 — kontakt w 7 dni' | user_orig_score=77 | user_orig_segment='S2 — Hurtownie tytoniowe/FMCG',duży
LU,lubelskie,województwo,,,PL-B-LU-001,B8,Lubelskie Zakłady Tytoniowe (LZT),PL,Lublin,"Mariana Smoluchowskiego 1, 20-469 Lublin, Polska",,,https://lubelskietytonie.pl,,,+48 789 477 907,,,,,reseller,,,,średni,🟢,mix,5,wysoki,,,,intake_PL_2026-08-10 | https://lubelskietytonie.pl,,🔍 2026-08-10 ⚠️ DO-WERYFIKACJI (API),orig_uzasadnienie: Dostęp do sklepów tytoniowych i tradycyjnego handlu. | orig_uwagi: Nie potwierdzone | Status źródłowy: Niezweryfikowany | orig_next: E-mail handlowy + telefon follow-up w ciągu 48 godzin | user_orig_priorytet='A2 — kontakt w 7 dni' | user_orig_score=77 | user_orig_segment='S2 — Hurtownie tytoniowe/FMCG',duży
SL,śląskie,województwo,,,PL-B-SL-002,B8,Carmen Sp. z o.o.,PL,Jasienica,"Strumieńska 63, 43-385 Jasienica, Polska",,,https://carmen-jasienica.pl,,,+48 33 817 24 00,,,,,reseller,,,,średni,🟢,mix,5,wysoki,,,,intake_PL_2026-08-10 | https://carmen-jasienica.pl,,🔍 2026-08-10 ⚠️ DO-WERYFIKACJI (API),orig_uzasadnienie: Dostęp do sklepów tytoniowych i tradycyjnego handlu. | orig_uwagi: Nie potwierdzone | Status źródłowy: Niezweryfikowany | orig_next: E-mail handlowy + telefon follow-up w ciągu 48 godzin | user_orig_priorytet='A2 — kontakt w 7 dni' | user_orig_score=77 | user_orig_segment='S2 — Hurtownie tytoniowe/FMCG',duży
,Ogólnopolska,,,,PL-B-XX-002,B8,Gmochowski Jacek — Hurtownia art. tytoniowych,PL,Wrocław,Wrocław (Tęczowa 83),,,https://po-godzinach.pl/firmy/...,,,,,,,,reseller,,,,średni,🟢,B2B only,5,wysoki,,,,intake_PL_2026-08-10 | https://po-godzinach.pl/firmy/...,,🔍 2026-08-10 ⚠️ DO-WERYFIKACJI (API),orig_uzasadnienie: Dostęp do sklepów tytoniowych i tradycyjnego handlu; zasięg ponadregionalny. | orig_uwagi: Nie potwierdzone | Status źródłowy: Niezweryfikowany | orig_next: E-mail handlowy + telefon follow-up w ciągu 48 godzin | user_orig_priorytet='A2 — kontakt w 7 dni' | user_orig_score=75 | user_orig_segment='S2 — Hurtownie tytoniowe/FMCG',duży
,Ogólnopolska,,,,PL-B-XX-003,B8,Augusto Limaro,PL,Jelenia Góra,"Jelenia Góra (serves Zgorzelec, Bolesławiec, Legnica)",,,https://augustolimaro.pl/o-nas,,,,,,,,reseller,,,,średni,🟢,B2B only,5,wysoki,,,,intake_PL_2026-08-10 | https://augustolimaro.pl/o-nas,,🔍 2026-08-10 ⚠️ DO-WERYFIKACJI (API),orig_uzasadnienie: Dostęp do sklepów tytoniowych i tradycyjnego handlu; zasięg ponadregionalny. | orig_uwagi: Nie potwierdzone | Status źródłowy: Niezweryfikowany | orig_next: E-mail handlowy + telefon follow-up w ciągu 48 godzin | user_orig_priorytet='A2 — kontakt w 7 dni' | user_orig_score=75 | user_orig_segment='S2 — Hurtownie tytoniowe/FMCG',duży
LU,lubelskie,województwo,,,PL-B-LU-002,B8,Trafica-Hurt s.c.,PL,Lublin,"ul. Krochmalna 22a, 20-401 Lublin",,,https://trafica-hurt.pl,,info@trafica-hurt.pl,793 467 060,,,,,reseller,,,,,🔴,B2B only,5,wysoki,,,,intake_PL_2026-08-10 | https://trafica-hurt.pl,,🔍 2026-08-10 ⚠️ DO-WERYFIKACJI (API),orig_uzasadnienie: Dostęp do sklepów tytoniowych i tradycyjnego handlu. | orig_next: E-mail handlowy + telefon follow-up w ciągu 48 godzin | user_orig_priorytet='A2 — kontakt w 7 dni' | user_orig_score=74 | user_orig_segment='S2 — Hurtownie tytoniowe/FMCG',duży
PD,podlaskie,województwo,,,PL-B-PD-002,B8,Top-Kart,PL,Białystok,"ul. Mickiewicza 82/1, 15-232 Białystok",,,https://topkart.vp.pl,,topkart@vp.pl,501 373 302,,,,,reseller,,,,,🔴,B2B only,5,wysoki,,,,intake_PL_2026-08-10 | https://topkart.vp.pl,,🔍 2026-08-10 ⚠️ DO-WERYFIKACJI (API),orig_uzasadnienie: Dostęp do sklepów tytoniowych i tradycyjnego handlu. | orig_uwagi: Najlepiej udokumentowana hurtownia w woj. podlaskim | orig_next: E-mail handlowy + telefon follow-up w ciągu 48 godzin | user_orig_priorytet='A2 — kontakt w 7 dni' | user_orig_score=74 | user_orig_segment='S2 — Hurtownie tytoniowe/FMCG',duży
PM,pomorskie,województwo,,,PL-B-PM-002,B4,Hurtownia Papierosów Jacek,PL,Gdynia,"Żwirki i Wigury 8, 81-393 Gdynia, Polska",,,https://hpjacek.pl,,,+48 58 620 70 55,,,,,reseller,,,,średni,🟢,mix,3,średni,,,,intake_PL_2026-08-10 | https://hpjacek.pl,,🔍 2026-08-10 ⚠️ DO-WERYFIKACJI (API),orig_uzasadnienie: Sprzedaż komplementarnych akcesoriów dla palaczy. | orig_uwagi: Nie potwierdzone | Status źródłowy: Niezweryfikowany | orig_next: E-mail handlowy + telefon follow-up w ciągu 48 godzin | user_orig_priorytet='A2 — kontakt w 7 dni' | user_orig_score=73 | user_orig_segment='S3 — Akcesoria dla palaczy/headshop',duży
OP,opolskie,województwo,,,PL-B-OP-002,B4,Almark,PL,Wielkopolskie,"57-300 Kłodzko, Polska",,,https://almark.pl/index.php/of...,,,+48 724 282 272,,,,,reseller,,,,średni,🟢,mix,3,średni,,,,intake_PL_2026-08-10 | https://almark.pl/index.php/of...,,🔍 2026-08-10 ⚠️ DO-WERYFIKACJI (API),orig_uzasadnienie: Sprzedaż komplementarnych akcesoriów dla palaczy. | orig_uwagi: Status źródłowy: Niezweryfikowany | orig_next: E-mail handlowy + telefon follow-up w ciągu 48 godzin | user_orig_priorytet='A2 — kontakt w 7 dni' | user_orig_score=73 | user_orig_segment='S3 — Akcesoria dla palaczy/headshop',duży
MZ,mazowieckie,województwo,,,PL-B-MZ-003,B6,Vape Arena,PL,Warszawa,"ul. Janiszowska 9B, 02-264 Warszawa",,,https://www.vapearena.pl,,b2b@vapearena.pl,+48 722 347 100,,,,,hurtownik,,,,średni,🟢,B2B only,2,średni,,,,intake_PL_2026-08-10 | https://www.vapearena.pl/o-nas/ | https://www.vapearena.pl,,🔍 2026-08-10 ⚠️ DO-WERYFIKACJI (API),orig_uzasadnienie: Kanał sąsiedni z bazą klientów zainteresowanych produktami nikotynowymi. | orig_uwagi: Status źródłowy: Zweryfikowany — aktywna strona/B2B | orig_next: E-mail handlowy + telefon follow-up w ciągu 48 godzin | user_orig_priorytet='A2 — kontakt w 7 dni' | user_orig_score=72 | user_orig_segment='S4 — Vape/e-papierosy',duży
,Ogólnopolska,,,,PL-B-XX-005,B8,PHU Andrzej...,PL,Jelenia Góra,Jelenia Góra,,,,,,,,,,,reseller,,,,średni,🟢,B2B only,5,wysoki,,,,intake_PL_2026-08-10 (user_score=72),,🔍 2026-08-10 ⚠️ DO-WERYFIKACJI (API),orig_uzasadnienie: Dostęp do sklepów tytoniowych i tradycyjnego handlu; zasięg ponadregionalny. | orig_uwagi: Nie potwierdzone | Status źródłowy: Niezweryfikowany | orig_next: E-mail handlowy + telefon follow-up w ciągu 48 godzin | user_orig_priorytet='A2 — kontakt w 7 dni' | user_orig_score=72 | user_orig_segment='S2 — Hurtownie tytoniowe/FMCG',duży
,Ogólnopolska,,,,PL-B-XX-006,B8,Noban Sp. z o.o.,PL,Wrocław,Wrocław / Dolnośląskie,,,,,,,,,,,reseller,,,,średni,🟢,B2B only,5,wysoki,,,,intake_PL_2026-08-10 (user_score=72),,🔍 2026-08-10 ⚠️ DO-WERYFIKACJI (API),orig_uzasadnienie: Dostęp do sklepów tytoniowych i tradycyjnego handlu; zasięg ponadregionalny. | orig_uwagi: Nie potwierdzone | Status źródłowy: Niezweryfikowany | orig_next: E-mail handlowy + telefon follow-up w ciągu 48 godzin | user_orig_priorytet='A2 — kontakt w 7 dni' | user_orig_score=72 | user_orig_segment='S2 — Hurtownie tytoniowe/FMCG',duży
,Ogólnopolska,,,,PL-B-XX-007,B8,Fhu Patryk Koksztys,PL,Jelenia Góra,Jelenia Góra,,,,,,,,,,,reseller,,,,średni,🟢,B2B only,5,wysoki,,,,intake_PL_2026-08-10 (user_score=72),,🔍 2026-08-10 ⚠️ DO-WERYFIKACJI (API),orig_uzasadnienie: Dostęp do sklepów tytoniowych i tradycyjnego handlu; zasięg ponadregionalny. | orig_uwagi: Nie potwierdzone | Status źródłowy: Niezweryfikowany | orig_next: E-mail handlowy + telefon follow-up w ciągu 48 godzin | user_orig_priorytet='A2 — kontakt w 7 dni' | user_orig_score=72 | user_orig_segment='S2 — Hurtownie tytoniowe/FMCG',duży
,Ogólnopolska,,,,PL-B-XX-008,B8,Beata Hurtownia Papierosów,PL,Katowice,Katowice / Śląskie,,,,,,,,,,,reseller,,,,średni,🟢,B2B only,5,wysoki,,,,intake_PL_2026-08-10 (user_score=72),,🔍 2026-08-10 ⚠️ DO-WERYFIKACJI (API),orig_uzasadnienie: Dostęp do sklepów tytoniowych i tradycyjnego handlu; zasięg ponadregionalny. | orig_uwagi: Nie potwierdzone | Status źródłowy: Niezweryfikowany | orig_next: E-mail handlowy + telefon follow-up w ciągu 48 godzin | user_orig_priorytet='A2 — kontakt w 7 dni' | user_orig_score=72 | user_orig_segment='S2 — Hurtownie tytoniowe/FMCG',duży
,Ogólnopolska,,,,PL-B-XX-009,B8,"""Maxim"" FH Beata Kropielnicka",PL,Jelenia Góra,Jelenia Góra,,,,,,,,,,,reseller,,,,średni,🟢,B2B only,5,wysoki,,,,intake_PL_2026-08-10 (user_score=72),,🔍 2026-08-10 ⚠️ DO-WERYFIKACJI (API),orig_uzasadnienie: Dostęp do sklepów tytoniowych i tradycyjnego handlu; zasięg ponadregionalny. | orig_uwagi: Nie potwierdzone | Status źródłowy: Niezweryfikowany | orig_next: E-mail handlowy + telefon follow-up w ciągu 48 godzin | user_orig_priorytet='A2 — kontakt w 7 dni' | user_orig_score=72 | user_orig_segment='S2 — Hurtownie tytoniowe/FMCG',duży
,Ogólnopolska,,,,PL-B-XX-010,B8,"""Casiss""",PL,Wrocław,Wrocław / Dolnośląskie,,,,,,,,,,,reseller,,,,średni,🟢,B2B only,5,wysoki,,,,intake_PL_2026-08-10 (user_score=72),,🔍 2026-08-10 ⚠️ DO-WERYFIKACJI (API),orig_uzasadnienie: Dostęp do sklepów tytoniowych i tradycyjnego handlu; zasięg ponadregionalny. | orig_uwagi: Nie potwierdzone | Status źródłowy: Niezweryfikowany | orig_next: E-mail handlowy + telefon follow-up w ciągu 48 godzin | user_orig_priorytet='A2 — kontakt w 7 dni' | user_orig_score=72 | user_orig_segment='S2 — Hurtownie tytoniowe/FMCG',duży
,Ogólnopolska,,,,PL-B-XX-011,B8,"""Ampex"" S.C.",PL,Wrocław,Wrocław / Dolnośląskie,,,,,,,,,,,reseller,,,,średni,🟢,B2B only,5,wysoki,,,,intake_PL_2026-08-10 (user_score=72),,🔍 2026-08-10 ⚠️ DO-WERYFIKACJI (API),orig_uzasadnienie: Dostęp do sklepów tytoniowych i tradycyjnego handlu; zasięg ponadregionalny. | orig_uwagi: Nie potwierdzone | Status źródłowy: Niezweryfikowany | orig_next: E-mail handlowy + telefon follow-up w ciągu 48 godzin | user_orig_priorytet='A2 — kontakt w 7 dni' | user_orig_score=72 | user_orig_segment='S2 — Hurtownie tytoniowe/FMCG',duży
LU,lubelskie,województwo,,,PL-B-LU-003,B8,Torys — hurtownia papierosów i artykułów chemii gospodarczej,PL,Chełm,"ul. Lwowska 51, Chełm",,,,,,+48 82 565 91 57,,,,,reseller,,,,średni,🟢,B2B only,5,wysoki,,,,intake_PL_2026-08-10 | https://www.pkt.pl/szukaj/hurtownia-papierosow,,🔍 2026-08-10 ⚠️ DO-WERYFIKACJI (API),orig_uzasadnienie: Dostęp do sklepów tytoniowych i tradycyjnego handlu. | orig_uwagi: Status źródłowy: Do weryfikacji — katalog | orig_next: Dodać do kampanii regionalnej i wykonać follow-up telefoniczny | user_orig_priorytet='B — kampania regionalna' | user_orig_score=71 | user_orig_segment='S2 — Hurtownie tytoniowe/FMCG',duży
KP,kujawsko-pomorskie,województwo,,,PL-B-KP-002,B8,"Rela — hurtownia artykułów spożywczych, papierosów i chemii",PL,Rypin,"ul. Lipnowska 21A, Rypin",,,,,,+48 54 280 22 28,,,,,reseller,,,,średni,🟢,B2B only,5,wysoki,,,,intake_PL_2026-08-10 | https://www.pkt.pl/szukaj/hurtownia-papierosow,,🔍 2026-08-10 ⚠️ DO-WERYFIKACJI (API),orig_uzasadnienie: Dostęp do sklepów tytoniowych i tradycyjnego handlu. | orig_uwagi: Status źródłowy: Do weryfikacji — katalog | orig_next: Dodać do kampanii regionalnej i wykonać follow-up telefoniczny | user_orig_priorytet='B — kampania regionalna' | user_orig_score=71 | user_orig_segment='S2 — Hurtownie tytoniowe/FMCG',duży
LD,łódzkie,województwo,,,PL-B-LD-001,B8,Moto-Mix Hurtownia Papierosów,PL,Pabianice,"ul. Moniuszki 46A, 95-200 Pabianice",,,,,,+48 42 214 81 70,,,,,reseller,,,,średni,🟢,B2B only,5,wysoki,,,,intake_PL_2026-08-10 (user_score=71),,🔍 2026-08-10 ⚠️ DO-WERYFIKACJI (API),"orig_uzasadnienie: Dostęp do sklepów tytoniowych i tradycyjnego handlu. | orig_uwagi: Sprawdzić, czy podmiot nadal działa pod tą nazwą i czy prowadzi sprzedaż B2B. | Status źródłowy: Do weryfikacji — katalog | orig_next: Dodać do kampanii regionalnej i wykonać follow-up telefoniczny | user_orig_priorytet='B — kampania regionalna' | user_orig_score=71 | user_orig_segment='S2 — Hurtownie tytoniowe/FMCG'",duży
LD,łódzkie,województwo,,,PL-B-LD-002,B8,Gama — Hurtownia papierosów,PL,Sieradz,"ul. POW 46/48, Sieradz",,,,,,+48 43 827 40 00,,,,,reseller,,,,średni,🟢,B2B only,5,wysoki,,,,intake_PL_2026-08-10 | https://www.pkt.pl/szukaj/hurtownia-papierosow,,🔍 2026-08-10 ⚠️ DO-WERYFIKACJI (API),orig_uzasadnienie: Dostęp do sklepów tytoniowych i tradycyjnego handlu. | orig_uwagi: Status źródłowy: Do weryfikacji — katalog | orig_next: Dodać do kampanii regionalnej i wykonać follow-up telefoniczny | user_orig_priorytet='B — kampania regionalna' | user_orig_score=71 | user_orig_segment='S2 — Hurtownie tytoniowe/FMCG',duży
LB,lubuskie,województwo,,,PL-B-LB-002,B8,"Alfa s.c. — hurtownia artykułów biurowych, papierniczych i papierosów",PL,Drezdenko,"ul. Piłsudskiego 2, Drezdenko",,,,,,+48 95 762 16 72,,,,,reseller,,,,średni,🟢,B2B only,5,wysoki,,,,intake_PL_2026-08-10 | https://www.pkt.pl/szukaj/hurtownia-papierosow,,🔍 2026-08-10 ⚠️ DO-WERYFIKACJI (API),orig_uzasadnienie: Dostęp do sklepów tytoniowych i tradycyjnego handlu. | orig_uwagi: Status źródłowy: Do weryfikacji — katalog | orig_next: Dodać do kampanii regionalnej i wykonać follow-up telefoniczny | user_orig_priorytet='B — kampania regionalna' | user_orig_score=71 | user_orig_segment='S2 — Hurtownie tytoniowe/FMCG',duży
MZ,mazowieckie,województwo,,,PL-B-MZ-004,B8,Aksel FHU — hurtownia papierosów i artykułów chemicznych,PL,Ciechanów,"ul. Niechodzka 4A, Ciechanów",,,,,,+48 23 672 99 02,,,,,reseller,,,,średni,🟢,B2B only,5,wysoki,,,,intake_PL_2026-08-10 | https://www.pkt.pl/szukaj/hurtownia-papierosow,,🔍 2026-08-10 ⚠️ DO-WERYFIKACJI (API),orig_uzasadnienie: Dostęp do sklepów tytoniowych i tradycyjnego handlu. | orig_uwagi: Warto rozdzielić od rekordu ADGAR przy późniejszym czyszczeniu aliasów. | Status źródłowy: Do weryfikacji — katalog | orig_next: Dodać do kampanii regionalnej i wykonać follow-up telefoniczny | user_orig_priorytet='B — kampania regionalna' | user_orig_score=71 | user_orig_segment='S2 — Hurtownie tytoniowe/FMCG',duży
,Ogólnopolska,,,,PL-B-XX-012,B4,Świat Shishy,PL,Ogólnopolska,Poland-wide (online),,,https://swiatshishy.pl/content/...,,,,,,,,reseller,,,,średni,🟢,B2B only,3,średni,,,,intake_PL_2026-08-10 | https://swiatshishy.pl/content/...,,🔍 2026-08-10 ⚠️ DO-WERYFIKACJI (API),orig_uzasadnienie: Sprzedaż komplementarnych akcesoriów dla palaczy; zasięg ponadregionalny. | orig_uwagi: Nie potwierdzone | Status źródłowy: Niezweryfikowany | orig_next: Dodać do kampanii regionalnej i wykonać follow-up telefoniczny | user_orig_priorytet='B — kampania regionalna' | user_orig_score=71 | user_orig_segment='S3 — Akcesoria dla palaczy/headshop',duży
,Ogólnopolska,,,,PL-B-XX-013,B4,eMerkury,PL,Ogólnopolska,Poland-wide,,,https://emerkurysa.pl/manufact...,,,,,,,,reseller,,,,średni,🟢,B2B only,3,średni,,,,intake_PL_2026-08-10 | https://emerkurysa.pl/manufact...,,🔍 2026-08-10 ⚠️ DO-WERYFIKACJI (API),orig_uzasadnienie: Sprzedaż komplementarnych akcesoriów dla palaczy; zasięg ponadregionalny. | orig_uwagi: Status źródłowy: Niezweryfikowany | orig_next: Dodać do kampanii regionalnej i wykonać follow-up telefoniczny | user_orig_priorytet='B — kampania regionalna' | user_orig_score=71 | user_orig_segment='S3 — Akcesoria dla palaczy/headshop',duży
,Ogólnopolska,,,,PL-B-XX-014,B4,VAS Sp. z o.o.,PL,Chorzów,Chorzów / Śląskie (ul. Łagodna 15),,,https://vas.com.pl/oferta/zapa...,,,,,,,,reseller,,,,średni,🟢,B2B only,3,średni,,,,intake_PL_2026-08-10 | https://vas.com.pl/oferta/zapa...,,🔍 2026-08-10 ⚠️ DO-WERYFIKACJI (API),orig_uzasadnienie: Sprzedaż komplementarnych akcesoriów dla palaczy; zasięg ponadregionalny. | orig_uwagi: Status źródłowy: Niezweryfikowany | orig_next: Dodać do kampanii regionalnej i wykonać follow-up telefoniczny | user_orig_priorytet='B — kampania regionalna' | user_orig_score=71 | user_orig_segment='S3 — Akcesoria dla palaczy/headshop',duży
,Ogólnopolska,,,,PL-B-XX-015,B4,Hookahteka.com,PL,Ogólnopolska,Poland-wide (online),,,https://hookahteka.com/wspolpraca-hurtowa,,,,,,,,reseller,,,,,🔴,B2B only,3,średni,,,,intake_PL_2026-08-10 | https://hookahteka.com/wspolpraca-hurtowa,,🔍 2026-08-10 ⚠️ DO-WERYFIKACJI (API),orig_uzasadnienie: Sprzedaż komplementarnych akcesoriów dla palaczy; zasięg ponadregionalny. | orig_uwagi: Status źródłowy: Niezweryfikowany | orig_next: Dodać do kampanii regionalnej i wykonać follow-up telefoniczny | user_orig_priorytet='B — kampania regionalna' | user_orig_score=71 | user_orig_segment='S3 — Akcesoria dla palaczy/headshop',duży
,Ogólnopolska,,,,PL-B-XX-016,B4,Buszek.com / Hurt.Buszek.com,PL,Ogólnopolska,Poland-wide,,,https://buszek.com,,,,,,,,reseller,,,,średni,🟢,B2B only,3,średni,,,,intake_PL_2026-08-10 | https://buszek.com,,🔍 2026-08-10 ⚠️ DO-WERYFIKACJI (API),orig_uzasadnienie: Sprzedaż komplementarnych akcesoriów dla palaczy; zasięg ponadregionalny. | orig_uwagi: Nie potwierdzone | Status źródłowy: Niezweryfikowany | orig_next: Dodać do kampanii regionalnej i wykonać follow-up telefoniczny | user_orig_priorytet='B — kampania regionalna' | user_orig_score=71 | user_orig_segment='S3 — Akcesoria dla palaczy/headshop',duży
,Ogólnopolska,,,,PL-B-XX-017,B6,Smoke.pl / Smoke Shop,PL,Łódź,"Al. Marsz. Józefa Piłsudskiego 15/23, 90-307 Łódź, Polska",,,https://smoke.pl,,,+48 452 454 726,,,,,hurtownik,,,,średni,🟢,mix,2,średni,,,,intake_PL_2026-08-10 | https://smoke.pl,,🔍 2026-08-10 ⚠️ DO-WERYFIKACJI (API),orig_uzasadnienie: Kanał sąsiedni z bazą klientów zainteresowanych produktami nikotynowymi; zasięg ponadregionalny. | orig_uwagi: Nie potwierdzone | Status źródłowy: Niezweryfikowany | orig_next: Dodać do kampanii regionalnej i wykonać follow-up telefoniczny | user_orig_priorytet='B — kampania regionalna' | user_orig_score=70 | user_orig_segment='S4 — Vape/e-papierosy',duży
PD,podlaskie,województwo,,,PL-B-PD-003,B8,"Zefir Sp. z o.o. — hurtownia papierosów, chemii gospodarczej i kosmetyków",PL,Białystok,"ul. Jagienki 4, Białystok",,,https://www.zefirhurt.com.pl,,,,,,,,reseller,,,,średni,🟢,B2B only,5,wysoki,,,,intake_PL_2026-08-10 | https://www.pkt.pl/szukaj/hurtownia-papierosow | https://www.zefirhurt.com.pl,,🔍 2026-08-10 ⚠️ DO-WERYFIKACJI (API),orig_uzasadnienie: Dostęp do sklepów tytoniowych i tradycyjnego handlu. | orig_uwagi: Status źródłowy: Do weryfikacji — katalog | orig_next: Dodać do kampanii regionalnej i wykonać follow-up telefoniczny | user_orig_priorytet='B — kampania regionalna' | user_orig_score=70 | user_orig_segment='S2 — Hurtownie tytoniowe/FMCG',duży
LU,lubelskie,województwo,,,PL-B-LU-004,B8,Wojmar s.c.,PL,,,,,,,wojmarsc1@gmail.com,514 183 2xx,,,,,reseller,,,,,🔴,B2B only,5,wysoki,,,,intake_PL_2026-08-10 (user_score=69),,🔍 2026-08-10 ⚠️ DO-WERYFIKACJI (API),orig_uzasadnienie: Dostęp do sklepów tytoniowych i tradycyjnego handlu. | orig_uwagi: Z listy BISTA | orig_next: Dodać do kampanii regionalnej i wykonać follow-up telefoniczny | user_orig_priorytet='B — kampania regionalna' | user_orig_score=69 | user_orig_segment='S2 — Hurtownie tytoniowe/FMCG',duży
,Nieustalony,,,,PL-B-XX-018,B8,TOBACCO CONCEPT FACTORY,PL,,,,,,,biuro@tcfgroup.eu,508 101 7xx,,,,,reseller,,,,,🔴,B2B only,5,wysoki,,,,intake_PL_2026-08-10 (user_score=69),,🔍 2026-08-10 ⚠️ DO-WERYFIKACJI (API),orig_uzasadnienie: Dostęp do sklepów tytoniowych i tradycyjnego handlu. | orig_uwagi: Z listy BISTA; kujawsko-pomorskie i małopolskie | orig_next: Dodać do kampanii regionalnej i wykonać follow-up telefoniczny | user_orig_priorytet='B — kampania regionalna' | user_orig_score=69 | user_orig_segment='S2 — Hurtownie tytoniowe/FMCG',duży
LU,lubelskie,województwo,,,PL-B-LU-005,B8,P.H.U. TRANS,PL,,,,,,,phnatiuk@wp.pl,504 392 4xx,,,,,reseller,,,,,🔴,B2B only,5,wysoki,,,,intake_PL_2026-08-10 (user_score=69),,🔍 2026-08-10 ⚠️ DO-WERYFIKACJI (API),orig_uzasadnienie: Dostęp do sklepów tytoniowych i tradycyjnego handlu. | orig_uwagi: Z listy BISTA | orig_next: Dodać do kampanii regionalnej i wykonać follow-up telefoniczny | user_orig_priorytet='B — kampania regionalna' | user_orig_score=69 | user_orig_segment='S2 — Hurtownie tytoniowe/FMCG',duży
LU,lubelskie,województwo,,,PL-B-LU-006,B8,MATPIO Mariusz Wieliczko,PL,,,,,,,wieli@o2.pl,609 774 7xx,,,,,reseller,,,,,🔴,B2B only,5,wysoki,,,,intake_PL_2026-08-10 (user_score=69),,🔍 2026-08-10 ⚠️ DO-WERYFIKACJI (API),orig_uzasadnienie: Dostęp do sklepów tytoniowych i tradycyjnego handlu. | orig_uwagi: Z listy BISTA | orig_next: Dodać do kampanii regionalnej i wykonać follow-up telefoniczny | user_orig_priorytet='B — kampania regionalna' | user_orig_score=69 | user_orig_segment='S2 — Hurtownie tytoniowe/FMCG',duży
PM,pomorskie,województwo,,,PL-B-PM-003,B8,JABA Firma Handlowa,PL,,,,,,,jbalcer352@gmail.com,604 680 xxx,,,,,reseller,,,,,🔴,B2B only,5,wysoki,,,,intake_PL_2026-08-10 (user_score=69),,🔍 2026-08-10 ⚠️ DO-WERYFIKACJI (API),orig_uzasadnienie: Dostęp do sklepów tytoniowych i tradycyjnego handlu. | orig_uwagi: Z listy BISTA | orig_next: Dodać do kampanii regionalnej i wykonać follow-up telefoniczny | user_orig_priorytet='B — kampania regionalna' | user_orig_score=69 | user_orig_segment='S2 — Hurtownie tytoniowe/FMCG',duży
SL,śląskie,województwo,,,PL-B-SL-003,B4,Świat Alkoholi,PL,Mikołów,"Krakowska 11, 43-196 Mikołów, Polska",,,http://www.swiatalkoholipolska.pl/sklepy/swiat-alkoholi-mikolow,,,+48 32 738 08 93,,,,,reseller,,,,,🔴,mix,3,średni,,,,intake_PL_2026-08-10 | http://www.swiatalkoholipolska.pl/sklepy/swiat-alkoholi-mikolow,,🔍 2026-08-10 ⚠️ DO-WERYFIKACJI (API),orig_uzasadnienie: Sprzedaż komplementarnych akcesoriów dla palaczy. | orig_uwagi: Status źródłowy: Niezweryfikowany | orig_next: Dodać do kampanii regionalnej i wykonać follow-up telefoniczny | user_orig_priorytet='B — kampania regionalna' | user_orig_score=69 | user_orig_segment='S3 — Akcesoria dla palaczy/headshop',duży
KP,kujawsko-pomorskie,województwo,,,PL-B-KP-003,B4,Trafika Tabak IQOS Partner,PL,Inowrocław,"Poznańska 100, 88-100 Inowrocław, Polska",,,http://www.tabakpolska.com.pl,,,+48 516 187 681,,,,,reseller,,,,,🔴,mix,3,średni,,,,intake_PL_2026-08-10 | http://www.tabakpolska.com.pl,,🔍 2026-08-10 ⚠️ DO-WERYFIKACJI (API),orig_uzasadnienie: Sprzedaż komplementarnych akcesoriów dla palaczy. | orig_uwagi: Status źródłowy: Niezweryfikowany | orig_next: Dodać do kampanii regionalnej i wykonać follow-up telefoniczny | user_orig_priorytet='B — kampania regionalna' | user_orig_score=69 | user_orig_segment='S3 — Akcesoria dla palaczy/headshop',duży
MA,małopolskie,województwo,,,PL-B-MA-002,B4,Tobacco Trading International Poland Sp. z o.o.,PL,Modlnica,"Częstochowska 38, 32-085 Modlnica, Polska",,,http://ttipoland.pl,,,+48 12 420 91 30,,,,,reseller,,,,,🔴,mix,3,średni,,,,intake_PL_2026-08-10 | http://ttipoland.pl,,🔍 2026-08-10 ⚠️ DO-WERYFIKACJI (API),orig_uzasadnienie: Sprzedaż komplementarnych akcesoriów dla palaczy. | orig_uwagi: Status źródłowy: Niezweryfikowany | orig_next: Dodać do kampanii regionalnej i wykonać follow-up telefoniczny | user_orig_priorytet='B — kampania regionalna' | user_orig_score=69 | user_orig_segment='S3 — Akcesoria dla palaczy/headshop',duży
SK,świętokrzyskie,województwo,,,PL-B-SK-002,B4,Teks S.A.,PL,Radom,"Biznesowa 8, 26-600 Radom, Polska",,,http://www.tekssa.pl,,,+48 48 365 25 07,,,,,reseller,,,,,🔴,mix,3,średni,,,,intake_PL_2026-08-10 | http://www.tekssa.pl,,🔍 2026-08-10 ⚠️ DO-WERYFIKACJI (API),orig_uzasadnienie: Sprzedaż komplementarnych akcesoriów dla palaczy. | orig_uwagi: Status źródłowy: Niezweryfikowany | orig_next: Dodać do kampanii regionalnej i wykonać follow-up telefoniczny | user_orig_priorytet='B — kampania regionalna' | user_orig_score=69 | user_orig_segment='S3 — Akcesoria dla palaczy/headshop',duży
MA,małopolskie,województwo,,,PL-B-MA-003,B4,Supra - Papierosy dla klientów hurtowych,PL,Nowy Targ,"Ludźmierska 29, 34-400 Nowy Targ, Polska",,,https://e-supra.pl,,,+48 600 336 100,,,,,reseller,,,,,🔴,mix,3,średni,,,,intake_PL_2026-08-10 | https://e-supra.pl,,🔍 2026-08-10 ⚠️ DO-WERYFIKACJI (API),orig_uzasadnienie: Sprzedaż komplementarnych akcesoriów dla palaczy. | orig_uwagi: Status źródłowy: Niezweryfikowany | orig_next: Dodać do kampanii regionalnej i wykonać follow-up telefoniczny | user_orig_priorytet='B — kampania regionalna' | user_orig_score=69 | user_orig_segment='S3 — Akcesoria dla palaczy/headshop',duży
MZ,mazowieckie,województwo,,,PL-B-MZ-005,B4,"Sklep po schodkach - piwo, wino, tanie papierosy",PL,Warszawa,"Zamieniecka 92, 04-158 Warszawa, Polska",,,http://www.profinanceline.pl,,,+48 518 985 675,,,,,reseller,,,,,🔴,mix,3,średni,,,,intake_PL_2026-08-10 | http://www.profinanceline.pl,,🔍 2026-08-10 ⚠️ DO-WERYFIKACJI (API),orig_uzasadnienie: Sprzedaż komplementarnych akcesoriów dla palaczy. | orig_uwagi: Status źródłowy: Niezweryfikowany | orig_next: Dodać do kampanii regionalnej i wykonać follow-up telefoniczny | user_orig_priorytet='B — kampania regionalna' | user_orig_score=69 | user_orig_segment='S3 — Akcesoria dla palaczy/headshop',duży
MZ,mazowieckie,województwo,,,PL-B-MZ-006,B4,Sherlock Trafika,PL,Warszawa,"Centrum LIM hotelu Marriott (podziemia) poziom -1, Al. Jerozolimskie 65/79, 00-697 Warszawa, Polska",,,http://sherlocktrafika.pl,,,+48 606 163 537,,,,,reseller,,,,,🔴,mix,3,średni,,,,intake_PL_2026-08-10 | http://sherlocktrafika.pl,,🔍 2026-08-10 ⚠️ DO-WERYFIKACJI (API),orig_uzasadnienie: Sprzedaż komplementarnych akcesoriów dla palaczy. | orig_uwagi: Status źródłowy: Niezweryfikowany | orig_next: Dodać do kampanii regionalnej i wykonać follow-up telefoniczny | user_orig_priorytet='B — kampania regionalna' | user_orig_score=69 | user_orig_segment='S3 — Akcesoria dla palaczy/headshop',duży
SL,śląskie,województwo,,,PL-B-SL-004,B4,Selgros,PL,Bytom,"Chorzowska 88a, 41-910 Bytom, Polska",,,http://www.selgros.pl,,,+48 32 768 80 00,,,,,reseller,,,,,🔴,mix,3,średni,,,,intake_PL_2026-08-10 | http://www.selgros.pl,,🔍 2026-08-10 ⚠️ DO-WERYFIKACJI (API),orig_uzasadnienie: Sprzedaż komplementarnych akcesoriów dla palaczy. | orig_uwagi: Status źródłowy: Niezweryfikowany | orig_next: Dodać do kampanii regionalnej i wykonać follow-up telefoniczny | user_orig_priorytet='B — kampania regionalna' | user_orig_score=69 | user_orig_segment='S3 — Akcesoria dla palaczy/headshop',duży
DS,dolnośląskie,województwo,,,PL-B-DS-001,B4,SOFLY,PL,Świdnica,"Westerplatte 18, 58-100 Świdnica, Polska",,,https://sofly.club,,,+48 531 263 336,,,,,reseller,,,,,🔴,mix,3,średni,,,,intake_PL_2026-08-10 | https://sofly.club,,🔍 2026-08-10 ⚠️ DO-WERYFIKACJI (API),orig_uzasadnienie: Sprzedaż komplementarnych akcesoriów dla palaczy. | orig_uwagi: Status źródłowy: Niezweryfikowany | orig_next: Dodać do kampanii regionalnej i wykonać follow-up telefoniczny | user_orig_priorytet='B — kampania regionalna' | user_orig_score=69 | user_orig_segment='S3 — Akcesoria dla palaczy/headshop',duży
MA,małopolskie,województwo,,,PL-B-MA-004,B4,SAT Tomasz Sromek,PL,Nowy Sącz,"Romana Stramki 8/10, 33-300 Nowy Sącz, Polska",,,http://hurtowniasat.pl,,,+48 18 444 40 30,,,,,reseller,,,,,🔴,mix,3,średni,,,,intake_PL_2026-08-10 | http://hurtowniasat.pl,,🔍 2026-08-10 ⚠️ DO-WERYFIKACJI (API),orig_uzasadnienie: Sprzedaż komplementarnych akcesoriów dla palaczy. | orig_uwagi: Status źródłowy: Niezweryfikowany | orig_next: Dodać do kampanii regionalnej i wykonać follow-up telefoniczny | user_orig_priorytet='B — kampania regionalna' | user_orig_score=69 | user_orig_segment='S3 — Akcesoria dla palaczy/headshop',duży
PD,podlaskie,województwo,,,PL-B-PD-004,B4,Redo Sp. z o.o. Hurtownia alkoholu,PL,Augustów,"Tytoniowa 10, 16-300 Augustów, Polska",,,"http://www.redo.pl/?pl,kontakt",,,+48 87 643 23 62,,,,,reseller,,,,,🔴,mix,3,średni,,,,"intake_PL_2026-08-10 | http://www.redo.pl/?pl,kontakt",,🔍 2026-08-10 ⚠️ DO-WERYFIKACJI (API),orig_uzasadnienie: Sprzedaż komplementarnych akcesoriów dla palaczy. | orig_uwagi: Status źródłowy: Niezweryfikowany | orig_next: Dodać do kampanii regionalnej i wykonać follow-up telefoniczny | user_orig_priorytet='B — kampania regionalna' | user_orig_score=69 | user_orig_segment='S3 — Akcesoria dla palaczy/headshop',duży
KP,kujawsko-pomorskie,województwo,,,PL-B-KP-004,B4,Polska Grupa Tytoniowa,PL,Bydgoszcz,"Pińczowska 8, 85-877 Bydgoszcz, Polska",,,http://www.b2b.katalogpgt.pl,,,+48 502 494 942,,,,,reseller,,,,,🔴,mix,3,średni,,,,intake_PL_2026-08-10 | http://www.b2b.katalogpgt.pl,,🔍 2026-08-10 ⚠️ DO-WERYFIKACJI (API),orig_uzasadnienie: Sprzedaż komplementarnych akcesoriów dla palaczy. | orig_uwagi: Status źródłowy: Niezweryfikowany | orig_next: Dodać do kampanii regionalnej i wykonać follow-up telefoniczny | user_orig_priorytet='B — kampania regionalna' | user_orig_score=69 | user_orig_segment='S3 — Akcesoria dla palaczy/headshop',duży
OP,opolskie,województwo,,,PL-B-OP-003,B4,PHUP Gniezno Szeszycki sp.k.,PL,Gniezno,"Orcholska 41, 62-200 Gniezno, Polska",,,http://www.phupgniezno.pl,,,+48 512 984 347,,,,,reseller,,,,,🔴,mix,3,średni,,,,intake_PL_2026-08-10 | http://www.phupgniezno.pl,,🔍 2026-08-10 ⚠️ DO-WERYFIKACJI (API),orig_uzasadnienie: Sprzedaż komplementarnych akcesoriów dla palaczy. | orig_uwagi: Status źródłowy: Niezweryfikowany | orig_next: Dodać do kampanii regionalnej i wykonać follow-up telefoniczny | user_orig_priorytet='B — kampania regionalna' | user_orig_score=69 | user_orig_segment='S3 — Akcesoria dla palaczy/headshop',duży
DS,dolnośląskie,województwo,,,PL-B-DS-002,B4,P.H Mars sp.j,PL,Kamienna Góra,"58-400 Kamienna Góra, Polska",,,https://hurtowniamars.pl,,,+48 75 744 38 77,,,,,reseller,,,,,🔴,mix,3,średni,,,,intake_PL_2026-08-10 | https://hurtowniamars.pl,,🔍 2026-08-10 ⚠️ DO-WERYFIKACJI (API),orig_uzasadnienie: Sprzedaż komplementarnych akcesoriów dla palaczy. | orig_uwagi: Status źródłowy: Niezweryfikowany | orig_next: Dodać do kampanii regionalnej i wykonać follow-up telefoniczny | user_orig_priorytet='B — kampania regionalna' | user_orig_score=69 | user_orig_segment='S3 — Akcesoria dla palaczy/headshop',duży
MA,małopolskie,województwo,,,PL-B-MA-005,B4,Mona hurtownia papierosów,PL,Kraków,"Saska 27, 30-720 Kraków, Polska",,,http://www.mona.com.pl,,,+48 697 590 090,,,,,reseller,,,,,🔴,mix,3,średni,,,,intake_PL_2026-08-10 | http://www.mona.com.pl,,🔍 2026-08-10 ⚠️ DO-WERYFIKACJI (API),orig_uzasadnienie: Sprzedaż komplementarnych akcesoriów dla palaczy. | orig_uwagi: Status źródłowy: Niezweryfikowany | orig_next: Dodać do kampanii regionalnej i wykonać follow-up telefoniczny | user_orig_priorytet='B — kampania regionalna' | user_orig_score=69 | user_orig_segment='S3 — Akcesoria dla palaczy/headshop',duży
LU,lubelskie,województwo,,,PL-B-LU-008,B4,Lever Hurtownia Alkoholu i Papierosów,PL,Kraśnik,"Kolejowa 8, 23-200 Kraśnik, Polska",,,https://leverkrasnik.pl,,,+48 81 825 02 17,,,,,reseller,,,,,🔴,mix,3,średni,,,,intake_PL_2026-08-10 | https://leverkrasnik.pl,,🔍 2026-08-10 ⚠️ DO-WERYFIKACJI (API),orig_uzasadnienie: Sprzedaż komplementarnych akcesoriów dla palaczy. | orig_uwagi: Status źródłowy: Niezweryfikowany | orig_next: Dodać do kampanii regionalnej i wykonać follow-up telefoniczny | user_orig_priorytet='B — kampania regionalna' | user_orig_score=69 | user_orig_segment='S3 — Akcesoria dla palaczy/headshop',duży
PM,pomorskie,województwo,,,PL-B-PM-004,B4,JUKA AKCESORIA TYTONIOWE JACEK MULARCZYK,PL,Gdańsk,"Jabłoniowa 56B, 80-175 Gdańsk, Polska",,,https://jukaakcesoria.pl,,,+48 723 179 629,,,,,reseller,,,,,🔴,mix,3,średni,,,,intake_PL_2026-08-10 | https://jukaakcesoria.pl,,🔍 2026-08-10 ⚠️ DO-WERYFIKACJI (API),orig_uzasadnienie: Sprzedaż komplementarnych akcesoriów dla palaczy. | orig_uwagi: Status źródłowy: Niezweryfikowany | orig_next: Dodać do kampanii regionalnej i wykonać follow-up telefoniczny | user_orig_priorytet='B — kampania regionalna' | user_orig_score=69 | user_orig_segment='S3 — Akcesoria dla palaczy/headshop',duży
KP,kujawsko-pomorskie,województwo,,,PL-B-KP-005,B4,Hurtownia Papiernicza GRAFIT,PL,Inowrocław,"Poznańska 223, 88-100 Inowrocław, Polska",,,http://hpgrafit.pl,,,+48 52 391 24 17,,,,,reseller,,,,,🔴,mix,3,średni,,,,intake_PL_2026-08-10 | http://hpgrafit.pl,,🔍 2026-08-10 ⚠️ DO-WERYFIKACJI (API),orig_uzasadnienie: Sprzedaż komplementarnych akcesoriów dla palaczy. | orig_uwagi: Status źródłowy: Niezweryfikowany | orig_next: Dodać do kampanii regionalnej i wykonać follow-up telefoniczny | user_orig_priorytet='B — kampania regionalna' | user_orig_score=69 | user_orig_segment='S3 — Akcesoria dla palaczy/headshop',duży
MZ,mazowieckie,województwo,,,PL-B-MZ-007,B4,Hurtownia Centrum Wiesław Sacharski,PL,Ostrołęka,"Targowa 39G, 07-410 Ostrołęka, Polska",,,https://centrum-ws.pl,,,+48 29 766 42 22,,,,,reseller,,,,,🔴,mix,3,średni,,,,intake_PL_2026-08-10 | https://centrum-ws.pl,,🔍 2026-08-10 ⚠️ DO-WERYFIKACJI (API),orig_uzasadnienie: Sprzedaż komplementarnych akcesoriów dla palaczy. | orig_uwagi: Status źródłowy: Niezweryfikowany | orig_next: Dodać do kampanii regionalnej i wykonać follow-up telefoniczny | user_orig_priorytet='B — kampania regionalna' | user_orig_score=69 | user_orig_segment='S3 — Akcesoria dla palaczy/headshop',duży
KP,kujawsko-pomorskie,województwo,,,PL-B-KP-006,B4,Hero Sp. z o.o. PW. Hurtownia nabiałowo - spożywcza,PL,Nakło Nad Notecią,"Przecznica 1, 89-100 Nakło nad Notecią, Polska",,,http://www.hurtowniahero.pl,,,+48 52 385 42 04,,,,,reseller,,,,,🔴,mix,3,średni,,,,intake_PL_2026-08-10 | http://www.hurtowniahero.pl,,🔍 2026-08-10 ⚠️ DO-WERYFIKACJI (API),orig_uzasadnienie: Sprzedaż komplementarnych akcesoriów dla palaczy. | orig_uwagi: Status źródłowy: Niezweryfikowany | orig_next: Dodać do kampanii regionalnej i wykonać follow-up telefoniczny | user_orig_priorytet='B — kampania regionalna' | user_orig_score=69 | user_orig_segment='S3 — Akcesoria dla palaczy/headshop',duży
MA,małopolskie,województwo,,,PL-B-MA-006,B4,Frega Hurtownia Papierosów Oddział Tarnów,PL,Tarnów,"Czerwona 54A, 33-100 Tarnów, Polska",,,http://frega.com.pl,,,+48 14 626 87 17,,,,,reseller,,,,,🔴,mix,3,średni,,,,intake_PL_2026-08-10 | http://frega.com.pl,,🔍 2026-08-10 ⚠️ DO-WERYFIKACJI (API),orig_uzasadnienie: Sprzedaż komplementarnych akcesoriów dla palaczy. | orig_uwagi: Status źródłowy: Niezweryfikowany | orig_next: Dodać do kampanii regionalnej i wykonać follow-up telefoniczny | user_orig_priorytet='B — kampania regionalna' | user_orig_score=69 | user_orig_segment='S3 — Akcesoria dla palaczy/headshop',duży
MA,małopolskie,województwo,,,PL-B-MA-007,B4,Firma Handlowa Mariusz Kawa,PL,Tarnów,"Spokojna 20C, 33-100 Tarnów, Polska",,,http://www.squashtarnow.pl,,,+48 14 629 52 52,,,,,reseller,,,,,🔴,mix,3,średni,,,,intake_PL_2026-08-10 | http://www.squashtarnow.pl,,🔍 2026-08-10 ⚠️ DO-WERYFIKACJI (API),orig_uzasadnienie: Sprzedaż komplementarnych akcesoriów dla palaczy. | orig_uwagi: Status źródłowy: Niezweryfikowany | orig_next: Dodać do kampanii regionalnej i wykonać follow-up telefoniczny | user_orig_priorytet='B — kampania regionalna' | user_orig_score=69 | user_orig_segment='S3 — Akcesoria dla palaczy/headshop',duży
PD,podlaskie,województwo,,,PL-B-PD-005,B4,FLAJ | Sklep i Hurtownia w Augustowie,PL,Augustów,"Tytoniowa 7, 16-300 Augustów, Polska",,,https://flaj.com.pl,,,+48 87 644 53 58,,,,,reseller,,,,,🔴,mix,3,średni,,,,intake_PL_2026-08-10 | https://flaj.com.pl,,🔍 2026-08-10 ⚠️ DO-WERYFIKACJI (API),orig_uzasadnienie: Sprzedaż komplementarnych akcesoriów dla palaczy. | orig_uwagi: Status źródłowy: Niezweryfikowany | orig_next: Dodać do kampanii regionalnej i wykonać follow-up telefoniczny | user_orig_priorytet='B — kampania regionalna' | user_orig_score=69 | user_orig_segment='S3 — Akcesoria dla palaczy/headshop',duży
OP,opolskie,województwo,,,PL-B-OP-004,B4,Eurocash Cash & Carry Wągrowiec - Hurtownia spożywcza,PL,Wągrowiec,"Gnieźnieńska 72, 62-100 Wągrowiec, Polska",,,https://hurtownie.eurocash.pl/kontakt/mapa-hurtowni/hurtownie.html?provinceId=8&cityId=112,,,+48 67 268 52 12,,,,,reseller,,,,,🔴,mix,3,średni,,,,intake_PL_2026-08-10 | https://hurtownie.eurocash.pl/kontakt/mapa-hurtowni/hurtownie.html?provinceId=8&cityId=112,,🔍 2026-08-10 ⚠️ DO-WERYFIKACJI (API),orig_uzasadnienie: Sprzedaż komplementarnych akcesoriów dla palaczy. | orig_uwagi: Status źródłowy: Niezweryfikowany | orig_next: Dodać do kampanii regionalnej i wykonać follow-up telefoniczny | user_orig_priorytet='B — kampania regionalna' | user_orig_score=69 | user_orig_segment='S3 — Akcesoria dla palaczy/headshop',duży
KP,kujawsko-pomorskie,województwo,,,PL-B-KP-007,B4,Elroy sp.j. Biuro handlowe,PL,Włocławek,"Wojska Polskiego 18A, 87-810 Włocławek, Polska",,,http://www.elroy.pl,,,+48 54 231 17 10,,,,,reseller,,,,,🔴,mix,3,średni,,,,intake_PL_2026-08-10 | http://www.elroy.pl,,🔍 2026-08-10 ⚠️ DO-WERYFIKACJI (API),orig_uzasadnienie: Sprzedaż komplementarnych akcesoriów dla palaczy. | orig_uwagi: Status źródłowy: Niezweryfikowany | orig_next: Dodać do kampanii regionalnej i wykonać follow-up telefoniczny | user_orig_priorytet='B — kampania regionalna' | user_orig_score=69 | user_orig_segment='S3 — Akcesoria dla palaczy/headshop',duży
MZ,mazowieckie,województwo,,,PL-B-MZ-008,B4,Carmen Polska Sp. z o.o.,PL,Warszawa,"Łopuszańska 24D, 02-220 Warszawa, Polska",,,http://carmen.biz.pl,,,+48 22 868 14 49,,,,,reseller,,,,,🔴,mix,3,średni,,,,intake_PL_2026-08-10 | http://carmen.biz.pl,,🔍 2026-08-10 ⚠️ DO-WERYFIKACJI (API),orig_uzasadnienie: Sprzedaż komplementarnych akcesoriów dla palaczy. | orig_uwagi: Status źródłowy: Niezweryfikowany | orig_next: Dodać do kampanii regionalnej i wykonać follow-up telefoniczny | user_orig_priorytet='B — kampania regionalna' | user_orig_score=69 | user_orig_segment='S3 — Akcesoria dla palaczy/headshop',duży
KP,kujawsko-pomorskie,województwo,,,PL-B-KP-008,B4,ASW Trafika,PL,Bydgoszcz,"Jeremiego Przybory 1G, 85-791 Bydgoszcz, Polska",,,https://web.facebook.com/ASW-Trafika-Sklep-Tytoniowy-486411178214372,,,+48 730 720 551,,,,,reseller,,,,,🔴,mix,3,średni,,,,intake_PL_2026-08-10 | https://web.facebook.com/ASW-Trafika-Sklep-Tytoniowy-486411178214372,,🔍 2026-08-10 ⚠️ DO-WERYFIKACJI (API),orig_uzasadnienie: Sprzedaż komplementarnych akcesoriów dla palaczy. | orig_uwagi: Status źródłowy: Niezweryfikowany | orig_next: Dodać do kampanii regionalnej i wykonać follow-up telefoniczny | user_orig_priorytet='B — kampania regionalna' | user_orig_score=69 | user_orig_segment='S3 — Akcesoria dla palaczy/headshop',duży
PM,pomorskie,województwo,,,PL-B-PM-005,B4,"ABC. Hurtownia papierosów, art. chemiczno - kosmetyczno - higienicznych, Krówka Kaszubska",PL,Władysławowo,"Harcerska 8, 84-120 Władysławowo, Polska",,,http://www.hurtabc.pl,,,+48 58 674 24 40,,,,,reseller,,,,,🔴,mix,3,średni,,,,intake_PL_2026-08-10 | http://www.hurtabc.pl,,🔍 2026-08-10 ⚠️ DO-WERYFIKACJI (API),orig_uzasadnienie: Sprzedaż komplementarnych akcesoriów dla palaczy. | orig_uwagi: Status źródłowy: Niezweryfikowany | orig_next: Dodać do kampanii regionalnej i wykonać follow-up telefoniczny | user_orig_priorytet='B — kampania regionalna' | user_orig_score=69 | user_orig_segment='S3 — Akcesoria dla palaczy/headshop',duży
OP,opolskie,województwo,,,PL-B-OP-005,B6,Liquider Poland Sp. z o.o. Sp.k.,PL,Jasin,"ul. Poznańska 21, 62-020 Jasin",,,https://b2b.liquider.pl,,b2b@liquider.pl,+48 694 577 879,,,,,producent,,,,duży,🟢,B2B only,2,średni,,,,intake_PL_2026-08-10 | https://b2b.liquider.pl/o-nas | https://liquider.eu/ | https://b2b.liquider.pl,,🔍 2026-08-10 ⚠️ DO-WERYFIKACJI (API),orig_uzasadnienie: Kanał sąsiedni z bazą klientów zainteresowanych produktami nikotynowymi. | orig_uwagi: Status źródłowy: Zweryfikowany — aktywna strona/B2B | orig_next: Dodać do kampanii regionalnej i wykonać follow-up telefoniczny | user_orig_priorytet='B — kampania regionalna' | user_orig_score=68 | user_orig_segment='S4 — Vape/e-papierosy',duży
WM,warmińsko-mazurskie,województwo,,,PL-B-WM-001,B8,Hurtownia papierosów — Szczytno,PL,Szczytno,"ul. Osuchowskiego 15, Szczytno",,,,,,+48 89 624 07 57,,,,,reseller,,,,średni,🟡,B2B only,5,wysoki,,,,intake_PL_2026-08-10 | https://www.pkt.pl/szukaj/hurtownia-papierosow,,🔍 2026-08-10 ⚠️ DO-WERYFIKACJI (API),orig_uzasadnienie: Dostęp do sklepów tytoniowych i tradycyjnego handlu. | orig_uwagi: Status źródłowy: Do weryfikacji — katalog | orig_next: Dodać do kampanii regionalnej i wykonać follow-up telefoniczny | user_orig_priorytet='B — kampania regionalna' | user_orig_score=68 | user_orig_segment='S2 — Hurtownie tytoniowe/FMCG',duży
LB,lubuskie,województwo,,,PL-B-LB-003,B8,Hurtownia papierosów — Mostki,PL,Mostki,Mostki 15,,,,,,+48 68 381 12 26,,,,,reseller,,,,średni,🟡,B2B only,5,wysoki,,,,intake_PL_2026-08-10 | https://www.pkt.pl/szukaj/hurtownia-papierosow,,🔍 2026-08-10 ⚠️ DO-WERYFIKACJI (API),orig_uzasadnienie: Dostęp do sklepów tytoniowych i tradycyjnego handlu. | orig_uwagi: Status źródłowy: Do weryfikacji — katalog | orig_next: Dodać do kampanii regionalnej i wykonać follow-up telefoniczny | user_orig_priorytet='B — kampania regionalna' | user_orig_score=68 | user_orig_segment='S2 — Hurtownie tytoniowe/FMCG',duży
LD,łódzkie,województwo,,,PL-B-LD-003,B8,Hurtownia papierosów — Koluszki,PL,Koluszki,"ul. Sikorskiego 11, Koluszki",,,,,,+48 601 153 355,,,,,reseller,,,,średni,🟡,B2B only,5,wysoki,,,,intake_PL_2026-08-10 | https://www.pkt.pl/szukaj/hurtownia-papierosow,,🔍 2026-08-10 ⚠️ DO-WERYFIKACJI (API),orig_uzasadnienie: Dostęp do sklepów tytoniowych i tradycyjnego handlu. | orig_uwagi: Status źródłowy: Do weryfikacji — katalog | orig_next: Dodać do kampanii regionalnej i wykonać follow-up telefoniczny | user_orig_priorytet='B — kampania regionalna' | user_orig_score=68 | user_orig_segment='S2 — Hurtownie tytoniowe/FMCG',duży
SL,śląskie,województwo,,,PL-B-SL-005,B8,Hurtownia papierosów — Czerwionka-Leszczyny,PL,Czerwionka-Leszczyny,"ul. Kwiatowa 17, Czerwionka-Leszczyny",,,,,,+48 32 431 37 62,,,,,reseller,,,,średni,🟡,B2B only,5,wysoki,,,,intake_PL_2026-08-10 | https://www.pkt.pl/szukaj/hurtownia-papierosow,,🔍 2026-08-10 ⚠️ DO-WERYFIKACJI (API),orig_uzasadnienie: Dostęp do sklepów tytoniowych i tradycyjnego handlu. | orig_uwagi: Status źródłowy: Do weryfikacji — katalog | orig_next: Dodać do kampanii regionalnej i wykonać follow-up telefoniczny | user_orig_priorytet='B — kampania regionalna' | user_orig_score=68 | user_orig_segment='S2 — Hurtownie tytoniowe/FMCG',duży
LD,łódzkie,województwo,,,PL-B-LD-004,B8,"EM — hurtownia papierosów, artykułów przemysłowych i spożywczych",PL,Łęczyca,"ul. Tumska, Łęczyca",,,,,,+48 24 721 22 97,,,,,reseller,,,,średni,🟡,B2B only,5,wysoki,,,,intake_PL_2026-08-10 | https://www.pkt.pl/szukaj/hurtownia-papierosow,,🔍 2026-08-10 ⚠️ DO-WERYFIKACJI (API),orig_uzasadnienie: Dostęp do sklepów tytoniowych i tradycyjnego handlu. | orig_uwagi: Status źródłowy: Do weryfikacji — katalog | orig_next: Dodać do kampanii regionalnej i wykonać follow-up telefoniczny | user_orig_priorytet='B — kampania regionalna' | user_orig_score=68 | user_orig_segment='S2 — Hurtownie tytoniowe/FMCG',duży
PM,pomorskie,województwo,,,PL-B-PM-006,B8,"Dzidek — Hurtownia papierosów, oddział Gdańsk",PL,Gdańsk,"ul. Kościuszki 116, Gdańsk",,,,,,+48 58 341 88 38,,,,,reseller,,,,średni,🟢,B2B only,5,wysoki,,,,intake_PL_2026-08-10 | https://www.pkt.pl/szukaj/hurtownia-papierosow,,🔍 2026-08-10 ⚠️ DO-WERYFIKACJI (API),"orig_uzasadnienie: Dostęp do sklepów tytoniowych i tradycyjnego handlu. | orig_uwagi: Dodano jako osobny lead, ponieważ w starszej bazie nazwa była ukryta w niepowiązanym polu name_alt. | Status źródłowy: Do weryfikacji — katalog | orig_next: Dodać do kampanii regionalnej i wykonać follow-up telefoniczny | user_orig_priorytet='B — kampania regionalna' | user_orig_score=68 | user_orig_segment='S2 — Hurtownie tytoniowe/FMCG'",duży
PM,pomorskie,województwo,,,PL-B-PM-007,B8,"ABC — Hurtownia papierosów, Z. Bonkowski",PL,Kościerzyna,"Rynek 8, Kościerzyna",,,,,,+48 58 686 33 02,,,,,reseller,,,,średni,🟡,B2B only,5,wysoki,,,,intake_PL_2026-08-10 | https://www.pkt.pl/szukaj/hurtownia-papierosow,,🔍 2026-08-10 ⚠️ DO-WERYFIKACJI (API),orig_uzasadnienie: Dostęp do sklepów tytoniowych i tradycyjnego handlu. | orig_uwagi: Status źródłowy: Do weryfikacji — katalog | orig_next: Dodać do kampanii regionalnej i wykonać follow-up telefoniczny | user_orig_priorytet='B — kampania regionalna' | user_orig_score=68 | user_orig_segment='S2 — Hurtownie tytoniowe/FMCG',duży
MZ,mazowieckie,województwo,,,PL-B-MZ-009,B8,Mewa Hurtownia Marciniak Jerzy,PL,Mińsk Mazowiecki,Mińsk Mazowiecki (Chełmońskiego 6),,,https://minskmaz.com/firmy/pap...,,,,,,,,reseller,,,,średni,🟢,mix,5,wysoki,,,,intake_PL_2026-08-10 | https://minskmaz.com/firmy/pap...,,🔍 2026-08-10 ⚠️ DO-WERYFIKACJI (API),orig_uzasadnienie: Dostęp do sklepów tytoniowych i tradycyjnego handlu. | orig_uwagi: Nie potwierdzone | Status źródłowy: Niezweryfikowany | orig_next: Dodać do kampanii regionalnej i wykonać follow-up telefoniczny | user_orig_priorytet='B — kampania regionalna' | user_orig_score=68 | user_orig_segment='S2 — Hurtownie tytoniowe/FMCG',duży
OP,opolskie,województwo,,,PL-B-OP-006,B8,KDWT S.A.,PL,Opole,Opole,,,https://biznesfinder.pl/opole/...,,,,,,,,reseller,,,,średni,🟢,mix,5,wysoki,,,,intake_PL_2026-08-10 | https://biznesfinder.pl/opole/...,,🔍 2026-08-10 ⚠️ DO-WERYFIKACJI (API),orig_uzasadnienie: Dostęp do sklepów tytoniowych i tradycyjnego handlu. | orig_uwagi: Nie potwierdzone | Status źródłowy: Niezweryfikowany | orig_next: Dodać do kampanii regionalnej i wykonać follow-up telefoniczny | user_orig_priorytet='B — kampania regionalna' | user_orig_score=68 | user_orig_segment='S2 — Hurtownie tytoniowe/FMCG',duży
LU,lubelskie,województwo,,,PL-B-LU-009,B8,JAR — Hurtownia Papierosów i Chemii Gospodarczej,PL,Lublin,Lublin (Zamenhofa 125 / Gazowa 9),,,https://w-lubelskie.pl/jar-hur...,,,,,,,,reseller,,,,średni,🟢,mix,5,wysoki,,,,intake_PL_2026-08-10 | https://w-lubelskie.pl/jar-hur...,,🔍 2026-08-10 ⚠️ DO-WERYFIKACJI (API),orig_uzasadnienie: Dostęp do sklepów tytoniowych i tradycyjnego handlu. | orig_uwagi: Nie potwierdzone | Status źródłowy: Niezweryfikowany | orig_next: Dodać do kampanii regionalnej i wykonać follow-up telefoniczny | user_orig_priorytet='B — kampania regionalna' | user_orig_score=68 | user_orig_segment='S2 — Hurtownie tytoniowe/FMCG',duży
DS,dolnośląskie,województwo,,,PL-B-DS-003,B8,Irba — Zakład Obrotu Towarowego,PL,Jelenia Góra,"Jelenia Góra (serves Głogów, Bolesławiec, Zgorzelec, Kłodzko)",,,https://gowork.pl/dyl-jaroslaw...,,,,,,,,reseller,,,,średni,🟢,mix,5,wysoki,,,,intake_PL_2026-08-10 | https://gowork.pl/dyl-jaroslaw...,,🔍 2026-08-10 ⚠️ DO-WERYFIKACJI (API),orig_uzasadnienie: Dostęp do sklepów tytoniowych i tradycyjnego handlu. | orig_uwagi: Nie potwierdzone | Status źródłowy: Niezweryfikowany | orig_next: Dodać do kampanii regionalnej i wykonać follow-up telefoniczny | user_orig_priorytet='B — kampania regionalna' | user_orig_score=68 | user_orig_segment='S2 — Hurtownie tytoniowe/FMCG',duży
LU,lubelskie,województwo,,,PL-B-LU-010,B8,Hurtownia Papierosów Mars,PL,Lublin,Lublin (Namysłowskiego 41),,,https://yelp.com/biz/hurtownia...,,,,,,,,reseller,,,,średni,🟢,mix,5,wysoki,,,,intake_PL_2026-08-10 | https://yelp.com/biz/hurtownia...,,🔍 2026-08-10 ⚠️ DO-WERYFIKACJI (API),orig_uzasadnienie: Dostęp do sklepów tytoniowych i tradycyjnego handlu. | orig_uwagi: Nie potwierdzone | Status źródłowy: Niezweryfikowany | orig_next: Dodać do kampanii regionalnej i wykonać follow-up telefoniczny | user_orig_priorytet='B — kampania regionalna' | user_orig_score=68 | user_orig_segment='S2 — Hurtownie tytoniowe/FMCG',duży
MA,małopolskie,województwo,,,PL-B-MA-008,B8,Dymek — Hurtownia Papierosów,PL,Kraków,Kraków,,,https://dymek.com.pl,,,,,,,,reseller,,,,średni,🟢,mix,5,wysoki,,,,intake_PL_2026-08-10 | https://dymek.com.pl,,🔍 2026-08-10 ⚠️ DO-WERYFIKACJI (API),orig_uzasadnienie: Dostęp do sklepów tytoniowych i tradycyjnego handlu. | orig_uwagi: Nie potwierdzone | Status źródłowy: Niezweryfikowany | orig_next: Dodać do kampanii regionalnej i wykonać follow-up telefoniczny | user_orig_priorytet='B — kampania regionalna' | user_orig_score=68 | user_orig_segment='S2 — Hurtownie tytoniowe/FMCG',duży
DS,dolnośląskie,województwo,,,PL-B-DS-004,B8,Czechomax,PL,Wrocław,Wrocław,,,https://czechomax.pl,,,,,,,,reseller,,,,średni,🟢,mix,5,wysoki,,,,intake_PL_2026-08-10 | https://czechomax.pl,,🔍 2026-08-10 ⚠️ DO-WERYFIKACJI (API),orig_uzasadnienie: Dostęp do sklepów tytoniowych i tradycyjnego handlu. | orig_uwagi: Nie potwierdzone | Status źródłowy: Niezweryfikowany | orig_next: Dodać do kampanii regionalnej i wykonać follow-up telefoniczny | user_orig_priorytet='B — kampania regionalna' | user_orig_score=68 | user_orig_segment='S2 — Hurtownie tytoniowe/FMCG',duży
PK,podkarpackie,województwo,,,PL-B-PK-001,B8,BESTMAR — Hurtownia Wielobranżowa,PL,Rzeszów,Rzeszów (Wspólna 4),,,https://agrohurtsa.pl/kontrahe...,,,,,,,,reseller,,,,średni,🟢,mix,5,wysoki,,,,intake_PL_2026-08-10 | https://agrohurtsa.pl/kontrahe...,,🔍 2026-08-10 ⚠️ DO-WERYFIKACJI (API),orig_uzasadnienie: Dostęp do sklepów tytoniowych i tradycyjnego handlu. | orig_uwagi: Nie potwierdzone | Status źródłowy: Niezweryfikowany | orig_next: Dodać do kampanii regionalnej i wykonać follow-up telefoniczny | user_orig_priorytet='B — kampania regionalna' | user_orig_score=68 | user_orig_segment='S2 — Hurtownie tytoniowe/FMCG',duży
KP,kujawsko-pomorskie,województwo,,,PL-B-KP-009,B8,Artus FHU,PL,Kujawsko-Pomorskie,Kujawsko-Pomorskie,,,https://pkt.pl/szukaj/hurtowni...,,,,,,,,reseller,,,,średni,🟢,mix,5,wysoki,,,,intake_PL_2026-08-10 | https://pkt.pl/szukaj/hurtowni...,,🔍 2026-08-10 ⚠️ DO-WERYFIKACJI (API),orig_uzasadnienie: Dostęp do sklepów tytoniowych i tradycyjnego handlu. | orig_uwagi: Nie potwierdzone | Status źródłowy: Niezweryfikowany | orig_next: Dodać do kampanii regionalnej i wykonać follow-up telefoniczny | user_orig_priorytet='B — kampania regionalna' | user_orig_score=68 | user_orig_segment='S2 — Hurtownie tytoniowe/FMCG',duży
PK,podkarpackie,województwo,,,PL-B-PK-002,B8,ANIA Sp. z o.o.,PL,Rzeszów,Rzeszów,,,https://ania.rze.pl,,,,,,,,reseller,,,,średni,🟢,mix,5,wysoki,,,,intake_PL_2026-08-10 | https://ania.rze.pl,,🔍 2026-08-10 ⚠️ DO-WERYFIKACJI (API),orig_uzasadnienie: Dostęp do sklepów tytoniowych i tradycyjnego handlu. | orig_uwagi: Nie potwierdzone | Status źródłowy: Niezweryfikowany | orig_next: Dodać do kampanii regionalnej i wykonać follow-up telefoniczny | user_orig_priorytet='B — kampania regionalna' | user_orig_score=68 | user_orig_segment='S2 — Hurtownie tytoniowe/FMCG',duży
MZ,mazowieckie,województwo,,,PL-B-MZ-010,B8,ADGAR Hurtownia,PL,Olsztyn,Mazowieckie,,,"https://hurtownie.pl/hurtownie,...",,,,,,,,reseller,,,,średni,🟢,mix,5,wysoki,,,,"intake_PL_2026-08-10 | https://hurtownie.pl/hurtownie,...",,🔍 2026-08-10 ⚠️ DO-WERYFIKACJI (API),orig_uzasadnienie: Dostęp do sklepów tytoniowych i tradycyjnego handlu. | orig_uwagi: Nie potwierdzone | Status źródłowy: Niezweryfikowany | orig_next: Dodać do kampanii regionalnej i wykonać follow-up telefoniczny | user_orig_priorytet='B — kampania regionalna' | user_orig_score=68 | user_orig_segment='S2 — Hurtownie tytoniowe/FMCG',duży
KP,kujawsko-pomorskie,województwo,,,PL-B-KP-010,B8,7&7 Hurtownia Wielobranżowa,PL,Rypin,Rypin,,,https://hurt77.pl/hurtownia,,,,,,,,reseller,,,,średni,🟢,mix,5,wysoki,,,,intake_PL_2026-08-10 | https://hurt77.pl/hurtownia,,🔍 2026-08-10 ⚠️ DO-WERYFIKACJI (API),orig_uzasadnienie: Dostęp do sklepów tytoniowych i tradycyjnego handlu. | orig_uwagi: Nie potwierdzone | Status źródłowy: Niezweryfikowany | orig_next: Dodać do kampanii regionalnej i wykonać follow-up telefoniczny | user_orig_priorytet='B — kampania regionalna' | user_orig_score=68 | user_orig_segment='S2 — Hurtownie tytoniowe/FMCG',duży
OP,opolskie,województwo,,,PL-B-OP-007,B8,"""Wir"" Hurtownia Papierosów i Kawy",PL,Strzelce Opolskie,Strzelce Opolskie (Pl. Targowy 9),,,"https://24opole.pl/21262,Wir._...",,,,,,,,reseller,,,,średni,🟢,mix,5,wysoki,,,,"intake_PL_2026-08-10 | https://24opole.pl/21262,Wir._...",,🔍 2026-08-10 ⚠️ DO-WERYFIKACJI (API),orig_uzasadnienie: Dostęp do sklepów tytoniowych i tradycyjnego handlu. | orig_uwagi: Nie potwierdzone | Status źródłowy: Niezweryfikowany | orig_next: Dodać do kampanii regionalnej i wykonać follow-up telefoniczny | user_orig_priorytet='B — kampania regionalna' | user_orig_score=68 | user_orig_segment='S2 — Hurtownie tytoniowe/FMCG',duży
,Ogólnopolska,,,,PL-B-XX-019,B8,Zas-Pol,PL,"Kraków, Poznań, Piła, Zielona Góra",,,,https://zas-pol.pl,,,,,,,,reseller,,,,średni,🟢,B2B only,5,wysoki,,,,intake_PL_2026-08-10 | https://zas-pol.pl,,🔍 2026-08-10 ⚠️ DO-WERYFIKACJI (API),orig_uzasadnienie: Dostęp do sklepów tytoniowych i tradycyjnego handlu; zasięg ponadregionalny. | orig_uwagi: Nie potwierdzone | orig_next: Dodać do kampanii regionalnej i wykonać follow-up telefoniczny | user_orig_priorytet='B — kampania regionalna' | user_orig_score=68 | user_orig_segment='S2 — Hurtownie tytoniowe/FMCG',duży
MA,małopolskie,województwo,,,PL-B-MA-009,B8,"SUŻYW Hurtownia artykułów spożywczych, alkoholi i papierosów",PL,Sucha Beskidzka,"ul. Nad Skawą 4, 34-200 Sucha Beskidzka",,,,,,,,,,,reseller,,,,średni,🟢,B2B only,5,wysoki,,,,intake_PL_2026-08-10 (user_score=67),,🔍 2026-08-10 ⚠️ DO-WERYFIKACJI (API),orig_uzasadnienie: Dostęp do sklepów tytoniowych i tradycyjnego handlu. | orig_uwagi: Lead regionalny; wymaga sprawdzenia CEIDG/KRS i telefonu. | Status źródłowy: Do weryfikacji — katalog | orig_next: Dodać do kampanii regionalnej i wykonać follow-up telefoniczny | user_orig_priorytet='B — kampania regionalna' | user_orig_score=67 | user_orig_segment='S2 — Hurtownie tytoniowe/FMCG',duży
PM,pomorskie,województwo,,,PL-B-PM-008,B8,KRYMAR Dystrybutor wyrobów tytoniowych,PL,Słupsk,"ul. Armii Krajowej 16, 76-200 Słupsk",,,,,,,,,,,reseller,,,,średni,🟢,B2B only,5,wysoki,,,,intake_PL_2026-08-10 (user_score=67),,🔍 2026-08-10 ⚠️ DO-WERYFIKACJI (API),orig_uzasadnienie: Dostęp do sklepów tytoniowych i tradycyjnego handlu. | orig_uwagi: Regionalny lead dystrybucyjny; brak potwierdzonej strony i danych rejestrowych. | Status źródłowy: Do weryfikacji — katalog | orig_next: Dodać do kampanii regionalnej i wykonać follow-up telefoniczny | user_orig_priorytet='B — kampania regionalna' | user_orig_score=67 | user_orig_segment='S2 — Hurtownie tytoniowe/FMCG',duży
SK,świętokrzyskie,województwo,,,PL-B-SK-003,B8,"Hurtownia KIM K. Krzemiński, M. Krzemiński, A. Chrząszcz Sp.j.",PL,Busko-Zdrój,"ul. Bohaterów Warszawy 106, 28-100 Busko-Zdrój",,,,,,,,,,,reseller,,,,średni,🟢,B2B only,5,wysoki,,,,intake_PL_2026-08-10 (user_score=67),,🔍 2026-08-10 ⚠️ DO-WERYFIKACJI (API),orig_uzasadnienie: Dostęp do sklepów tytoniowych i tradycyjnego handlu. | orig_uwagi: Lead regionalny do weryfikacji telefonicznej i rejestrowej. | Status źródłowy: Do weryfikacji — katalog | orig_next: Dodać do kampanii regionalnej i wykonać follow-up telefoniczny | user_orig_priorytet='B — kampania regionalna' | user_orig_score=67 | user_orig_segment='S2 — Hurtownie tytoniowe/FMCG',duży
SL,śląskie,województwo,,,PL-B-SL-006,B6,Hurtownia Papierosów Śląsk i Zagłębie,PL,"Katowice, Sosnowiec, Dąbrowa Górnicza, Siemianowice, Czeladź, Będzin","Modrzejowska 19, 41-250 Czeladź, Polska",,,https://hurtownia-papierosow.pl,,,+48 500 804 824,,,,,hurtownik,,,,średni,🟢,mix,2,średni,,,,intake_PL_2026-08-10 | https://hurtownia-papierosow.pl,,🔍 2026-08-10 ⚠️ DO-WERYFIKACJI (API),orig_uzasadnienie: Kanał sąsiedni z bazą klientów zainteresowanych produktami nikotynowymi. | orig_uwagi: Nie potwierdzone | Status źródłowy: Niezweryfikowany | orig_next: Dodać do kampanii regionalnej i wykonać follow-up telefoniczny | user_orig_priorytet='B — kampania regionalna' | user_orig_score=66 | user_orig_segment='S4 — Vape/e-papierosy',duży
SL,śląskie,województwo,,,PL-B-SL-007,B6,F.H. Alans — Hurtownia Artykułów Tytoniowych,PL,Ruda Śląska,Ruda Śląska (Pionierów 31),,,https://alans.pl,,,32 240 22 26,,,,,hurtownik,,,,średni,🟢,mix,2,średni,,,,intake_PL_2026-08-10 | https://alans.pl,,🔍 2026-08-10 ⚠️ DO-WERYFIKACJI (API),orig_uzasadnienie: Kanał sąsiedni z bazą klientów zainteresowanych produktami nikotynowymi. | orig_uwagi: Nie potwierdzone | Status źródłowy: Niezweryfikowany | orig_next: Dodać do kampanii regionalnej i wykonać follow-up telefoniczny | user_orig_priorytet='B — kampania regionalna' | user_orig_score=66 | user_orig_segment='S4 — Vape/e-papierosy',duży
MZ,mazowieckie,województwo,,,PL-B-MZ-011,B8,Drek Hurtownia Gilz,PL,Radom,,,,,,,504 083 360,,,,,reseller,,,,,🔴,B2B only,5,wysoki,,,,intake_PL_2026-08-10 (user_score=66),,🔍 2026-08-10 ⚠️ DO-WERYFIKACJI (API),orig_uzasadnienie: Dostęp do sklepów tytoniowych i tradycyjnego handlu; zasięg ponadregionalny. | orig_uwagi: Dostawy ogólnopolskie | orig_next: Dodać do kampanii regionalnej i wykonać follow-up telefoniczny | user_orig_priorytet='B — kampania regionalna' | user_orig_score=66 | user_orig_segment='S2 — Hurtownie tytoniowe/FMCG',duży
SK,świętokrzyskie,województwo,,,PL-B-SK-004,B8,VIVOPLAST,PL,Ostrowiec Świętokrzyski,"ul. Sienkiewicza 32, 27-400 Ostrowiec Świętokrzyski",,,"https://www.hurtownie.pl/hurtownie-wyroby-tytoniowe,10611.html?p=13",,,,,,,,reseller,,,,,🔴,B2B only,5,wysoki,,,,"intake_PL_2026-08-10 | https://www.hurtownie.pl/hurtownie-wyroby-tytoniowe,10611.html?p=13",,🔍 2026-08-10 ⚠️ DO-WERYFIKACJI (API),orig_uzasadnienie: Dostęp do sklepów tytoniowych i tradycyjnego handlu. | orig_next: Dodać do kampanii regionalnej i wykonać follow-up telefoniczny | user_orig_priorytet='B — kampania regionalna' | user_orig_score=64 | user_orig_segment='S2 — Hurtownie tytoniowe/FMCG',duży
LB,lubuskie,województwo,,,PL-B-LB-004,B8,"Tabak — hurtownia papierosów i chemii gospodarczej, D. Łożyniak",PL,Kożuchów,"ul. Szprotawska 18A, Kożuchów",,,,,,,,,,,reseller,,,,średni,🟡,B2B only,5,wysoki,,,,intake_PL_2026-08-10 | https://www.pkt.pl/szukaj/hurtownia-papierosow,,🔍 2026-08-10 ⚠️ DO-WERYFIKACJI (API),orig_uzasadnienie: Dostęp do sklepów tytoniowych i tradycyjnego handlu. | orig_uwagi: Status źródłowy: Do weryfikacji — katalog | orig_next: Dodać do kampanii regionalnej i wykonać follow-up telefoniczny | user_orig_priorytet='B — kampania regionalna' | user_orig_score=64 | user_orig_segment='S2 — Hurtownie tytoniowe/FMCG',duży
DS,dolnośląskie,województwo,,,PL-B-DS-005,B6,Tabak - Hurtownia papierosów i wyrobów tytoniowych.,PL,Wrocław,"Wierzchowicka 7, 51-127 Wrocław, Polska",,,http://tabak.wroclaw.pl,,,+48 71 349 10 10,,,,,hurtownik,,,,,🔴,mix,2,średni,,,,intake_PL_2026-08-10 | http://tabak.wroclaw.pl,,🔍 2026-08-10 ⚠️ DO-WERYFIKACJI (API),orig_uzasadnienie: Kanał sąsiedni z bazą klientów zainteresowanych produktami nikotynowymi. | orig_uwagi: Status źródłowy: Niezweryfikowany | orig_next: Dodać do kampanii regionalnej i wykonać follow-up telefoniczny | user_orig_priorytet='B — kampania regionalna' | user_orig_score=62 | user_orig_segment='S4 — Vape/e-papierosy',duży
PD,podlaskie,województwo,,,PL-B-PD-006,B6,LokiVape E-papierosy Vape Shop Ełk,PL,Ełk,"Armii Krajowej 9/U11, 19-300 Ełk, Polska",,,https://www.lokivape.com/sklepy/lokivape-elk-ul-armii-krajowej-9-U11,,,+48 690 527 835,,,,,hurtownik,,,,,🔴,mix,2,średni,,,,intake_PL_2026-08-10 | https://www.lokivape.com/sklepy/lokivape-elk-ul-armii-krajowej-9-U11,,🔍 2026-08-10 ⚠️ DO-WERYFIKACJI (API),orig_uzasadnienie: Kanał sąsiedni z bazą klientów zainteresowanych produktami nikotynowymi. | orig_uwagi: Status źródłowy: Niezweryfikowany | orig_next: Dodać do kampanii regionalnej i wykonać follow-up telefoniczny | user_orig_priorytet='B — kampania regionalna' | user_orig_score=62 | user_orig_segment='S4 — Vape/e-papierosy',duży
MZ,mazowieckie,województwo,,,PL-B-MZ-012,B6,E-papierosy.pl,PL,Ostrołęka,"ul. Generała Augusta Emila, Generala Augusta Emila Fieldorfa ""Nila"" 7B/12, 07-400 Ostrołęka, Polska",,,https://e-papierosy.pl/pl/?utm_medium=organic&utm_source=google_maps&utm_campaign=google_maps&utm_content=web_url,,,+48 571 552 187,,,,,hurtownik,,,,,🔴,mix,2,średni,,,,intake_PL_2026-08-10 | https://e-papierosy.pl/pl/?utm_medium=organic&utm_source=google_maps&utm_campaign=google_maps&utm_content=web_url,,🔍 2026-08-10 ⚠️ DO-WERYFIKACJI (API),orig_uzasadnienie: Kanał sąsiedni z bazą klientów zainteresowanych produktami nikotynowymi. | orig_uwagi: Status źródłowy: Niezweryfikowany | orig_next: Dodać do kampanii regionalnej i wykonać follow-up telefoniczny | user_orig_priorytet='B — kampania regionalna' | user_orig_score=62 | user_orig_segment='S4 — Vape/e-papierosy',duży
,Ogólnopolska,,,,PL-B-XX-020,B6,JarajTo,PL,,,,,https://jarajto.pl,,,,,,,,hurtownik,,,,średni,🟢,B2B only,2,średni,,,,intake_PL_2026-08-10 | https://jarajto.pl,,🔍 2026-08-10 ⚠️ DO-WERYFIKACJI (API),"orig_uzasadnienie: Kanał sąsiedni z bazą klientów zainteresowanych produktami nikotynowymi; zasięg ponadregionalny. | orig_uwagi: Wholesale headshop focusing on premium papers, glass, CBD, and vapes. | orig_next: Dodać do kampanii regionalnej i wykonać follow-up telefoniczny | user_orig_priorytet='B — kampania regionalna' | user_orig_score=62 | user_orig_segment='S4 — Vape/e-papierosy'",duży
MA,małopolskie,województwo,,,PL-B-MA-010,B4,KentDruk (P.W. Kentdruk),PL,Kęty,"ul. Marii Konopnickiej 6, 32-650 Kęty",,,https://kentdruk.pl,,biuro@kentdruk.pl,+48 33 845 30 10,,,,,producent,,,,średni,🟢,B2B only,3,średni,,,,intake_PL_2026-08-10 | https://kentdruk.pl,,🔍 2026-08-10 ⚠️ DO-WERYFIKACJI (API),orig_uzasadnienie: Premium trafiki i specjalistyczne punkty sprzedaży. | orig_uwagi: Nie potwierdzone | Status źródłowy: Dostępny w katalogu | orig_next: Dodać do kampanii regionalnej i wykonać follow-up telefoniczny | user_orig_priorytet='B — kampania regionalna' | user_orig_score=61 | user_orig_segment='S5 — Cygara i trafiki premium',duży
SK,świętokrzyskie,województwo,,,PL-B-SK-005,B4,Markowe cygara,PL,Radom,"Biznesowa 8, 26-612 Radom, Polska",,,https://markowecygara.pl,,,+48 570 305 007,,,,,hurtownik,,,,,🔴,mix,3,średni,,,,intake_PL_2026-08-10 | https://markowecygara.pl,,🔍 2026-08-10 ⚠️ DO-WERYFIKACJI (API),orig_uzasadnienie: Premium trafiki i specjalistyczne punkty sprzedaży. | orig_uwagi: Status źródłowy: Niezweryfikowany | orig_next: Dodać do kampanii regionalnej i wykonać follow-up telefoniczny | user_orig_priorytet='B — kampania regionalna' | user_orig_score=61 | user_orig_segment='S5 — Cygara i trafiki premium',duży
,Ogólnopolska,,,,PL-B-XX-022,B6,Merkandi.pl,PL,Platform,Platform,,,https://merkandi.pl/hurt/zapalniczki,,,,,,,,hurtownik,,,,średni,🟢,B2B only,2,średni,,,,intake_PL_2026-08-10 | https://merkandi.pl/hurt/zapalniczki,,🔍 2026-08-10 ⚠️ DO-WERYFIKACJI (API),orig_uzasadnienie: Kanał sąsiedni z bazą klientów zainteresowanych produktami nikotynowymi; zasięg ponadregionalny. | orig_uwagi: Dodano z hurtownicy_pl_127.html; Asortyment: Lighters wholesale — various B2B sellers | Status źródłowy: Aktywny | orig_next: Dodać do kampanii regionalnej i wykonać follow-up telefoniczny | user_orig_priorytet='B — kampania regionalna' | user_orig_score=61 | user_orig_segment='S4 — Vape/e-papierosy',duży
SK,świętokrzyskie,województwo,,,PL-B-SK-006,B8,W.O.Z. S.C.,PL,Ostrowiec Świętokrzyski,"ul. Sienkiewicza 26, 27-400 Ostrowiec Świętokrzyski",,,,,,,,,,,reseller,,,,,🔴,B2B only,5,wysoki,,,,intake_PL_2026-08-10 (user_score=61),,🔍 2026-08-10 ⚠️ DO-WERYFIKACJI (API),orig_uzasadnienie: Dostęp do sklepów tytoniowych i tradycyjnego handlu. | orig_next: Dodać do kampanii regionalnej i wykonać follow-up telefoniczny | user_orig_priorytet='B — kampania regionalna' | user_orig_score=61 | user_orig_segment='S2 — Hurtownie tytoniowe/FMCG',duży
PD,podlaskie,województwo,,,PL-B-PD-007,B4,Trafika Nord,PL,Białystok,Białystok,,,,,,,,,,,reseller,,,,średni,🟢,mix,3,średni,,,,intake_PL_2026-08-10 (user_score=61),,🔍 2026-08-10 ⚠️ DO-WERYFIKACJI (API),orig_uzasadnienie: Sprzedaż komplementarnych akcesoriów dla palaczy. | orig_uwagi: Nie potwierdzone | Status źródłowy: Niezweryfikowany | orig_next: Dodać do kampanii regionalnej i wykonać follow-up telefoniczny | user_orig_priorytet='B — kampania regionalna' | user_orig_score=61 | user_orig_segment='S3 — Akcesoria dla palaczy/headshop',duży
SK,świętokrzyskie,województwo,,,PL-B-SK-007,B8,OGRODNICZAK ARTUR Hurtownia,PL,Skarżysko-Kamienna,"ul. Paryska 84, 26-100 Skarżysko-Kamienna",,,,,,,,,,,reseller,,,,,🔴,B2B only,5,wysoki,,,,intake_PL_2026-08-10 (user_score=61),,🔍 2026-08-10 ⚠️ DO-WERYFIKACJI (API),orig_uzasadnienie: Dostęp do sklepów tytoniowych i tradycyjnego handlu. | orig_next: Dodać do kampanii regionalnej i wykonać follow-up telefoniczny | user_orig_priorytet='B — kampania regionalna' | user_orig_score=61 | user_orig_segment='S2 — Hurtownie tytoniowe/FMCG',duży
SK,świętokrzyskie,województwo,,,PL-B-SK-008,B8,MILO S.A.,PL,Kielce,"ul. Magazynowa 4, 25-565 Kielce",,,,,,,,,,,reseller,,,,,🔴,B2B only,5,wysoki,,,,intake_PL_2026-08-10 (user_score=61),,🔍 2026-08-10 ⚠️ DO-WERYFIKACJI (API),orig_uzasadnienie: Dostęp do sklepów tytoniowych i tradycyjnego handlu. | orig_next: Dodać do kampanii regionalnej i wykonać follow-up telefoniczny | user_orig_priorytet='B — kampania regionalna' | user_orig_score=61 | user_orig_segment='S2 — Hurtownie tytoniowe/FMCG',duży
SK,świętokrzyskie,województwo,,,PL-B-SK-009,B8,KIREX BIS PHU M. Kycia,PL,Starachowice,"ul. Radomska 17, 27-200 Starachowice",,,,,,,,,,,reseller,,,,,🔴,B2B only,5,wysoki,,,,intake_PL_2026-08-10 (user_score=61),,🔍 2026-08-10 ⚠️ DO-WERYFIKACJI (API),orig_uzasadnienie: Dostęp do sklepów tytoniowych i tradycyjnego handlu. | orig_next: Dodać do kampanii regionalnej i wykonać follow-up telefoniczny | user_orig_priorytet='B — kampania regionalna' | user_orig_score=61 | user_orig_segment='S2 — Hurtownie tytoniowe/FMCG',duży
SK,świętokrzyskie,województwo,,,PL-B-SK-010,B8,JOLBEX Firma Handlowa Zygmunt Wangler,PL,Skarżysko-Kamienna,"ul. Rzemieślnicza 1, 26-110 Skarżysko-Kamienna",,,,,,,,,,,reseller,,,,,🔴,B2B only,5,wysoki,,,,intake_PL_2026-08-10 (user_score=61),,🔍 2026-08-10 ⚠️ DO-WERYFIKACJI (API),orig_uzasadnienie: Dostęp do sklepów tytoniowych i tradycyjnego handlu. | orig_next: Dodać do kampanii regionalnej i wykonać follow-up telefoniczny | user_orig_priorytet='B — kampania regionalna' | user_orig_score=61 | user_orig_segment='S2 — Hurtownie tytoniowe/FMCG',duży
SK,świętokrzyskie,województwo,,,PL-B-SK-011,B8,CORA Zakład Handlowo-Usługowy,PL,Kielce,"ul. Jana III Sobieskiego 63, 25-132 Kielce",,,,,,,,,,,reseller,,,,,🔴,B2B only,5,wysoki,,,,intake_PL_2026-08-10 (user_score=61),,🔍 2026-08-10 ⚠️ DO-WERYFIKACJI (API),orig_uzasadnienie: Dostęp do sklepów tytoniowych i tradycyjnego handlu. | orig_next: Dodać do kampanii regionalnej i wykonać follow-up telefoniczny | user_orig_priorytet='B — kampania regionalna' | user_orig_score=61 | user_orig_segment='S2 — Hurtownie tytoniowe/FMCG',duży
SK,świętokrzyskie,województwo,,,PL-B-SK-012,B8,CARO Sp.j. R. i R. Niewczas,PL,Ostrowiec Świętokrzyski,"al. Jana Pawła II 63 b, 27-400 Ostrowiec Świętokrzyski",,,,,,,,,,,reseller,,,,,🔴,B2B only,5,wysoki,,,,intake_PL_2026-08-10 (user_score=61),,🔍 2026-08-10 ⚠️ DO-WERYFIKACJI (API),orig_uzasadnienie: Dostęp do sklepów tytoniowych i tradycyjnego handlu. | orig_next: Dodać do kampanii regionalnej i wykonać follow-up telefoniczny | user_orig_priorytet='B — kampania regionalna' | user_orig_score=61 | user_orig_segment='S2 — Hurtownie tytoniowe/FMCG',duży
SK,świętokrzyskie,województwo,,,PL-B-SK-013,B8,CARMEN S.C.,PL,Starachowice,"ul. Wspólna 1, 27-200 Starachowice",,,,,,,,,,,reseller,,,,,🔴,B2B only,5,wysoki,,,,intake_PL_2026-08-10 (user_score=61),,🔍 2026-08-10 ⚠️ DO-WERYFIKACJI (API),orig_uzasadnienie: Dostęp do sklepów tytoniowych i tradycyjnego handlu. | orig_next: Dodać do kampanii regionalnej i wykonać follow-up telefoniczny | user_orig_priorytet='B — kampania regionalna' | user_orig_score=61 | user_orig_segment='S2 — Hurtownie tytoniowe/FMCG',duży
SK,świętokrzyskie,województwo,,,PL-B-SK-014,B8,BONUS Hurtownia Papierosów,PL,Starachowice,"ul. Spółdzielcza 49, 27-200 Starachowice",,,,,,,,,,,reseller,,,,,🔴,B2B only,5,wysoki,,,,intake_PL_2026-08-10 (user_score=61),,🔍 2026-08-10 ⚠️ DO-WERYFIKACJI (API),orig_uzasadnienie: Dostęp do sklepów tytoniowych i tradycyjnego handlu. | orig_next: Dodać do kampanii regionalnej i wykonać follow-up telefoniczny | user_orig_priorytet='B — kampania regionalna' | user_orig_score=61 | user_orig_segment='S2 — Hurtownie tytoniowe/FMCG',duży
OP,opolskie,województwo,,,PL-B-OP-008,B8,ACORD Sp. z o.o.,PL,Nysa,"ul. Stanisławowska 30, Nysa",,,,,,,,,,,reseller,,,,,🔴,B2B only,5,wysoki,,,,intake_PL_2026-08-10 (user_score=61),,🔍 2026-08-10 ⚠️ DO-WERYFIKACJI (API),orig_uzasadnienie: Dostęp do sklepów tytoniowych i tradycyjnego handlu. | orig_next: Dodać do kampanii regionalnej i wykonać follow-up telefoniczny | user_orig_priorytet='B — kampania regionalna' | user_orig_score=61 | user_orig_segment='S2 — Hurtownie tytoniowe/FMCG',duży
LD,łódzkie,województwo,,,PL-B-LD-005,B6,"Hurtownia Papierosów ""DANA""",PL,Pabianice,"ul. Łaska 46/48, 95-200 Pabianice",,,,,,+48 42 214 97 55,,,,,hurtownik,,,,średni,🟢,B2B only,2,średni,,,,intake_PL_2026-08-10 (user_score=60),,🔍 2026-08-10 ⚠️ DO-WERYFIKACJI (API),"orig_uzasadnienie: Kanał sąsiedni z bazą klientów zainteresowanych produktami nikotynowymi. | orig_uwagi: Może mieć klientów zarówno tradycyjnych, jak i vape; należy potwierdzić aktywność. | Status źródłowy: Do weryfikacji — katalog | orig_next: Dodać do kampanii regionalnej i wykonać follow-up telefoniczny | user_orig_priorytet='B — kampania regionalna' | user_orig_score=60 | user_orig_segment='S4 — Vape/e-papierosy'",duży
,Nieustalony,,,,PL-B-XX-023,B4,Rafani 2 Tomasz Kitkowski,PL,Olsztyn (Feliksa Nowowiejskiego 1/110),Olsztyn (Feliksa Nowowiejskiego 1/110),,,https://m.yelp.com/search?find_desc=Tobacco+Shops&find_loc=Olsztyn%2C+WN,,,,,,,,reseller,,,,,🔴,mix,3,średni,,,,intake_PL_2026-08-10 | https://m.yelp.com/search?find_desc=Tobacco+Shops&find_loc=Olsztyn%2C+WN,,🔍 2026-08-10 ⚠️ DO-WERYFIKACJI (API),orig_uzasadnienie: Sprzedaż komplementarnych akcesoriów dla palaczy. | orig_uwagi: Status źródłowy: Niezweryfikowany | orig_next: Dodać do kampanii regionalnej i wykonać follow-up telefoniczny | user_orig_priorytet='B — kampania regionalna' | user_orig_score=60 | user_orig_segment='S3 — Akcesoria dla palaczy/headshop',duży
MZ,mazowieckie,województwo,,,PL-B-MZ-013,B6,E-nilsen.pl,PL,Pruszków,"ul. Prusa 45, Pruszków",,,,,,+48 22 487 70 88,,,,,producent,,,,,🔴,mix,2,średni,,,,intake_PL_2026-08-10 (user_score=59),,🔍 2026-08-10 ⚠️ DO-WERYFIKACJI (API),orig_uzasadnienie: Kanał sąsiedni z bazą klientów zainteresowanych produktami nikotynowymi; kompetencje importowo-dystrybucyjne. | orig_next: Dodać do kampanii regionalnej i wykonać follow-up telefoniczny | user_orig_priorytet='B — kampania regionalna' | user_orig_score=59 | user_orig_segment='S4 — Vape/e-papierosy',duży
MZ,mazowieckie,województwo,,,PL-B-MZ-014,B6,Caro. Hurtownia papierosów. Żach K.,PL,Ostrów Mazowiecka,"Lubiejewska 51, 07-300 Ostrów Mazowiecka, Polska",,,,,,+48 29 745 29 33,,,,,hurtownik,,,,,🔴,B2B only,2,średni,,,,intake_PL_2026-08-10 (user_score=59),,🔍 2026-08-10 ⚠️ DO-WERYFIKACJI (API),orig_uzasadnienie: Kanał sąsiedni z bazą klientów zainteresowanych produktami nikotynowymi. | orig_uwagi: Dodano z Hurtownicy-Wszystkie-Dane-Zebrane_matrix_v10.html; Map link: https://www.google.com/maps/search/?api=1&query=Caro.%20Hurtownia%20papieros%C3%B3w.%20%C5%BBach%20K.&query_place_id=ChIJ57cTD0erH0cROZwd1Cm6oJU | Status źródłowy: Niezweryfikowany | orig_next: Dodać do kampanii regionalnej i wykonać follow-up telefoniczny | user_orig_priorytet='B — kampania regionalna' | user_orig_score=59 | user_orig_segment='S4 — Vape/e-papierosy',duży
SL,śląskie,województwo,,,PL-B-SL-008,B8,Tanie Palenie POINT,PL,Gliwice,,,,https://baza-firm.com.pl/tyton-...,,,,,,,,reseller,,,,średni,🟢,B2B only,5,wysoki,,,,intake_PL_2026-08-10 | https://baza-firm.com.pl/tyton-...,,🔍 2026-08-10 ⚠️ DO-WERYFIKACJI (API),orig_uzasadnienie: Dostęp do sklepów tytoniowych i tradycyjnego handlu. | orig_uwagi: Nie potwierdzone | orig_next: Dodać do kampanii regionalnej i wykonać follow-up telefoniczny | user_orig_priorytet='B — kampania regionalna' | user_orig_score=59 | user_orig_segment='S2 — Hurtownie tytoniowe/FMCG',duży
DS,dolnośląskie,województwo,,,PL-B-DS-006,B8,Pol-Ta,PL,Jelcz-Laskowice,,,,https://pol-ta.pl,,,,,,,,reseller,,,,średni,🟢,B2B only,5,wysoki,,,,intake_PL_2026-08-10 | https://pol-ta.pl,,🔍 2026-08-10 ⚠️ DO-WERYFIKACJI (API),orig_uzasadnienie: Dostęp do sklepów tytoniowych i tradycyjnego handlu. | orig_uwagi: Nie potwierdzone | orig_next: Dodać do kampanii regionalnej i wykonać follow-up telefoniczny | user_orig_priorytet='B — kampania regionalna' | user_orig_score=59 | user_orig_segment='S2 — Hurtownie tytoniowe/FMCG',duży
DS,dolnośląskie,województwo,,,PL-B-DS-007,B8,Milo Sp. z o.o.,PL,Lubin,,,,https://milo.lubin.pl,,,,,,,,reseller,,,,średni,🟢,B2B only,5,wysoki,,,,intake_PL_2026-08-10 | https://milo.lubin.pl,,🔍 2026-08-10 ⚠️ DO-WERYFIKACJI (API),orig_uzasadnienie: Dostęp do sklepów tytoniowych i tradycyjnego handlu. | orig_uwagi: Nie potwierdzone | orig_next: Dodać do kampanii regionalnej i wykonać follow-up telefoniczny | user_orig_priorytet='B — kampania regionalna' | user_orig_score=59 | user_orig_segment='S2 — Hurtownie tytoniowe/FMCG',duży
DS,dolnośląskie,województwo,,,PL-B-DS-008,B8,Hurtownia Papierosów Grażyna Baltadzi,PL,Lubin,,,,https://papierosy.lubin.pl,,,,,,,,reseller,,,,średni,🟢,B2B only,5,wysoki,,,,intake_PL_2026-08-10 | https://papierosy.lubin.pl,,🔍 2026-08-10 ⚠️ DO-WERYFIKACJI (API),orig_uzasadnienie: Dostęp do sklepów tytoniowych i tradycyjnego handlu. | orig_uwagi: Nie potwierdzone | orig_next: Dodać do kampanii regionalnej i wykonać follow-up telefoniczny | user_orig_priorytet='B — kampania regionalna' | user_orig_score=59 | user_orig_segment='S2 — Hurtownie tytoniowe/FMCG',duży
LD,łódzkie,województwo,,,PL-B-LD-006,B8,Efekt Łódź,PL,Łódź,,,,https://efekt-lodz.pl,,,,,,,,reseller,,,,średni,🟢,B2B only,5,wysoki,,,,intake_PL_2026-08-10 | https://efekt-lodz.pl,,🔍 2026-08-10 ⚠️ DO-WERYFIKACJI (API),orig_uzasadnienie: Dostęp do sklepów tytoniowych i tradycyjnego handlu. | orig_uwagi: Nie potwierdzone | orig_next: Dodać do kampanii regionalnej i wykonać follow-up telefoniczny | user_orig_priorytet='B — kampania regionalna' | user_orig_score=59 | user_orig_segment='S2 — Hurtownie tytoniowe/FMCG',duży
LD,łódzkie,województwo,,,PL-B-LD-007,B8,Carmen Polska,PL,Kraków,,,,https://carmenpolska.pl,,,,,,,,reseller,,,,średni,🟢,B2B only,5,wysoki,,,,intake_PL_2026-08-10 | https://carmenpolska.pl,,🔍 2026-08-10 ⚠️ DO-WERYFIKACJI (API),orig_uzasadnienie: Dostęp do sklepów tytoniowych i tradycyjnego handlu. | orig_uwagi: Nie potwierdzone | orig_next: Dodać do kampanii regionalnej i wykonać follow-up telefoniczny | user_orig_priorytet='B — kampania regionalna' | user_orig_score=59 | user_orig_segment='S2 — Hurtownie tytoniowe/FMCG',duży
MA,małopolskie,województwo,,,PL-B-MA-011,B8,Tabak Kraków,PL,Kraków,,,,,,,,,,,,reseller,,,,,🔴,B2B only,5,wysoki,,,,intake_PL_2026-08-10 (user_score=59),,🔍 2026-08-10 ⚠️ DO-WERYFIKACJI (API),orig_uzasadnienie: Dostęp do sklepów tytoniowych i tradycyjnego handlu. | orig_next: Dodać do kampanii regionalnej i wykonać follow-up telefoniczny | user_orig_priorytet='B — kampania regionalna' | user_orig_score=59 | user_orig_segment='S2 — Hurtownie tytoniowe/FMCG',duży
,Nieustalony,,,,PL-B-XX-025,B4,Tytoniowo,PL,,,,,https://www.tytoniowo.pl,,,,,,,,reseller,,,,,🔴,mix,3,średni,,,,intake_PL_2026-08-10 | https://www.tytoniowo.pl,,🔍 2026-08-10 ⚠️ DO-WERYFIKACJI (API),orig_uzasadnienie: Sprzedaż komplementarnych akcesoriów dla palaczy. | orig_uwagi: Status źródłowy: Niezweryfikowany | orig_next: Dodać do kampanii regionalnej i wykonać follow-up telefoniczny | user_orig_priorytet='B — kampania regionalna' | user_orig_score=58 | user_orig_segment='S3 — Akcesoria dla palaczy/headshop',duży
,Nieustalony,,,,PL-B-XX-026,B4,Trafika u Jakuba,PL,,,,,http://www.jakubphu.pl,,,,,,,,reseller,,,,,🔴,mix,3,średni,,,,intake_PL_2026-08-10 | http://www.jakubphu.pl,,🔍 2026-08-10 ⚠️ DO-WERYFIKACJI (API),orig_uzasadnienie: Sprzedaż komplementarnych akcesoriów dla palaczy. | orig_uwagi: Status źródłowy: Niezweryfikowany | orig_next: Dodać do kampanii regionalnej i wykonać follow-up telefoniczny | user_orig_priorytet='B — kampania regionalna' | user_orig_score=58 | user_orig_segment='S3 — Akcesoria dla palaczy/headshop',duży
,Nieustalony,,,,PL-B-XX-027,B4,Smok,PL,,,,,https://smok.pl,,,,,,,,reseller,,,,,🔴,mix,3,średni,,,,intake_PL_2026-08-10 | https://smok.pl,,🔍 2026-08-10 ⚠️ DO-WERYFIKACJI (API),orig_uzasadnienie: Sprzedaż komplementarnych akcesoriów dla palaczy. | orig_uwagi: Status źródłowy: Niezweryfikowany | orig_next: Dodać do kampanii regionalnej i wykonać follow-up telefoniczny | user_orig_priorytet='B — kampania regionalna' | user_orig_score=58 | user_orig_segment='S3 — Akcesoria dla palaczy/headshop',duży
,Nieustalony,,,,PL-B-XX-028,B4,Elso,PL,,,,,https://www.elso.pl,,,,,,,,reseller,,,,,🔴,mix,3,średni,,,,intake_PL_2026-08-10 | https://www.elso.pl,,🔍 2026-08-10 ⚠️ DO-WERYFIKACJI (API),orig_uzasadnienie: Sprzedaż komplementarnych akcesoriów dla palaczy. | orig_uwagi: Status źródłowy: Niezweryfikowany | orig_next: Dodać do kampanii regionalnej i wykonać follow-up telefoniczny | user_orig_priorytet='B — kampania regionalna' | user_orig_score=58 | user_orig_segment='S3 — Akcesoria dla palaczy/headshop',duży
,Ogólnopolska,,,,PL-B-XX-029,B4,PPHU HITPOL / Zapalniczka.pl,PL,Świlcza,"Świlcza 145F, 36-072 Świlcza",,,https://www.zapalniczka.pl,,max@zapalniczka.pl,+48 17 856 08 04; +48 785 065 675,,,,,reseller,,,,średni,🟢,B2B only,3,średni,,,,intake_PL_2026-08-10 | https://www.zapalniczka.pl,,🔍 2026-08-10 ⚠️ DO-WERYFIKACJI (API),"orig_uzasadnienie: Sprzedaż komplementarnych akcesoriów dla palaczy; zasięg ponadregionalny. | orig_uwagi: Istniejący rekord został wzbogacony 2026-07-19. Firma deklaruje sprzedaż hurtową; importer akcesoriów i zapalniczek. | Status źródłowy: Zweryfikowany — aktywna strona | orig_next: Zweryfikować dane, produkty i status B2B przed kontaktem | user_orig_priorytet='C — weryfikacja i nurturing' | user_orig_score=56 | user_orig_segment='S3 — Akcesoria dla palaczy/headshop'",duży
DS,dolnośląskie,województwo,,,PL-B-DS-009,B6,VAPE POINT Sp. z o.o.,PL,Wrocław,"ul. Powstańców Śląskich 95, 53-332 Wrocław",,,https://vapepoint.pl,,kontakt@vapepoint.pl,+48 729 411 684,,,,,hurtownik,,,,,🔴,własny e-commerce,2,średni,,,,intake_PL_2026-08-10 | https://vapepoint.pl,,🔍 2026-08-10 ⚠️ DO-WERYFIKACJI (API),"orig_uzasadnienie: Kanał sąsiedni z bazą klientów zainteresowanych produktami nikotynowymi. | orig_next: Zweryfikować dane, produkty i status B2B przed kontaktem | user_orig_priorytet='C — weryfikacja i nurturing' | user_orig_score=55 | user_orig_segment='S4 — Vape/e-papierosy'",duży
MZ,mazowieckie,województwo,,,PL-B-MZ-015,B9,AlkoNaWesele.pl,PL,Warszawa,,,,alkonawesele.pl,,info@alkonawesele.pl,729919919,,,,,marketplace,,,,średni,🟢,B2B only,4,średni,,,,intake_PL_2026-08-10 | alkonawesele.pl,,🔍 2026-08-10 ⚠️ DO-WERYFIKACJI (API),"orig_uzasadnienie: . | orig_uwagi: Model: Hurtownia. Asortyment: Specjalistyczna hurtownia alkoholi weselnych oferująca wódki, wina, szampany, whisky, piwa, napoje bezalkoholowe, duże pojemności, personalizowane etykiety oraz gotowe pakiety na weselne bary i imprezy. Dystrybucja krajowa, darmowa dostawa przy zamówieniu min. 30 win lu | orig_next: Zweryfikować dane, produkty i status B2B przed kontaktem | user_orig_priorytet='C — weryfikacja i nurturing' | user_orig_score=55 | user_orig_segment='S7 — Pozostałe/niezweryfikowane'",duży
MA,małopolskie,województwo,,,PL-B-MA-012,B4,Królestwo Tytoniu,PL,Kraków,Poland,,,https://krolestwotytoniu.pl,,,888 370 999,,,,,reseller,,,,średni,🟢,własny e-commerce,3,średni,,,,intake_PL_2026-08-10 | https://krolestwotytoniu.pl,,🔍 2026-08-10 ⚠️ DO-WERYFIKACJI (API),"orig_uzasadnienie: Sprzedaż komplementarnych akcesoriów dla palaczy. | orig_uwagi: Nie potwierdzone | Status źródłowy: Aktywny | orig_next: Zweryfikować dane, produkty i status B2B przed kontaktem | user_orig_priorytet='C — weryfikacja i nurturing' | user_orig_score=55 | user_orig_segment='S3 — Akcesoria dla palaczy/headshop'",duży
SK,świętokrzyskie,województwo,,,PL-B-SK-015,B6,Viva S.j. — Hurtownia Papierosów,PL,Ostrowiec Świętokrzyski,"Ostrowiec Świętokrzyski, Polska",,,https://www.cylex-polska.pl/firmy/viva--s-j--hurtownia-papieros%C3%B3w-10504502.html,,,,,,,,hurtownik,,,,średni,🟢,B2B only,2,średni,,,,intake_PL_2026-08-10 | https://www.cylex-polska.pl/firmy/viva--s-j--hurtownia-papieros%C3%B3w-10504502.html,,🔍 2026-08-10 ⚠️ DO-WERYFIKACJI (API),"orig_uzasadnienie: Kanał sąsiedni z bazą klientów zainteresowanych produktami nikotynowymi. | orig_uwagi: Dodano z hurtownicy_pl_127.html; Asortyment: Cigarettes, tobacco | Status źródłowy: Aktywny | orig_next: Zweryfikować dane, produkty i status B2B przed kontaktem | user_orig_priorytet='C — weryfikacja i nurturing' | user_orig_score=54 | user_orig_segment='S4 — Vape/e-papierosy'",duży
MZ,mazowieckie,województwo,,,PL-B-MZ-016,B6,Smok Hurtownia Papierosów,PL,Zielonka,"Zielonka, Polska",,,https://mapa.targeo.pl/smok-hurtownia-papierosow-armii-krajowej-32-05-220-zielonka~5523255/przedsiebiorstwo-firma/adres,,,,,,,,hurtownik,,,,średni,🟢,B2B only,2,średni,,,,intake_PL_2026-08-10 | https://mapa.targeo.pl/smok-hurtownia-papierosow-armii-krajowej-32-05-220-zielonka~5523255/przedsiebiorstwo-firma/adres,,🔍 2026-08-10 ⚠️ DO-WERYFIKACJI (API),"orig_uzasadnienie: Kanał sąsiedni z bazą klientów zainteresowanych produktami nikotynowymi. | orig_uwagi: Dodano z hurtownicy_pl_127.html; Asortyment: Cigarettes, tobacco | Status źródłowy: Aktywny | orig_next: Zweryfikować dane, produkty i status B2B przed kontaktem | user_orig_priorytet='C — weryfikacja i nurturing' | user_orig_score=54 | user_orig_segment='S4 — Vape/e-papierosy'",duży
OP,opolskie,województwo,,,PL-B-OP-009,B6,PAKO FW H. Komorowska i J. Komorowski,PL,Koło,"Koło, Polska",,,"https://www.hurtownie.pl/hurtownie,.html?q=papierosy\&p=15",,,,,,,,hurtownik,,,,średni,🟢,B2B only,2,średni,,,,"intake_PL_2026-08-10 | https://www.hurtownie.pl/hurtownie,.html?q=papierosy\&p=15",,🔍 2026-08-10 ⚠️ DO-WERYFIKACJI (API),"orig_uzasadnienie: Kanał sąsiedni z bazą klientów zainteresowanych produktami nikotynowymi. | orig_uwagi: Dodano z hurtownicy_pl_127.html; Asortyment: Tobacco products | Status źródłowy: Aktywny | orig_next: Zweryfikować dane, produkty i status B2B przed kontaktem | user_orig_priorytet='C — weryfikacja i nurturing' | user_orig_score=54 | user_orig_segment='S4 — Vape/e-papierosy'",duży
MA,małopolskie,województwo,,,PL-B-MA-013,B6,Hurtownia Wielobranżowa ROCH Sp. z o.o. Sp.k.,PL,Kraków,"Kraków, Polska",,,https://www.baza-firm.com.pl/tyton-i-artykuly-tytoniowe/krakow/hurtownia-wielobranzowa-roch-sp-z-oo-spkomandytowa/pl/210664.html,,,,,,,,hurtownik,,,,średni,🟢,B2B only,2,średni,,,,intake_PL_2026-08-10 | https://www.baza-firm.com.pl/tyton-i-artykuly-tytoniowe/krakow/hurtownia-wielobranzowa-roch-sp-z-oo-spkomandytowa/pl/210664.html,,🔍 2026-08-10 ⚠️ DO-WERYFIKACJI (API),"orig_uzasadnienie: Kanał sąsiedni z bazą klientów zainteresowanych produktami nikotynowymi. | orig_uwagi: Dodano z hurtownicy_pl_127.html; Asortyment: Cigarettes, tobacco | Status źródłowy: Aktywny | orig_next: Zweryfikować dane, produkty i status B2B przed kontaktem | user_orig_priorytet='C — weryfikacja i nurturing' | user_orig_score=54 | user_orig_segment='S4 — Vape/e-papierosy'",duży
PM,pomorskie,województwo,,,PL-B-PM-009,B6,Hurtownia Papierosów Sklep Przemysłowy,PL,Starogard Gdański,"Starogard Gdański, Polska",,,https://mapa.targeo.pl/hurtownia-papierosow-sklep-przemyslowy-83-200-starogard-gdanski~13569129/przedsiebiorstwo-firma/adres,,,,,,,,hurtownik,,,,średni,🟢,B2B only,2,średni,,,,intake_PL_2026-08-10 | https://mapa.targeo.pl/hurtownia-papierosow-sklep-przemyslowy-83-200-starogard-gdanski~13569129/przedsiebiorstwo-firma/adres,,🔍 2026-08-10 ⚠️ DO-WERYFIKACJI (API),"orig_uzasadnienie: Kanał sąsiedni z bazą klientów zainteresowanych produktami nikotynowymi. | orig_uwagi: Dodano z hurtownicy_pl_127.html; Asortyment: Cigarettes, tobacco | Status źródłowy: Aktywny | orig_next: Zweryfikować dane, produkty i status B2B przed kontaktem | user_orig_priorytet='C — weryfikacja i nurturing' | user_orig_score=54 | user_orig_segment='S4 — Vape/e-papierosy'",duży
OP,opolskie,województwo,,,PL-B-OP-010,B6,Golden FHU Anna Bohusz,PL,Głubczyce,"Głubczyce, Polska",,,"https://www.hurtownie.pl/hurtownie,.html?q=papierosy\&p=8",,,,,,,,hurtownik,,,,średni,🟢,B2B only,2,średni,,,,"intake_PL_2026-08-10 | https://www.hurtownie.pl/hurtownie,.html?q=papierosy\&p=8",,🔍 2026-08-10 ⚠️ DO-WERYFIKACJI (API),"orig_uzasadnienie: Kanał sąsiedni z bazą klientów zainteresowanych produktami nikotynowymi. | orig_uwagi: Dodano z hurtownicy_pl_127.html; Asortyment: Tobacco products | Status źródłowy: Aktywny | orig_next: Zweryfikować dane, produkty i status B2B przed kontaktem | user_orig_priorytet='C — weryfikacja i nurturing' | user_orig_score=54 | user_orig_segment='S4 — Vape/e-papierosy'",duży
OP,opolskie,województwo,,,PL-B-OP-011,B6,EDMAR PH Hurtownia Papierosów,PL,Koło,"Koło, Polska",,,"https://www.hurtownie.pl/hurtownie,.html?q=papierosy\&p=15",,,,,,,,hurtownik,,,,średni,🟢,B2B only,2,średni,,,,"intake_PL_2026-08-10 | https://www.hurtownie.pl/hurtownie,.html?q=papierosy\&p=15",,🔍 2026-08-10 ⚠️ DO-WERYFIKACJI (API),"orig_uzasadnienie: Kanał sąsiedni z bazą klientów zainteresowanych produktami nikotynowymi. | orig_uwagi: Dodano z hurtownicy_pl_127.html; Asortyment: Cigarettes, tobacco | Status źródłowy: Aktywny | orig_next: Zweryfikować dane, produkty i status B2B przed kontaktem | user_orig_priorytet='C — weryfikacja i nurturing' | user_orig_score=54 | user_orig_segment='S4 — Vape/e-papierosy'",duży
LU,lubelskie,województwo,,,PL-B-LU-011,B6,Dymek Krzysztof Kasperek,PL,Lublin,"Lublin, Polska",,,"https://panoramafirm.pl/papierosy_i_tyto%C5%84/lubelskie,,lublin",,,,,,,,hurtownik,,,,średni,🟢,B2B only,2,średni,,,,"intake_PL_2026-08-10 | https://panoramafirm.pl/papierosy_i_tyto%C5%84/lubelskie,,lublin",,🔍 2026-08-10 ⚠️ DO-WERYFIKACJI (API),"orig_uzasadnienie: Kanał sąsiedni z bazą klientów zainteresowanych produktami nikotynowymi. | orig_uwagi: Dodano z hurtownicy_pl_127.html; Asortyment: Tobacco products | Status źródłowy: Aktywny | orig_next: Zweryfikować dane, produkty i status B2B przed kontaktem | user_orig_priorytet='C — weryfikacja i nurturing' | user_orig_score=54 | user_orig_segment='S4 — Vape/e-papierosy'",duży
WM,warmińsko-mazurskie,województwo,,,PL-B-WM-002,B6,Aleksander Ostrowski,PL,Olsztyn,"Olsztyn, Polska",,,https://panoramafirm.pl/papierosy_i_tyto%C5%84/warmi%C5%84sko_mazurskie,,,,,,,,hurtownik,,,,średni,🟢,B2B only,2,średni,,,,intake_PL_2026-08-10 | https://panoramafirm.pl/papierosy_i_tyto%C5%84/warmi%C5%84sko_mazurskie,,🔍 2026-08-10 ⚠️ DO-WERYFIKACJI (API),"orig_uzasadnienie: Kanał sąsiedni z bazą klientów zainteresowanych produktami nikotynowymi. | orig_uwagi: Dodano z hurtownicy_pl_127.html; Asortyment: Tobacco products | Status źródłowy: Aktywny | orig_next: Zweryfikować dane, produkty i status B2B przed kontaktem | user_orig_priorytet='C — weryfikacja i nurturing' | user_orig_score=54 | user_orig_segment='S4 — Vape/e-papierosy'",duży
PK,podkarpackie,województwo,,,PL-B-PK-003,B6,Aga — Hurtownia Papierosów i Art. Chemicznych,PL,Rzeszów,"Rzeszów, Polska",,,https://www.cylex-polska.pl/firmy/aga--hurtownia-papieros%C3%B3w-i-art--chemicznych-10405470.html,,,,,,,,hurtownik,,,,średni,🟢,B2B only,2,średni,,,,intake_PL_2026-08-10 | https://www.cylex-polska.pl/firmy/aga--hurtownia-papieros%C3%B3w-i-art--chemicznych-10405470.html,,🔍 2026-08-10 ⚠️ DO-WERYFIKACJI (API),"orig_uzasadnienie: Kanał sąsiedni z bazą klientów zainteresowanych produktami nikotynowymi. | orig_uwagi: Dodano z hurtownicy_pl_127.html; Asortyment: Cigarettes, tobacco, chemicals | Status źródłowy: Aktywny | orig_next: Zweryfikować dane, produkty i status B2B przed kontaktem | user_orig_priorytet='C — weryfikacja i nurturing' | user_orig_score=54 | user_orig_segment='S4 — Vape/e-papierosy'",duży
PD,podlaskie,województwo,,,PL-B-PD-008,B6,"ALFA — Hurtownia Papierosów, Chemii Gospodarczej i Kart Telefonicznych",PL,Białystok,"Białystok, Polska",,,"https://www.bialystokonline.pl/alfa-hurtownia-papierosow-chemii-gospodarczej-kart-telefonicznych,firma,2688,244,17,0,1.html",,,,,,,,hurtownik,,,,średni,🟢,B2B only,2,średni,,,,"intake_PL_2026-08-10 | https://www.bialystokonline.pl/alfa-hurtownia-papierosow-chemii-gospodarczej-kart-telefonicznych,firma,2688,244,17,0,1.html",,🔍 2026-08-10 ⚠️ DO-WERYFIKACJI (API),"orig_uzasadnienie: Kanał sąsiedni z bazą klientów zainteresowanych produktami nikotynowymi. | orig_uwagi: Dodano z hurtownicy_pl_127.html; Asortyment: Cigarettes, tobacco, household chemicals, phone cards | Status źródłowy: Aktywny | orig_next: Zweryfikować dane, produkty i status B2B przed kontaktem | user_orig_priorytet='C — weryfikacja i nurturing' | user_orig_score=54 | user_orig_segment='S4 — Vape/e-papierosy'",duży
MA,małopolskie,województwo,,,PL-B-MA-014,B6,ALF2 — Hurtownia Papierosów i Chemii Gospodarczej,PL,Bochnia,"Bochnia, Polska",,,https://alf2spj.wixsite.com/alf2,,,,,,,,hurtownik,,,,średni,🟢,B2B only,2,średni,,,,intake_PL_2026-08-10 | https://alf2spj.wixsite.com/alf2,,🔍 2026-08-10 ⚠️ DO-WERYFIKACJI (API),"orig_uzasadnienie: Kanał sąsiedni z bazą klientów zainteresowanych produktami nikotynowymi. | orig_uwagi: Dodano z hurtownicy_pl_127.html; Asortyment: Cigarettes, tobacco, tubes, accessories, household chemicals | Status źródłowy: Aktywny | orig_next: Zweryfikować dane, produkty i status B2B przed kontaktem | user_orig_priorytet='C — weryfikacja i nurturing' | user_orig_score=54 | user_orig_segment='S4 — Vape/e-papierosy'",duży
SL,śląskie,województwo,,,PL-B-SL-009,B6,"""Lorbad"" Sp. z o.o.",PL,Śląskie,"Śląskie, Polska",,,https://panoramafirm.pl/hurtownia_papieros%C3%B3w/%C5%9Bl%C4%85skie,,,,,,,,hurtownik,,,,średni,🟢,B2B only,2,średni,,,,intake_PL_2026-08-10 | https://panoramafirm.pl/hurtownia_papieros%C3%B3w/%C5%9Bl%C4%85skie,,🔍 2026-08-10 ⚠️ DO-WERYFIKACJI (API),"orig_uzasadnienie: Kanał sąsiedni z bazą klientów zainteresowanych produktami nikotynowymi. | orig_uwagi: Dodano z hurtownicy_pl_127.html; Asortyment: Tobacco products | Status źródłowy: Aktywny | orig_next: Zweryfikować dane, produkty i status B2B przed kontaktem | user_orig_priorytet='C — weryfikacja i nurturing' | user_orig_score=54 | user_orig_segment='S4 — Vape/e-papierosy'",duży
OP,opolskie,województwo,,,PL-B-OP-012,B6,"""Kamel"" Sp.j. Hurtownia Papierosów",PL,Konin,"Konin, Polska",,,"https://panoramafirm.pl/wielkopolskie,,konin,wio%C5%9Blarska,16/kamel_sp.j._hurtownia_papierosow-ssfip_sin.html",,,,,,,,hurtownik,,,,średni,🟢,B2B only,2,średni,,,,"intake_PL_2026-08-10 | https://panoramafirm.pl/wielkopolskie,,konin,wio%C5%9Blarska,16/kamel_sp.j._hurtownia_papierosow-ssfip_sin.html",,🔍 2026-08-10 ⚠️ DO-WERYFIKACJI (API),"orig_uzasadnienie: Kanał sąsiedni z bazą klientów zainteresowanych produktami nikotynowymi. | orig_uwagi: Dodano z hurtownicy_pl_127.html; Asortyment: Cigarettes, tobacco | Status źródłowy: Aktywny | orig_next: Zweryfikować dane, produkty i status B2B przed kontaktem | user_orig_priorytet='C — weryfikacja i nurturing' | user_orig_score=54 | user_orig_segment='S4 — Vape/e-papierosy'",duży
MZ,mazowieckie,województwo,,,PL-B-MZ-017,B6,"Minos. Hurtownia papierosów, wyrobów tytoniowych, chemii gospodarczej",PL,Radom,"Radom, Polska",,,https://www.misterwhat.pl/company/196155-minos-sp-z-oo-hurtownia-papierosow-wyrobow-tytoniowych-chemii-gospodarczej-radom,,,,,,,,hurtownik,,,,,🔴,B2B only,2,średni,,,,intake_PL_2026-08-10 | https://www.misterwhat.pl/company/196155-minos-sp-z-oo-hurtownia-papierosow-wyrobow-tytoniowych-chemii-gospodarczej-radom,,🔍 2026-08-10 ⚠️ DO-WERYFIKACJI (API),"orig_uzasadnienie: Kanał sąsiedni z bazą klientów zainteresowanych produktami nikotynowymi. | orig_uwagi: Dodano z Hurtownicy-Wszystkie-Dane-Zebrane_matrix_v10.html | Status źródłowy: Niezweryfikowany | orig_next: Zweryfikować dane, produkty i status B2B przed kontaktem | user_orig_priorytet='C — weryfikacja i nurturing' | user_orig_score=53 | user_orig_segment='S4 — Vape/e-papierosy'",duży
,Nieustalony,,,,PL-B-XX-030,B6,Vapetech Poland,PL,,,,,https://vapetechpoland.pl,,,,,,,,hurtownik,,,,,🔴,B2B only,2,średni,,,,intake_PL_2026-08-10 | https://vapetechpoland.pl,,🔍 2026-08-10 ⚠️ DO-WERYFIKACJI (API),"orig_uzasadnienie: Kanał sąsiedni z bazą klientów zainteresowanych produktami nikotynowymi. | orig_next: Zweryfikować dane, produkty i status B2B przed kontaktem | user_orig_priorytet='C — weryfikacja i nurturing' | user_orig_score=51 | user_orig_segment='S4 — Vape/e-papierosy'",duży
,Nieustalony,,,,PL-B-XX-031,B6,E-LIQ Distribution,PL,,,,,https://b2b-eliq.pl,,,,,,,,hurtownik,,,,,🔴,B2B only,2,średni,,,,intake_PL_2026-08-10 | https://b2b-eliq.pl,,🔍 2026-08-10 ⚠️ DO-WERYFIKACJI (API),"orig_uzasadnienie: Kanał sąsiedni z bazą klientów zainteresowanych produktami nikotynowymi. | orig_uwagi: €946 tys. rocznego przychodu | orig_next: Zweryfikować dane, produkty i status B2B przed kontaktem | user_orig_priorytet='C — weryfikacja i nurturing' | user_orig_score=51 | user_orig_segment='S4 — Vape/e-papierosy'",duży
,Nieustalony,,,,PL-B-XX-032,B6,Vape Drop,PL,,,,,,,,,,,,,hurtownik,,,,,🔴,B2B only,2,średni,,,,intake_PL_2026-08-10 (user_score=51),,🔍 2026-08-10 ⚠️ DO-WERYFIKACJI (API),"orig_uzasadnienie: Kanał sąsiedni z bazą klientów zainteresowanych produktami nikotynowymi; zasięg ponadregionalny. | orig_uwagi: 103 mln zł rocznego przychodu, ogólnopolska | orig_next: Zweryfikować dane, produkty i status B2B przed kontaktem | user_orig_priorytet='C — weryfikacja i nurturing' | user_orig_score=51 | user_orig_segment='S4 — Vape/e-papierosy'",duży
DS,dolnośląskie,województwo,,,PL-B-DS-010,B6,PHU Mars,PL,Lubin,"Mielec, Polska",,,https://mars.lubin.pl,,,,,,,,hurtownik,,,,średni,🟢,B2B only,2,średni,,,,intake_PL_2026-08-10 | https://mars.lubin.pl,,🔍 2026-08-10 ⚠️ DO-WERYFIKACJI (API),"orig_uzasadnienie: Kanał sąsiedni z bazą klientów zainteresowanych produktami nikotynowymi. | orig_uwagi: Nie potwierdzone | orig_next: Zweryfikować dane, produkty i status B2B przed kontaktem | user_orig_priorytet='C — weryfikacja i nurturing' | user_orig_score=50 | user_orig_segment='S4 — Vape/e-papierosy'",duży
,Nieustalony,,,,PL-B-XX-033,B4,EDDcom,PL,,Poland,,,https://eddcom.pl,,,,,,,,detalista,,,,,🔴,mix,3,średni,,,,intake_PL_2026-08-10 | https://eddcom.pl,,🔍 2026-08-10 ⚠️ DO-WERYFIKACJI (API),"orig_uzasadnienie: Możliwość szybkiego testu sprzedaży internetowej. | orig_uwagi: Status źródłowy: Aktywny | orig_next: Zweryfikować dane, produkty i status B2B przed kontaktem | user_orig_priorytet='C — weryfikacja i nurturing' | user_orig_score=50 | user_orig_segment='S6 — Retail/e-commerce'",duży
,Nieustalony,,,,PL-B-XX-034,B6,JUKA,PL,,,,,,,,,,,,,hurtownik,,,,,🔴,B2B only,2,średni,,,,intake_PL_2026-08-10 (user_score=48),,🔍 2026-08-10 ⚠️ DO-WERYFIKACJI (API),"orig_uzasadnienie: Kanał sąsiedni z bazą klientów zainteresowanych produktami nikotynowymi. | orig_uwagi: Z listy BISTA i top 10 vape hurtowni PL | orig_next: Zweryfikować dane, produkty i status B2B przed kontaktem | user_orig_priorytet='C — weryfikacja i nurturing' | user_orig_score=48 | user_orig_segment='S4 — Vape/e-papierosy'",duży
,Nieustalony,,,,PL-B-XX-035,B6,Arlgroup,PL,,,,,,,,,,,,,hurtownik,,,,,🔴,B2B only,2,średni,,,,intake_PL_2026-08-10 (user_score=48),,🔍 2026-08-10 ⚠️ DO-WERYFIKACJI (API),"orig_uzasadnienie: Kanał sąsiedni z bazą klientów zainteresowanych produktami nikotynowymi. | orig_uwagi: Z listy top 10 vape hurtowni PL | orig_next: Zweryfikować dane, produkty i status B2B przed kontaktem | user_orig_priorytet='C — weryfikacja i nurturing' | user_orig_score=48 | user_orig_segment='S4 — Vape/e-papierosy'",duży
,Nieustalony,,,,PL-B-XX-036,B6,ATG,PL,,,,,,,,,,,,,hurtownik,,,,,🔴,B2B only,2,średni,,,,intake_PL_2026-08-10 (user_score=48),,🔍 2026-08-10 ⚠️ DO-WERYFIKACJI (API),"orig_uzasadnienie: Kanał sąsiedni z bazą klientów zainteresowanych produktami nikotynowymi. | orig_uwagi: Z listy top 10 vape hurtowni PL | orig_next: Zweryfikować dane, produkty i status B2B przed kontaktem | user_orig_priorytet='C — weryfikacja i nurturing' | user_orig_score=48 | user_orig_segment='S4 — Vape/e-papierosy'",duży
MZ,mazowieckie,województwo,,,PL-B-MZ-019,B6,Bliq Sp. z o.o.,PL,Warszawa,"ul. Suwak 4/13, Warszawa",,,,,,882 00 89 89,,,,,producent,,,,,🔴,B2B only,2,średni,,,,intake_PL_2026-08-10 (user_score=46),,🔍 2026-08-10 ⚠️ DO-WERYFIKACJI (API),"orig_uzasadnienie: Kanał sąsiedni z bazą klientów zainteresowanych produktami nikotynowymi. | orig_next: Zweryfikować dane, produkty i status B2B przed kontaktem | user_orig_priorytet='C — weryfikacja i nurturing' | user_orig_score=46 | user_orig_segment='S4 — Vape/e-papierosy'",duży
MZ,mazowieckie,województwo,,,PL-B-MZ-020,B4,Dom Cygar / Cigar House Stores,PL,Warszawa,Warszawa; dodatkowe salony deklarowane w Krakowie i Wrocławiu,,,https://www.cigarhousestores.com,,,,,,,,hurtownik,,,,średni,🟢,mix,3,średni,,,,intake_PL_2026-08-10 | https://www.cigarhousestores.com/o-nas | https://www.cigarhousestores.com/kontakt | https://www.cigarhousestores.com/lokalizacje | https://www.cigarhousestores.com,,🔍 2026-08-10 ⚠️ DO-WERYFIKACJI (API),"orig_uzasadnienie: Premium trafiki i specjalistyczne punkty sprzedaży. | orig_uwagi: Nie używać danych NIP/KRS z witryny bez potwierdzenia w rejestrze; wyglądają na placeholdery. | Status źródłowy: Do weryfikacji — katalog | orig_next: Zweryfikować dane, produkty i status B2B przed kontaktem | user_orig_priorytet='C — weryfikacja i nurturing' | user_orig_score=46 | user_orig_segment='S5 — Cygara i trafiki premium'",duży
OP,opolskie,województwo,,,PL-B-OP-014,B9,Paso Polska Sp. z o.o. Sp.k,PL,Tarnowo Podgórne,"Sierosław, ul. Skrajna 1, 62-080 Tarnowo Podgórne",,,https://hurtownia.paso.pl/kontakt,,hurt@paso.pl,61 89 666 61,,,,,marketplace,,,,,🔴,własny e-commerce,4,średni,,,,intake_PL_2026-08-10 | https://hurtownia.paso.pl/kontakt,,🔍 2026-08-10 ⚠️ DO-WERYFIKACJI (API),"orig_uzasadnienie: . | orig_next: Zweryfikować dane, produkty i status B2B przed kontaktem | user_orig_priorytet='C — weryfikacja i nurturing' | user_orig_score=43 | user_orig_segment='S7 — Pozostałe/niezweryfikowane'",duży
,Nieustalony,,,,PL-B-XX-037,B6,Doctor Vape,PL,,,,,https://b2b-doctorvape.pl,,,,,,,,hurtownik,,,,,🔴,własny e-commerce,2,średni,,,,intake_PL_2026-08-10 | https://b2b-doctorvape.pl,,🔍 2026-08-10 ⚠️ DO-WERYFIKACJI (API),"orig_uzasadnienie: Kanał sąsiedni z bazą klientów zainteresowanych produktami nikotynowymi. | orig_uwagi: Dostawy z Francji do PL i UE | orig_next: Zweryfikować dane, produkty i status B2B przed kontaktem | user_orig_priorytet='C — weryfikacja i nurturing' | user_orig_score=43 | user_orig_segment='S4 — Vape/e-papierosy'",duży
PM,pomorskie,województwo,,,PL-A-PM-001,B4,King Hurt — HQ + Branches,PL,Szczecin,Poland,,,https://kinghurt.pl,,bok@kinghurt.pl,+48 609 641 400,,,,,hurtownik,,,mix,duży,🟢,B2B only,3,średni,,,,intake_PL_2026-08-10 | https://kinghurt.pl,,🔍 🔍 2026-08-10 ⚠️ DO-WERYFIKACJI (API),"orig_uzasadnienie: Bezpośrednie dopasowanie do ryo/myo, gilz lub nabijarek; zasięg ponadregionalny. | orig_uwagi: Nie potwierdzone | Status źródłowy: Dostępny w katalogu | orig_next: Telefon do działu zakupów + personalizowany e-mail tego samego dnia | user_orig_priorytet='A1 — kontakt natychmiast' | user_orig_score=98 | user_orig_segment='S1 — RYO/MYO, gilzy i nabijarki' | ex-A4 → B4 (no NIP, L1 research needed)",duży
LD,łódzkie,województwo,,,PL-A-LD-001,B4,TOPartner,PL,Pabianice,"ul. Warszawska 44/50, 95-200 Pabianice",,,https://topartner.pl,,kontakt@topartner.pl,+48 42 214 53 98,,,,,hurtownik,"MOODS, Al Capone, Smoking, Retro",,Chiny,średni,🟢,B2B only,3,średni,Dział handlowy,Sprzedaż hurtowa,,intake_PL_2026-08-10 | https://topartner.pl/ | https://topartner.pl,,🔍 🔍 2026-08-10 ⚠️ DO-WERYFIKACJI (API),"orig_uzasadnienie: Bezpośrednie dopasowanie do ryo/myo, gilz lub nabijarek; kompetencje importowo-dystrybucyjne. | orig_uwagi: Dobre dopasowanie produktowe; konieczne potwierdzenie aktualnej działalności i danych prawnych. | Status źródłowy: Do weryfikacji — źródło katalogowe | orig_next: Telefon do działu zakupów + personalizowany e-mail tego samego dnia | user_orig_priorytet='A1 — kontakt natychmiast' | user_orig_score=95 | user_orig_segment='S1 — RYO/MYO, gilzy i nabijarki' | ex-A4 → B4 (no NIP, L1 research needed)",duży
ZP,zachodniopomorskie,województwo,,,PL-A-ZP-002,B4,West Trading,PL,Szczecin,"Limonkowa 1, 70-001 Ustowo (Szczecin)",,,https://westtrading.pl,,zamowienia.szczecin@westtrading.pl; zamowienia.swinoujscie@westtrading.pl,+48 515 739 764; +48 91 460 00 34; +48 695 870 780,,,,,hurtownik,,,mix,średni,🟢,mix,3,średni,Dział zamówień / współpracy B2B,Dział handlowy,,intake_PL_2026-08-10 | https://westtrading.pl/kontakt/ | https://westtrading.pl,,🔍 🔍 2026-08-10 ⚠️ DO-WERYFIKACJI (API),"orig_uzasadnienie: Bezpośrednie dopasowanie do ryo/myo, gilz lub nabijarek. | orig_uwagi: Dystrybucja wyrobów tytoniowych i akcesoriów; dostawy do punktów detalicznych. | TAK | Status źródłowy: Niezweryfikowany | orig_next: Telefon do działu zakupów + personalizowany e-mail tego samego dnia | user_orig_priorytet='A1 — kontakt natychmiast' | user_orig_score=91 | user_orig_segment='S1 — RYO/MYO, gilzy i nabijarki' | ex-A4 → B4 (no NIP, L1 research needed)",duży
SL,śląskie,województwo,,,PL-A-SL-001,B4,Pavolt.pl,PL,Ogólnopolska,"Główna 8, 42-256 Zrębice",,,https://pavolt.pl/nabijarki-c-...,,sklep@pavolt.pl,+48 735 222 777,,,,,hurtownik,,,mix,średni,🟢,B2B only,3,średni,Właściciel / dział sprzedaży,Sprzedaż internetowa,,intake_PL_2026-08-10 | https://pavolt.pl/kontakt-f-1.html | https://pavolt.pl/nabijarki-c-...,,🔍 🔍 2026-08-10 ⚠️ DO-WERYFIKACJI (API),"orig_uzasadnienie: Bezpośrednie dopasowanie do ryo/myo, gilz lub nabijarek; zasięg ponadregionalny. | orig_uwagi: TAK | Status źródłowy: Niezweryfikowany | orig_next: Telefon do działu zakupów + personalizowany e-mail tego samego dnia | user_orig_priorytet='A1 — kontakt natychmiast' | user_orig_score=89 | user_orig_segment='S1 — RYO/MYO, gilzy i nabijarki' | ex-A4 → B4 (no NIP, L1 research needed)",duży
DS,dolnośląskie,województwo,,,PL-A-DS-001,B4,Hawana Tabacco / Golden Filter,PL,Kamienna Góra,"ul. Wałbrzyska 18, 58-400 Kamienna Góra",,,https://www.goldenfilter.pl/,,hawanatabacco@o2.pl,+48 75 744 50 34,,,,,hurtownik,,,Chiny,średni,🟢,mix,3,średni,,,,intake_PL_2026-08-10 | https://www.goldenfilter.pl/,,🔴🔍 🔍 2026-08-10 ⚠️ DO-WERYFIKACJI (API),"orig_uzasadnienie: Bezpośrednie dopasowanie do ryo/myo, gilz lub nabijarek; kompetencje importowo-dystrybucyjne; wymaga rozmowy strategicznej zamiast standardowej oferty. | orig_uwagi: Jeden z najlepszych potencjalnych partnerów produktowych dla Powermatic/Hawk-Matic. | Status źródłowy: Zweryfikowany — aktywna strona | orig_next: Rozmowa strategiczna z dyrektorem handlowym; bez standardowego cold maila | user_orig_priorytet='A1 — kontakt natychmiast' | user_orig_score=88 | user_orig_segment='S1 — RYO/MYO, gilzy i nabijarki' | ex-A4 → B4 (no NIP, L1 research needed)",duży
WP,wielkopolskie,województwo,,,PL-A-WP-001,B4,SklepTytoniowy.pl,PL,,"ul. Złota 126, 62-800 Kalisz",,,https://skleptytoniowy.pl,,biuro@skleptytoniowy.pl,+48 62 767 46 07; +48 515 230 341,,,,,hurtownik,,,mix,średni,🟢,mix,3,średni,Dział handlowy Tabak Grupa,Internetowa hurtownia tytoniowa,,intake_PL_2026-08-10 | https://www.skleptytoniowy.pl/logowanie | https://skleptytoniowy.pl,,🔍 🔍 2026-08-10 ⚠️ DO-WERYFIKACJI (API),"orig_uzasadnienie: Bezpośrednie dopasowanie do ryo/myo, gilz lub nabijarek. | orig_uwagi: Deklaruje około 40 sklepów stacjonarnych i sprzedaż wyrobów tytoniowych wyłącznie firmom. | Nie potwierdzone | Status źródłowy: Niezweryfikowany | orig_next: Telefon do działu zakupów + personalizowany e-mail tego samego dnia | user_orig_priorytet='A1 — kontakt natychmiast' | user_orig_score=86 | user_orig_segment='S1 — RYO/MYO, gilzy i nabijarki' | ex-A4 → B4 (no NIP, L1 research needed)",duży
PM,pomorskie,województwo,,,PL-A-PM-003,B4,Don Marco International Sp. z o.o.,PL,,"ul. Jodłowa 20, 80-633 Gdańsk; magazyn: ul. Budowlanych 15A, Gdańsk",,,https://donmarco.pl,,donmarco@donmarco.pl,+48 882 551 017; +48 602 264 080,,,,,hurtownik,,,mix,mały,🟢,B2B only,3,średni,Dział zamówień i wysyłek,Importer i dystrybutor,,intake_PL_2026-08-10 | https://www.donmarco.pl/pl/text/27-KONTAKT.php | https://donmarco.pl,,🔍 🔍 2026-08-10 ⚠️ DO-WERYFIKACJI (API),"orig_uzasadnienie: Bezpośrednie dopasowanie do ryo/myo, gilz lub nabijarek; zasięg ponadregionalny. | orig_uwagi: Importer zapalniczek, akcesoriów trafikowych i artykułów impulsowych. | Nie potwierdzone | Status źródłowy: Dostępny w katalogu | orig_next: Telefon do działu zakupów + personalizowany e-mail tego samego dnia | user_orig_priorytet='A1 — kontakt natychmiast' | user_orig_score=84 | user_orig_segment='S1 — RYO/MYO, gilzy i nabijarki' | ex-A4 → B4 (no NIP, L1 research needed)",duży
KP,kujawsko-pomorskie,województwo,,,PL-A-KP-001,B4,MRC Trade,PL,,"ul. Włocławska 171A, 87-100 Toruń",,,https://mrctrade.pl,,biuro@mrctrade.pl; export@mrctrade.pl,+48 797 724 344; +48 784 901 554,,,,,hurtownik,,,Chiny,duży,🟢,mix,3,średni,Dział sprzedaży / przedstawiciele regionalni,Sprzedaż krajowa i vanselling,,intake_PL_2026-08-10 | https://mrctrade.pl/kontakt/ | https://mrctrade.pl/oferta/ | https://mrctrade.pl,,🔴🔍 🔍 2026-08-10 ⚠️ DO-WERYFIKACJI (API),"orig_uzasadnienie: Bezpośrednie dopasowanie do ryo/myo, gilz lub nabijarek; kompetencje importowo-dystrybucyjne; wymaga rozmowy strategicznej zamiast standardowej oferty. | orig_uwagi: Producent gilz i filtrów, własna sieć przedstawicieli w 13 województwach; kontakt strategiczny. | Domestic Polish producer of cigarette tubes and filters supplying wholesale channels. | orig_next: Rozmowa strategiczna z dyrektorem handlowym; bez standardowego cold maila | user_orig_priorytet='A1 — kontakt natychmiast' | user_orig_score=83 | user_orig_segment='S1 — RYO/MYO, gilzy i nabijarki' | ex-A4 → B4 (no NIP, L1 research needed)",duży
,Ogólnopolska,,,,PL-A-XX-003,B4,Fortrade,PL,,Poland,,,https://fortrade.pl,,,,,,,,hurtownik,,,mix,mały,🟢,B2B only,3,średni,,,,intake_PL_2026-08-10 | https://fortrade.pl,,🔍 🔍 2026-08-10 ⚠️ DO-WERYFIKACJI (API),"orig_uzasadnienie: Bezpośrednie dopasowanie do ryo/myo, gilz lub nabijarek; zasięg ponadregionalny. | orig_uwagi: Nie potwierdzone | Status źródłowy: Dostępny w katalogu | orig_next: E-mail handlowy + telefon follow-up w ciągu 48 godzin | user_orig_priorytet='A2 — kontakt w 7 dni' | user_orig_score=81 | user_orig_segment='S1 — RYO/MYO, gilzy i nabijarki' | ex-A4 → B4 (no NIP, L1 research needed)",duży
,Ogólnopolska,,,,PL-A-XX-004,B4,Tobacco Concept Factory (TCF),PL,,,,,https://tcf.com.pl,,,,,,,,hurtownik,,,mix,duży,🟢,B2B only,3,średni,,,,intake_PL_2026-08-10 | https://tcf.com.pl,,🔍 🔍 2026-08-10 ⚠️ DO-WERYFIKACJI (API),"orig_uzasadnienie: Bezpośrednie dopasowanie do ryo/myo, gilz lub nabijarek; zasięg ponadregionalny. | orig_uwagi: Major B2B distributor of smoking accessories, tubes, filters, and papers. | orig_next: E-mail handlowy + telefon follow-up w ciągu 48 godzin | user_orig_priorytet='A2 — kontakt w 7 dni' | user_orig_score=81 | user_orig_segment='S1 — RYO/MYO, gilzy i nabijarki' | ex-A4 → B4 (no NIP, L1 research needed)",duży
,Ogólnopolska,,,,PL-A-XX-006,B4,TwojePapierosy.pl,PL,Ogólnopolska,Online (Poland-wide),,,https://twojepapierosy.pl,,,,,,,,hurtownik,,,mix,średni,🟢,mix,3,średni,,,,intake_PL_2026-08-10 | https://twojepapierosy.pl,,🔍 🔍 2026-08-10 ⚠️ DO-WERYFIKACJI (API),"orig_uzasadnienie: Bezpośrednie dopasowanie do ryo/myo, gilz lub nabijarek; zasięg ponadregionalny. | orig_uwagi: TAK | Status źródłowy: Niezweryfikowany | orig_next: E-mail handlowy + telefon follow-up w ciągu 48 godzin | user_orig_priorytet='A2 — kontakt w 7 dni' | user_orig_score=80 | user_orig_segment='S1 — RYO/MYO, gilzy i nabijarki' | ex-A4 → B4 (no NIP, L1 research needed)",duży
,Ogólnopolska,,,,PL-A-XX-007,B4,Hurtownia Kaziool,PL,,Poland,,,https://kaziool.pl,,,,,,,,hurtownik,,,mix,mały,🟢,B2B only,3,średni,,,,intake_PL_2026-08-10 | https://kaziool.pl,,🔍 🔍 2026-08-10 ⚠️ DO-WERYFIKACJI (API),"orig_uzasadnienie: Bezpośrednie dopasowanie do ryo/myo, gilz lub nabijarek; zasięg ponadregionalny. | orig_uwagi: Nie potwierdzone | Status źródłowy: Aktywny | orig_next: E-mail handlowy + telefon follow-up w ciągu 48 godzin | user_orig_priorytet='A2 — kontakt w 7 dni' | user_orig_score=80 | user_orig_segment='S1 — RYO/MYO, gilzy i nabijarki' | ex-A4 → B4 (no NIP, L1 research needed)",duży
MZ,mazowieckie,województwo,,,PL-A-MZ-005,B4,Orion Tobacco Poland Sp. z o.o.,PL,Goszczyn,"Jakubów 5, 05-610 Goszczyn",,,https://orion-orion.pl,,karolina@orion.mail.pl; orion@orion.mail.pl,+48 48 663 25 46; +48 48 663 28 10,,,,,hurtownik,,,mix,duży,🟢,B2B only,3,średni,Karolina Kornaszewska,Dział sprzedaży krajowej,,intake_PL_2026-08-10 | https://orion-orion.pl/kontakt-3/ | https://orion-orion.pl,,🔴🔍 🔍 2026-08-10 ⚠️ DO-WERYFIKACJI (API),"orig_uzasadnienie: Bezpośrednie dopasowanie do ryo/myo, gilz lub nabijarek; wymaga rozmowy strategicznej zamiast standardowej oferty. | orig_uwagi: Producent gilz, filtrów, tytoniu i akcesoriów. Możliwy konflikt produktowy; kontakt strategiczny. | Nie potwierdzone | Status źródłowy: Dostępny w katalogu | orig_next: Rozmowa strategiczna z dyrektorem handlowym; bez standardowego cold maila | user_orig_priorytet='A2 — kontakt w 7 dni' | user_orig_score=79 | user_orig_segment='S1 — RYO/MYO, gilzy i nabijarki' | ex-A4 → B4 (no NIP, L1 research needed)",duży
PM,pomorskie,województwo,,,PL-A-PM-004,B4,Wasserman,PL,Szczecin,"Szczecin, Poland",,,https://www.wasserman.eu,,sklep@wasserman.pl,,,,,,hurtownik,Gerui,Gerui,mix,,🔴,mix,3,średni,,,,intake_PL_2026-08-10 | https://www.wasserman.eu,,🟡🔍 🔍 2026-08-10 ⚠️ DO-WERYFIKACJI (API),"orig_uzasadnienie: Bezpośrednie dopasowanie do ryo/myo, gilz lub nabijarek. | orig_uwagi: Status źródłowy: Aktywny | orig_next: E-mail handlowy + telefon follow-up w ciągu 48 godzin | user_orig_priorytet='A2 — kontakt w 7 dni' | user_orig_score=78 | user_orig_segment='S1 — RYO/MYO, gilzy i nabijarki' | ex-A4 → B4 (no NIP, L1 research needed)",duży
,Ogólnopolska,,,,PL-A-XX-008,B4,Shishka79.pl,PL,Ogólnopolska,"Poland-wide, Polska",,,https://www.shishka79.pl/180-nabijarki-tlokowe,,,,,,,,hurtownik,,,mix,średni,🟢,B2B only,3,średni,,,,intake_PL_2026-08-10 | https://www.shishka79.pl/180-nabijarki-tlokowe,,🔍 🔍 2026-08-10 ⚠️ DO-WERYFIKACJI (API),"orig_uzasadnienie: Bezpośrednie dopasowanie do ryo/myo, gilz lub nabijarek; zasięg ponadregionalny. | orig_uwagi: Dodano z hurtownicy_pl_127.html; Asortyment: Piston injectors for cigarettes | Status źródłowy: Aktywny | orig_next: E-mail handlowy + telefon follow-up w ciągu 48 godzin | user_orig_priorytet='A2 — kontakt w 7 dni' | user_orig_score=78 | user_orig_segment='S1 — RYO/MYO, gilzy i nabijarki' | ex-A4 → B4 (no NIP, L1 research needed)",duży
DS,dolnośląskie,województwo,,,PL-A-DS-002,B4,P.H.U. TOP Sp.j. S. Magiera i wspólnicy / Silverado,PL,Wrocław,"ul. Metalowców 25, 54-156 Wrocław",,,https://www.silverado-top.pl,,,,,,,,hurtownik,,,mix,średni,🟢,B2B only,3,średni,,,,intake_PL_2026-08-10 | https://www.silverado-top.pl,,🔍 🔍 2026-08-10 ⚠️ DO-WERYFIKACJI (API),"orig_uzasadnienie: Bezpośrednie dopasowanie do ryo/myo, gilz lub nabijarek. | orig_uwagi: Przed kontaktem sprawdzić aktywność strony, dane rejestrowe i aktualną ofertę. | Status źródłowy: Do weryfikacji — źródło katalogowe | orig_next: E-mail handlowy + telefon follow-up w ciągu 48 godzin | user_orig_priorytet='A2 — kontakt w 7 dni' | user_orig_score=78 | user_orig_segment='S1 — RYO/MYO, gilzy i nabijarki' | ex-A4 → B4 (no NIP, L1 research needed)",duży
MA,małopolskie,województwo,,,PL-A-MA-002,B4,MARWIN POLSKA,PL,Kraków,"ul. Mistrzejowicka 2, 31-651 Kraków",,,http://www.marwinpolska.pl,,,,,,,,hurtownik,,,mix,średni,🟢,B2B only,3,średni,,,,intake_PL_2026-08-10 | http://www.marwinpolska.pl,,🔍 🔍 2026-08-10 ⚠️ DO-WERYFIKACJI (API),"orig_uzasadnienie: Bezpośrednie dopasowanie do ryo/myo, gilz lub nabijarek. | orig_uwagi: Warto zweryfikować, czy firma nadal prowadzi aktywną sprzedaż hurtową. | Status źródłowy: Do weryfikacji — źródło katalogowe | orig_next: E-mail handlowy + telefon follow-up w ciągu 48 godzin | user_orig_priorytet='A2 — kontakt w 7 dni' | user_orig_score=78 | user_orig_segment='S1 — RYO/MYO, gilzy i nabijarki' | ex-A4 → B4 (no NIP, L1 research needed)",duży
,Ogólnopolska,,,,PL-A-XX-009,B4,MAGNUS,PL,,,,,https://magnustobacco.com,,,,,,,,hurtownik,,,Chiny,duży,🟢,mix,3,średni,,,,intake_PL_2026-08-10 | https://magnustobacco.com,,🔴🔍 🔍 2026-08-10 ⚠️ DO-WERYFIKACJI (API),"orig_uzasadnienie: Bezpośrednie dopasowanie do ryo/myo, gilz lub nabijarek; zasięg ponadregionalny; kompetencje importowo-dystrybucyjne. | orig_uwagi: Producer of cigarette tubes, including Private Label manufacturing for B2B. | orig_next: Rozmowa strategiczna z dyrektorem handlowym; bez standardowego cold maila | user_orig_priorytet='A2 — kontakt w 7 dni' | user_orig_score=75 | user_orig_segment='S1 — RYO/MYO, gilzy i nabijarki' | ex-A4 → B4 (no NIP, L1 research needed)",duży
SK,świętokrzyskie,województwo,,,PL-A-SK-001,B4,JOKO Hurtownia M. Cukrowska,PL,Końskie,"ul. Warszawska 49, 26-200 Końskie",,,,,,,,,,,hurtownik,,,mix,średni,🟢,B2B only,3,średni,,,,intake_PL_2026-08-10 (user_score=75),,🔍 🔍 2026-08-10 ⚠️ DO-WERYFIKACJI (API),"orig_uzasadnienie: Bezpośrednie dopasowanie do ryo/myo, gilz lub nabijarek. | orig_uwagi: Zweryfikować aktywność, NIP i dostępność akcesoriów RYO. | Status źródłowy: Do weryfikacji — katalog | orig_next: E-mail handlowy + telefon follow-up w ciągu 48 godzin | user_orig_priorytet='A2 — kontakt w 7 dni' | user_orig_score=75 | user_orig_segment='S1 — RYO/MYO, gilzy i nabijarki' | ex-A4 → B4 (no NIP, L1 research needed)",duży
,Nieustalony,,,,PL-A-XX-010,B4,Verk Store,PL,,Poland,,,https://verk.store,,,,,,,,hurtownik,Zen,Zen,mix,,🔴,mix,3,średni,,,,intake_PL_2026-08-10 | https://verk.store,,🟡🔍 🔍 2026-08-10 ⚠️ DO-WERYFIKACJI (API),"orig_uzasadnienie: Bezpośrednie dopasowanie do ryo/myo, gilz lub nabijarek. | orig_uwagi: Status źródłowy: Aktywny | orig_next: E-mail handlowy + telefon follow-up w ciągu 48 godzin | user_orig_priorytet='A2 — kontakt w 7 dni' | user_orig_score=72 | user_orig_segment='S1 — RYO/MYO, gilzy i nabijarki' | ex-A4 → B4 (no NIP, L1 research needed)",duży
,Nieustalony,,,,PL-A-XX-011,B4,Shisha Sklep,PL,Warsaw,"Warsaw, Poland",,,https://shishasklep.pl,,,,,,,,hurtownik,,,mix,,🔴,mix,3,średni,,,,intake_PL_2026-08-10 | https://shishasklep.pl,,🔍 🔍 2026-08-10 ⚠️ DO-WERYFIKACJI (API),"orig_uzasadnienie: Bezpośrednie dopasowanie do ryo/myo, gilz lub nabijarek. | orig_uwagi: Status źródłowy: Aktywny | orig_next: E-mail handlowy + telefon follow-up w ciągu 48 godzin | user_orig_priorytet='A2 — kontakt w 7 dni' | user_orig_score=72 | user_orig_segment='S1 — RYO/MYO, gilzy i nabijarki' | ex-A4 → B4 (no NIP, L1 research needed)",duży
,Nieustalony,,,,PL-A-XX-012,B4,Alisa.shop,PL,,Poland,,,https://alisa.shop,,,,,,,,hurtownik,Zen,Zen,mix,,🔴,mix,3,średni,,,,intake_PL_2026-08-10 | https://alisa.shop,,🟡🔍 🔍 2026-08-10 ⚠️ DO-WERYFIKACJI (API),"orig_uzasadnienie: Bezpośrednie dopasowanie do ryo/myo, gilz lub nabijarek. | orig_uwagi: Status źródłowy: Aktywny | orig_next: E-mail handlowy + telefon follow-up w ciągu 48 godzin | user_orig_priorytet='A2 — kontakt w 7 dni' | user_orig_score=72 | user_orig_segment='S1 — RYO/MYO, gilzy i nabijarki' | ex-A4 → B4 (no NIP, L1 research needed)",duży
SL,śląskie,województwo,,,PL-A-SL-002,B4,Allegro: PAVOLT_pl,PL,,"Główna 8, 42-256 Zrębice",,,https://allegro.pl/uzytkownik/PAVOLT_pl,,sklep@pavolt.pl,+48 735 222 777,,,,,hurtownik,,,mix,,🔴,,3,średni,Właściciel / dział sprzedaży,Sprzedaż internetowa,,intake_PL_2026-08-10 | https://pavolt.pl/kontakt-f-1.html | https://allegro.pl/uzytkownik/PAVOLT_pl,,🔍 🔍 2026-08-10 ⚠️ DO-WERYFIKACJI (API),"orig_uzasadnienie: Bezpośrednie dopasowanie do ryo/myo, gilz lub nabijarek. | orig_uwagi: Kilkanaście ofert, droższe urządzenia elektryczne. Dobry cel dla Bills ze stabilnym serwisem. | Status źródłowy: Niezweryfikowany | orig_next: Dodać do kampanii regionalnej i wykonać follow-up telefoniczny | user_orig_priorytet='B — kampania regionalna' | user_orig_score=69 | user_orig_segment='S1 — RYO/MYO, gilzy i nabijarki' | ex-A4 → B4 (no NIP, L1 research needed)",duży
,Nieustalony,,,,PL-A-XX-013,B4,sstrzelec (Allegro),PL,,Polska (Sprzedawca Allegro),,,https://allegro.pl/uzytkownik/sstrzelec,,,,,,,,hurtownik,,,mix,,🔴,,3,średni,,,,intake_PL_2026-08-10 | https://allegro.pl/uzytkownik/sstrzelec,,🔍 🔍 2026-08-10 ⚠️ DO-WERYFIKACJI (API),"orig_uzasadnienie: Bezpośrednie dopasowanie do ryo/myo, gilz lub nabijarek. | orig_uwagi: Status źródłowy: Aktywny | orig_next: Dodać do kampanii regionalnej i wykonać follow-up telefoniczny | user_orig_priorytet='B — kampania regionalna' | user_orig_score=68 | user_orig_segment='S1 — RYO/MYO, gilzy i nabijarki' | ex-A4 → B4 (no NIP, L1 research needed)",duży
,Ogólnopolska,,,,PL-A-XX-015,B4,Allegro: zico_tabak,PL,,,,,https://allegro.pl/uzytkownik/zico_tabak,,,,,,,,hurtownik,Mascotte,Mascotte,mix,,🔴,,3,średni,,,,intake_PL_2026-08-10 | https://allegro.pl/uzytkownik/zico_tabak,,🟡🔍 🔍 2026-08-10 ⚠️ DO-WERYFIKACJI (API),"orig_uzasadnienie: Bezpośrednie dopasowanie do ryo/myo, gilz lub nabijarek; zasięg ponadregionalny. | orig_uwagi: Konto związane z trafiką, oferuje Mascotte, Guliwer. | Status źródłowy: Niezweryfikowany | orig_next: Dodać do kampanii regionalnej i wykonać follow-up telefoniczny | user_orig_priorytet='B — kampania regionalna' | user_orig_score=65 | user_orig_segment='S1 — RYO/MYO, gilzy i nabijarki' | ex-A4 → B4 (no NIP, L1 research needed)",duży
,Ogólnopolska,,,,PL-A-XX-016,B4,Allegro: sstrzelec,PL,,,,,https://allegro.pl/uzytkownik/sstrzelec,,,,,,,,hurtownik,"Mascotte, OCB",Mascotte,mix,,🔴,,3,średni,,,,intake_PL_2026-08-10 | https://allegro.pl/uzytkownik/sstrzelec,,🟡🔍 🔍 2026-08-10 ⚠️ DO-WERYFIKACJI (API),"orig_uzasadnienie: Bezpośrednie dopasowanie do ryo/myo, gilz lub nabijarek; zasięg ponadregionalny. | orig_uwagi: Specjalistyczny sprzedawca z ofertą OCB Mikromatic, Mascotte, Kompan. Tysiące ocen, Super Sprzedawca. | Status źródłowy: Niezweryfikowany | orig_next: Dodać do kampanii regionalnej i wykonać follow-up telefoniczny | user_orig_priorytet='B — kampania regionalna' | user_orig_score=65 | user_orig_segment='S1 — RYO/MYO, gilzy i nabijarki' | ex-A4 → B4 (no NIP, L1 research needed)",duży
,Ogólnopolska,,,,PL-A-XX-017,B4,Allegro: retoo,PL,,,,,https://allegro.pl/uzytkownik/retoo,,,,,,,,hurtownik,,,mix,,🔴,,3,średni,,,,intake_PL_2026-08-10 | https://allegro.pl/uzytkownik/retoo,,🔍 🔍 2026-08-10 ⚠️ DO-WERYFIKACJI (API),"orig_uzasadnienie: Bezpośrednie dopasowanie do ryo/myo, gilz lub nabijarek; zasięg ponadregionalny. | orig_uwagi: Duży sprzedawca użytkowy, tanie modele elektryczne. Duży wolumen, mniej branżowy. | Status źródłowy: Niezweryfikowany | orig_next: Dodać do kampanii regionalnej i wykonać follow-up telefoniczny | user_orig_priorytet='B — kampania regionalna' | user_orig_score=65 | user_orig_segment='S1 — RYO/MYO, gilzy i nabijarki' | ex-A4 → B4 (no NIP, L1 research needed)",duży
,Ogólnopolska,,,,PL-A-XX-018,B4,Allegro: przykasowe,PL,,,,,https://allegro.pl/uzytkownik/przykasowe,,,,,,,,hurtownik,"Mascotte, Matteo",Mascotte,mix,,🔴,,3,średni,,,,intake_PL_2026-08-10 | https://allegro.pl/uzytkownik/przykasowe,,🟡🔍 🔍 2026-08-10 ⚠️ DO-WERYFIKACJI (API),"orig_uzasadnienie: Bezpośrednie dopasowanie do ryo/myo, gilz lub nabijarek; zasięg ponadregionalny. | orig_uwagi: Szeroki zestaw produktów Mascotte, Kompan, Matteo. | Status źródłowy: Niezweryfikowany | orig_next: Dodać do kampanii regionalnej i wykonać follow-up telefoniczny | user_orig_priorytet='B — kampania regionalna' | user_orig_score=65 | user_orig_segment='S1 — RYO/MYO, gilzy i nabijarki' | ex-A4 → B4 (no NIP, L1 research needed)",duży
,Ogólnopolska,,,,PL-A-XX-020,B4,Allegro: eempire,PL,,,,,https://allegro.pl/uzytkownik/eempire,,,,,,,,hurtownik,,,mix,,🔴,,3,średni,,,,intake_PL_2026-08-10 | https://allegro.pl/uzytkownik/eempire,,🔍 🔍 2026-08-10 ⚠️ DO-WERYFIKACJI (API),"orig_uzasadnienie: Bezpośrednie dopasowanie do ryo/myo, gilz lub nabijarek; zasięg ponadregionalny. | orig_uwagi: Sprzedaje elektryczne i tłokowe urządzenia w cenie ~250 zł. Konkurent / reseller. | Status źródłowy: Niezweryfikowany | orig_next: Dodać do kampanii regionalnej i wykonać follow-up telefoniczny | user_orig_priorytet='B — kampania regionalna' | user_orig_score=65 | user_orig_segment='S1 — RYO/MYO, gilzy i nabijarki' | ex-A4 → B4 (no NIP, L1 research needed)",duży
,Ogólnopolska,,,,PL-A-XX-021,B4,Allegro: dominikmarket,PL,,,,,https://allegro.pl/uzytkownik/dominikmarket,,,,,,,,hurtownik,,,mix,,🔴,,3,średni,,,,intake_PL_2026-08-10 | https://allegro.pl/uzytkownik/dominikmarket,,🔍 🔍 2026-08-10 ⚠️ DO-WERYFIKACJI (API),"orig_uzasadnienie: Bezpośrednie dopasowanie do ryo/myo, gilz lub nabijarek; zasięg ponadregionalny. | orig_uwagi: Wysoka sprzedaż jednej z nabijarek. Warto zbadać hurt/źródła. | Status źródłowy: Niezweryfikowany | orig_next: Dodać do kampanii regionalnej i wykonać follow-up telefoniczny | user_orig_priorytet='B — kampania regionalna' | user_orig_score=65 | user_orig_segment='S1 — RYO/MYO, gilzy i nabijarki' | ex-A4 → B4 (no NIP, L1 research needed)",duży
,Ogólnopolska,,,,PL-A-XX-022,B4,Allegro: Weed4u,PL,,,,,https://allegro.pl/uzytkownik/Weed4u,,,,,,,,hurtownik,Mascotte,Mascotte,mix,,🔴,,3,średni,,,,intake_PL_2026-08-10 | https://allegro.pl/uzytkownik/Weed4u,,🟡🔍 🔍 2026-08-10 ⚠️ DO-WERYFIKACJI (API),"orig_uzasadnienie: Bezpośrednie dopasowanie do ryo/myo, gilz lub nabijarek; zasięg ponadregionalny. | orig_uwagi: Ręczne Mascotte i Kompan. Baza do upsellu na elektryki. | Status źródłowy: Niezweryfikowany | orig_next: Dodać do kampanii regionalnej i wykonać follow-up telefoniczny | user_orig_priorytet='B — kampania regionalna' | user_orig_score=65 | user_orig_segment='S1 — RYO/MYO, gilzy i nabijarki' | ex-A4 → B4 (no NIP, L1 research needed)",duży
,Ogólnopolska,,,,PL-A-XX-023,B4,Allegro: NABIJARKI_pl,PL,,,,,https://allegro.pl/uzytkownik/NABIJARKI_pl,,,,,,,,hurtownik,,,mix,,🔴,,3,średni,,,,intake_PL_2026-08-10 | https://allegro.pl/uzytkownik/NABIJARKI_pl,,🔍 🔍 2026-08-10 ⚠️ DO-WERYFIKACJI (API),"orig_uzasadnienie: Bezpośrednie dopasowanie do ryo/myo, gilz lub nabijarek; zasięg ponadregionalny. | orig_uwagi: Profil specjalistyczny (standard, slim, superslim). | Status źródłowy: Niezweryfikowany | orig_next: Dodać do kampanii regionalnej i wykonać follow-up telefoniczny | user_orig_priorytet='B — kampania regionalna' | user_orig_score=65 | user_orig_segment='S1 — RYO/MYO, gilzy i nabijarki' | ex-A4 → B4 (no NIP, L1 research needed)",duży
,Ogólnopolska,,,,PL-A-XX-024,B4,Allegro: Flawonoid,PL,,,,,https://allegro.pl/uzytkownik/Flawonoid,,,,,,,,hurtownik,OCB,,mix,,🔴,,3,średni,,,,intake_PL_2026-08-10 | https://allegro.pl/uzytkownik/Flawonoid,,🔍 🔍 2026-08-10 ⚠️ DO-WERYFIKACJI (API),"orig_uzasadnienie: Bezpośrednie dopasowanie do ryo/myo, gilz lub nabijarek; zasięg ponadregionalny. | orig_uwagi: Oferuje kilka rodzajów nabijarek, w tym OCB Mikromatic. | Status źródłowy: Niezweryfikowany | orig_next: Dodać do kampanii regionalnej i wykonać follow-up telefoniczny | user_orig_priorytet='B — kampania regionalna' | user_orig_score=65 | user_orig_segment='S1 — RYO/MYO, gilzy i nabijarki' | ex-A4 → B4 (no NIP, L1 research needed)",duży
,Ogólnopolska,,,,PL-A-XX-025,B4,Allegro: AnyTech_pl,PL,,,,,https://allegro.pl/uzytkownik/AnyTech_pl,,,,,,,,hurtownik,,,mix,,🔴,,3,średni,,,,intake_PL_2026-08-10 | https://allegro.pl/uzytkownik/AnyTech_pl,,🔍 🔍 2026-08-10 ⚠️ DO-WERYFIKACJI (API),"orig_uzasadnienie: Bezpośrednie dopasowanie do ryo/myo, gilz lub nabijarek; zasięg ponadregionalny. | orig_uwagi: Super Sprzedawca, nabijarki elektryczne tłokowe. | Status źródłowy: Niezweryfikowany | orig_next: Dodać do kampanii regionalnej i wykonać follow-up telefoniczny | user_orig_priorytet='B — kampania regionalna' | user_orig_score=65 | user_orig_segment='S1 — RYO/MYO, gilzy i nabijarki' | ex-A4 → B4 (no NIP, L1 research needed)",duży
SL,śląskie,województwo,,,PL-A-SL-003,B4,Trezo Sp. z o.o.,PL,Sosnowiec,"ul. Główna 26C, 41-215 Sosnowiec",,,https://trezo.com.pl,,,,,,,,hurtownik,,,mix,duży,🟢,B2B only,3,średni,,,,intake_PL_2026-08-10 | https://trezo.com.pl,,🔴🔍 🔍 2026-08-10 ⚠️ DO-WERYFIKACJI (API),"orig_uzasadnienie: Bezpośrednie dopasowanie do ryo/myo, gilz lub nabijarek; wymaga rozmowy strategicznej zamiast standardowej oferty. | orig_uwagi: Nie potwierdzone | Status źródłowy: Dostępny w katalogu | orig_next: Rozmowa strategiczna z dyrektorem handlowym; bez standardowego cold maila | user_orig_priorytet='B — kampania regionalna' | user_orig_score=64 | user_orig_segment='S1 — RYO/MYO, gilzy i nabijarki' | ex-A4 → B4 (no NIP, L1 research needed)",duży
,Ogólnopolska,,,,PL-A-XX-026,B4,Promotorzy Sp. z o.o.,PL,Ogólnokrajowy,Poland (headquarters not publicly listed),,,https://promotorzy.pl,,,,,,,,hurtownik,,,mix,duży,🟢,B2B only,3,średni,,,,intake_PL_2026-08-10 | https://promotorzy.pl,,🔴🔍 🔍 2026-08-10 ⚠️ DO-WERYFIKACJI (API),"orig_uzasadnienie: Bezpośrednie dopasowanie do ryo/myo, gilz lub nabijarek; zasięg ponadregionalny; wymaga rozmowy strategicznej zamiast standardowej oferty. | orig_uwagi: Nie potwierdzone | Status źródłowy: Dostępny w katalogu | orig_next: Rozmowa strategiczna z dyrektorem handlowym; bez standardowego cold maila | user_orig_priorytet='B — kampania regionalna' | user_orig_score=64 | user_orig_segment='S1 — RYO/MYO, gilzy i nabijarki' | ex-A4 → B4 (no NIP, L1 research needed)",duży
,Nieustalony,,,,PL-A-XX-027,B4,Huzark,PL,,Poland,,,https://huzark.com,,,,,,,,hurtownik,,,mix,duży,🟢,B2B only,3,średni,,,,intake_PL_2026-08-10 | https://huzark.com,,🔴🔍 🔍 2026-08-10 ⚠️ DO-WERYFIKACJI (API),"orig_uzasadnienie: Bezpośrednie dopasowanie do ryo/myo, gilz lub nabijarek; wymaga rozmowy strategicznej zamiast standardowej oferty. | orig_uwagi: Nie potwierdzone | Status źródłowy: Dostępny w katalogu | orig_next: Rozmowa strategiczna z dyrektorem handlowym; bez standardowego cold maila | user_orig_priorytet='B — kampania regionalna' | user_orig_score=64 | user_orig_segment='S1 — RYO/MYO, gilzy i nabijarki' | ex-A4 → B4 (no NIP, L1 research needed)",duży
,Ogólnopolska,,,,PL-A-XX-028,B4,Tobacchem,PL,,Poland,,,https://tobacchem.pl,,,,,,,,hurtownik,,,mix,duży,🟢,B2B only,3,średni,,,,intake_PL_2026-08-10 | https://tobacchem.pl,,🔴🔍 🔍 2026-08-10 ⚠️ DO-WERYFIKACJI (API),"orig_uzasadnienie: Bezpośrednie dopasowanie do ryo/myo, gilz lub nabijarek; zasięg ponadregionalny; wymaga rozmowy strategicznej zamiast standardowej oferty. | orig_uwagi: Nie potwierdzone | Status źródłowy: Aktywny | orig_next: Rozmowa strategiczna z dyrektorem handlowym; bez standardowego cold maila | user_orig_priorytet='B — kampania regionalna' | user_orig_score=61 | user_orig_segment='S1 — RYO/MYO, gilzy i nabijarki' | ex-A4 → B4 (no NIP, L1 research needed)",duży
,Nieustalony,,,,PL-A-XX-029,B4,Twojabletka,PL,,,,,https://www.twojabletka.pl,,przemek@twojabletka.pl,164924462,,,,,hurtownik,,,mix,,🔴,B2B only,3,średni,,,,intake_PL_2026-08-10 | https://www.twojabletka.pl,,🔍 🔍 2026-08-10 ⚠️ DO-WERYFIKACJI (API),"orig_uzasadnienie: Bezpośrednie dopasowanie do ryo/myo, gilz lub nabijarek. | orig_uwagi: Dodane z wyników wyszukiwania dla niszowych słów (Powermatic, Shisha, bletki). | Status źródłowy: Aktywny | orig_next: Zweryfikować dane, produkty i status B2B przed kontaktem | user_orig_priorytet='C — weryfikacja i nurturing' | user_orig_score=50 | user_orig_segment='S1 — RYO/MYO, gilzy i nabijarki' | ex-A4 → B4 (no NIP, L1 research needed)",duży
,Nieustalony,,,,PL-A-XX-030,B4,True Smoke,PL,,,,,https://www.true-smoke.com,,info@truesmoke.com,817583740,,,,,hurtownik,,,mix,,🔴,B2B only,3,średni,,,,intake_PL_2026-08-10 | https://www.true-smoke.com,,🔍 🔍 2026-08-10 ⚠️ DO-WERYFIKACJI (API),"orig_uzasadnienie: Bezpośrednie dopasowanie do ryo/myo, gilz lub nabijarek. | orig_uwagi: Dodane z wyników wyszukiwania dla niszowych słów (Powermatic, Shisha, bletki). | Status źródłowy: Aktywny | orig_next: Zweryfikować dane, produkty i status B2B przed kontaktem | user_orig_priorytet='C — weryfikacja i nurturing' | user_orig_score=50 | user_orig_segment='S1 — RYO/MYO, gilzy i nabijarki' | ex-A4 → B4 (no NIP, L1 research needed)",duży
,Nieustalony,,,,PL-A-XX-031,B4,Trafikanord,PL,,,,,https://www.trafikanord.pl,,sklep@trafikanord.pl,178443691,,,,,hurtownik,,,mix,,🔴,B2B only,3,średni,,,,intake_PL_2026-08-10 | https://www.trafikanord.pl,,🔍 🔍 2026-08-10 ⚠️ DO-WERYFIKACJI (API),"orig_uzasadnienie: Bezpośrednie dopasowanie do ryo/myo, gilz lub nabijarek. | orig_uwagi: Dodane na prośbę użytkownika z wyników wyszukiwania (maszynki do skręcania). | Status źródłowy: Aktywny | orig_next: Zweryfikować dane, produkty i status B2B przed kontaktem | user_orig_priorytet='C — weryfikacja i nurturing' | user_orig_score=50 | user_orig_segment='S1 — RYO/MYO, gilzy i nabijarki' | ex-A4 → B4 (no NIP, L1 research needed)",duży
,Nieustalony,,,,PL-A-XX-032,B4,Powermatic,PL,,,,,https://www.powermatic.store,,kontakt@armorica.pl,141941672,,,,,hurtownik,,,mix,,🔴,B2B only,3,średni,,,,intake_PL_2026-08-10 | https://www.powermatic.store,,🔍 🔍 2026-08-10 ⚠️ DO-WERYFIKACJI (API),"orig_uzasadnienie: Bezpośrednie dopasowanie do ryo/myo, gilz lub nabijarek. | orig_uwagi: Dodane z wyników wyszukiwania dla niszowych słów (Powermatic, Shisha, bletki). | Status źródłowy: Aktywny | orig_next: Zweryfikować dane, produkty i status B2B przed kontaktem | user_orig_priorytet='C — weryfikacja i nurturing' | user_orig_score=50 | user_orig_segment='S1 — RYO/MYO, gilzy i nabijarki' | ex-A4 → B4 (no NIP, L1 research needed)",duży
,Nieustalony,,,,PL-A-XX-033,B4,Nabijarka,PL,,,,,https://www.nabijarka.pl,,biuro@prima-tech.pl,+48 663 726 600,,,,,hurtownik,,,mix,,🔴,B2B only,3,średni,,,,intake_PL_2026-08-10 | https://www.nabijarka.pl,,🔍 🔍 2026-08-10 ⚠️ DO-WERYFIKACJI (API),"orig_uzasadnienie: Bezpośrednie dopasowanie do ryo/myo, gilz lub nabijarek. | orig_uwagi: Dodane na prośbę użytkownika z wyników wyszukiwania (maszynki do skręcania). | Status źródłowy: Aktywny | orig_next: Zweryfikować dane, produkty i status B2B przed kontaktem | user_orig_priorytet='C — weryfikacja i nurturing' | user_orig_score=50 | user_orig_segment='S1 — RYO/MYO, gilzy i nabijarki' | ex-A4 → B4 (no NIP, L1 research needed)",duży
,Nieustalony,,,,PL-A-XX-034,B4,Minesota,PL,,,,,https://www.minesota.eu,,l.pluta@minesota.eu,164570187,,,,,hurtownik,,,mix,,🔴,B2B only,3,średni,,,,intake_PL_2026-08-10 | https://www.minesota.eu,,🔍 🔍 2026-08-10 ⚠️ DO-WERYFIKACJI (API),"orig_uzasadnienie: Bezpośrednie dopasowanie do ryo/myo, gilz lub nabijarek. | orig_uwagi: Dodane z wyników wyszukiwania dla niszowych słów (Powermatic, Shisha, bletki). | Status źródłowy: Aktywny | orig_next: Zweryfikować dane, produkty i status B2B przed kontaktem | user_orig_priorytet='C — weryfikacja i nurturing' | user_orig_score=50 | user_orig_segment='S1 — RYO/MYO, gilzy i nabijarki' | ex-A4 → B4 (no NIP, L1 research needed)",duży
,Nieustalony,,,,PL-A-XX-036,B4,Internetowa Hurtownia,PL,,,,,https://www.internetowa-hurtownia.pl,,zamowienia@internetowa-hurtownia.pl,177633312,,,,,hurtownik,,,mix,,🔴,B2B only,3,średni,,,,intake_PL_2026-08-10 | https://www.internetowa-hurtownia.pl,,🔍 🔍 2026-08-10 ⚠️ DO-WERYFIKACJI (API),"orig_uzasadnienie: Bezpośrednie dopasowanie do ryo/myo, gilz lub nabijarek. | orig_uwagi: Dodane na prośbę użytkownika z wyników wyszukiwania (e-papierosy / nabijarki). | Status źródłowy: Aktywny | orig_next: Zweryfikować dane, produkty i status B2B przed kontaktem | user_orig_priorytet='C — weryfikacja i nurturing' | user_orig_score=50 | user_orig_segment='S1 — RYO/MYO, gilzy i nabijarki' | ex-A4 → B4 (no NIP, L1 research needed)",duży
,Nieustalony,,,,PL-A-XX-037,B4,Hurt Mix,PL,,,,,https://www.hurt-mix.com.pl,,j@email.com,175831442,,,,,hurtownik,,,mix,,🔴,B2B only,3,średni,,,,intake_PL_2026-08-10 | https://www.hurt-mix.com.pl,,🔍 🔍 2026-08-10 ⚠️ DO-WERYFIKACJI (API),"orig_uzasadnienie: Bezpośrednie dopasowanie do ryo/myo, gilz lub nabijarek. | orig_uwagi: Dodane na prośbę użytkownika z wyników wyszukiwania (e-papierosy / nabijarki). | Status źródłowy: Aktywny | orig_next: Zweryfikować dane, produkty i status B2B przed kontaktem | user_orig_priorytet='C — weryfikacja i nurturing' | user_orig_score=50 | user_orig_segment='S1 — RYO/MYO, gilzy i nabijarki' | ex-A4 → B4 (no NIP, L1 research needed)",duży
,Nieustalony,,,,PL-A-XX-038,B4,Gilzygama,PL,,,,,https://www.gilzygama.pl,,office.gama.plus@gmail.com,283973595,,,,,hurtownik,,,mix,,🔴,B2B only,3,średni,,,,intake_PL_2026-08-10 | https://www.gilzygama.pl,,🔍 🔍 2026-08-10 ⚠️ DO-WERYFIKACJI (API),"orig_uzasadnienie: Bezpośrednie dopasowanie do ryo/myo, gilz lub nabijarek. | orig_uwagi: Dodane z wyników wyszukiwania dla niszowych słów (Powermatic, Shisha, bletki). | Status źródłowy: Aktywny | orig_next: Zweryfikować dane, produkty i status B2B przed kontaktem | user_orig_priorytet='C — weryfikacja i nurturing' | user_orig_score=50 | user_orig_segment='S1 — RYO/MYO, gilzy i nabijarki' | ex-A4 → B4 (no NIP, L1 research needed)",duży
,Nieustalony,,,,PL-A-XX-048,B4,Vapeempire,PL,,,,,https://www.vapeempire.pl,,,172346997,,,,,hurtownik,,,mix,,🔴,B2B only,3,średni,,,,intake_PL_2026-08-10 | https://www.vapeempire.pl,,🔍 🔍 2026-08-10 ⚠️ DO-WERYFIKACJI (API),"orig_uzasadnienie: Bezpośrednie dopasowanie do ryo/myo, gilz lub nabijarek. | orig_uwagi: Dodane na prośbę użytkownika z wyników wyszukiwania (e-papierosy / nabijarki). | Status źródłowy: Aktywny | orig_next: Zweryfikować dane, produkty i status B2B przed kontaktem | user_orig_priorytet='C — weryfikacja i nurturing' | user_orig_score=44 | user_orig_segment='S1 — RYO/MYO, gilzy i nabijarki' | ex-A4 → B4 (no NIP, L1 research needed)",duży
,Nieustalony,,,,PL-A-XX-049,B4,Smoks,PL,,,,,https://www.smoks.pl,,,867778659,,,,,hurtownik,,,mix,,🔴,B2B only,3,średni,,,,intake_PL_2026-08-10 | https://www.smoks.pl,,🔍 🔍 2026-08-10 ⚠️ DO-WERYFIKACJI (API),"orig_uzasadnienie: Bezpośrednie dopasowanie do ryo/myo, gilz lub nabijarek. | orig_uwagi: Dodane z wyników wyszukiwania dla niszowych słów (Powermatic, Shisha, bletki). | Status źródłowy: Aktywny | orig_next: Zweryfikować dane, produkty i status B2B przed kontaktem | user_orig_priorytet='C — weryfikacja i nurturing' | user_orig_score=44 | user_orig_segment='S1 — RYO/MYO, gilzy i nabijarki' | ex-A4 → B4 (no NIP, L1 research needed)",duży
,,,,,PL-A-XX-051,B4,Mascotte,PL,,,,,https://www.mascotte.pl,,,,,,,,hurtownik,Mascotte,Mascotte,mix,,🔴,B2B only,3,średni,,,,intake_PL_2026-08-10 | https://www.mascotte.pl/,,🟡🔍 🔍 2026-08-10 ⚠️ DO-WERYFIKACJI (API),"orig_uzasadnienie: Zidentyfikowany dystrybutor/sprzedawca marki: ""Mascotte"" (nabijarka OR maszynka OR gilzy) hurtownia OR dys | orig_uwagi: Weryfikacja: None | orig_next: Zweryfikować dane, produkty i status B2B przed kontaktem | user_orig_priorytet='C — weryfikacja i nurturing' | user_orig_score=80 | user_orig_segment='S1 — RYO/MYO, gilzy i nabijarki' | ex-A4 → B4 (no NIP, L1 research needed)",duży
,,,,,PL-A-XX-053,B4,Marki,PL,,32-100 | Proszowice,,,https://www.hitelektro.pl,,kontakt@hitelektro.pltel,,,,,,hurtownik,Gerui,Gerui,mix,,🔴,B2B only,3,średni,,,,intake_PL_2026-08-10 | https://www.hitelektro.pl/producers.php,,🟡🔍 🔍 2026-08-10 ⚠️ DO-WERYFIKACJI (API),"orig_uzasadnienie: Zidentyfikowany dystrybutor/sprzedawca marki: ""Gerui"" (nabijarka OR maszynka OR gilzy) hurtownia OR dystry | orig_uwagi: Weryfikacja: None | orig_next: Zweryfikować dane, produkty i status B2B przed kontaktem | user_orig_priorytet='C — weryfikacja i nurturing' | user_orig_score=80 | user_orig_segment='S1 — RYO/MYO, gilzy i nabijarki' | ex-A4 → B4 (no NIP, L1 research needed)",duży
,,,,,PL-A-XX-054,B4,160L – AIR CHAMP PRO,PL,Świdnik,"21-040 Świdnik, Polska",,,https://www.ironman4x4.pl,,biuro@ironman4x4.pl,81 440 64 25,,,,,hurtownik,Champ,Champ,mix,,🔴,B2B only,3,średni,,,,intake_PL_2026-08-10 | https://www.ironman4x4.pl/160l-air-champ-pro/,,🟡🔍 🔍 2026-08-10 ⚠️ DO-WERYFIKACJI (API),"orig_uzasadnienie: Zidentyfikowany dystrybutor/sprzedawca marki: ""Champ"" (nabijarka OR maszynka OR gilzy) hurtownia OR dystry | orig_uwagi: Weryfikacja: None | orig_next: Zweryfikować dane, produkty i status B2B przed kontaktem | user_orig_priorytet='C — weryfikacja i nurturing' | user_orig_score=80 | user_orig_segment='S1 — RYO/MYO, gilzy i nabijarki' | ex-A4 → B4 (no NIP, L1 research needed)",duży
,,,,,PL-A-XX-055,B4,Francja - MachineryZone,PL,,,,,https://www.machineryzone.pl,,,,,,,,hurtownik,Champ,Champ,mix,,🔴,B2B only,3,średni,,,,intake_PL_2026-08-10 | https://www.machineryzone.pl/pros/list/1-francja_auvergne-rhone-alpes.html,,🟡🔍 🔍 2026-08-10 ⚠️ DO-WERYFIKACJI (API),"orig_uzasadnienie: Zidentyfikowany dystrybutor/sprzedawca marki: ""Champ"" (nabijarka OR maszynka OR gilzy) hurtownia OR dystry | orig_uwagi: Weryfikacja: None | orig_next: Zweryfikować dane, produkty i status B2B przed kontaktem | user_orig_priorytet='C — weryfikacja i nurturing' | user_orig_score=80 | user_orig_segment='S1 — RYO/MYO, gilzy i nabijarki' | ex-A4 → B4 (no NIP, L1 research needed)",duży
,,,,,PL-A-XX-056,B4,WYŁĄCZNIK PŁYWAKOWY CHAMP 2 - 5 M KAB. Doepke ...,PL,,95-044,,,https://e-domus.com.pl,,sklep@e-domus.com.pl,,,,,,hurtownik,Champ,Champ,mix,,🔴,B2B only,3,średni,,,,intake_PL_2026-08-10 | https://e-domus.com.pl/narzedzia-i-mierniki/pompy/wylacznik-plywakowy-champ-2-5-m-kab-doepke-dn-09921006,,🟡🔍 🔍 2026-08-10 ⚠️ DO-WERYFIKACJI (API),"orig_uzasadnienie: Zidentyfikowany dystrybutor/sprzedawca marki: ""Champ"" (nabijarka OR maszynka OR gilzy) hurtownia OR dystry | orig_uwagi: Weryfikacja: None | orig_next: Zweryfikować dane, produkty i status B2B przed kontaktem | user_orig_priorytet='C — weryfikacja i nurturing' | user_orig_score=80 | user_orig_segment='S1 — RYO/MYO, gilzy i nabijarki' | ex-A4 → B4 (no NIP, L1 research needed)",duży
,,,,,PL-A-XX-057,B4,Katalog profesjonalistów rolniczych - strona 2,PL,,,,,https://www.agriaffaires.pl,,,,,,,,hurtownik,Champ,Champ,mix,,🔴,B2B only,3,średni,,,,intake_PL_2026-08-10 | https://www.agriaffaires.pl/pros/list/2-francja_bretagne/a-dealer-dystrybutor.html,,🟡🔍 🔍 2026-08-10 ⚠️ DO-WERYFIKACJI (API),"orig_uzasadnienie: Zidentyfikowany dystrybutor/sprzedawca marki: ""Champ"" (nabijarka OR maszynka OR gilzy) hurtownia OR dystry | orig_uwagi: Weryfikacja: None | orig_next: Zweryfikować dane, produkty i status B2B przed kontaktem | user_orig_priorytet='C — weryfikacja i nurturing' | user_orig_score=80 | user_orig_segment='S1 — RYO/MYO, gilzy i nabijarki' | ex-A4 → B4 (no NIP, L1 research needed)",duży
,,,,,PL-A-XX-058,B4,"Champ-Richer szampon dla psów puszysta sierść, 250 ml",PL,,,,,https://www.drmax.pl,,,,,,,,hurtownik,Champ,Champ,mix,,🔴,B2B only,3,średni,,,,intake_PL_2026-08-10 | https://www.drmax.pl/champ-richer-champion-szampon-puszysta-siersc-250-ml,,🟡🔍 🔍 2026-08-10 ⚠️ DO-WERYFIKACJI (API),"orig_uzasadnienie: Zidentyfikowany dystrybutor/sprzedawca marki: ""Champ"" (nabijarka OR maszynka OR gilzy) hurtownia OR dystry | orig_uwagi: Weryfikacja: None | orig_next: Zweryfikować dane, produkty i status B2B przed kontaktem | user_orig_priorytet='C — weryfikacja i nurturing' | user_orig_score=80 | user_orig_segment='S1 — RYO/MYO, gilzy i nabijarki' | ex-A4 → B4 (no NIP, L1 research needed)",duży
,,,,,PL-A-XX-060,B4,Helikopter do skręcania z narzędziami,PL,Łódź,90-447 Łódź,,,https://korob.pl,,info@korob.plkorob.pl,,,,,,hurtownik,Champ,Champ,mix,,🔴,B2B only,3,średni,,,,intake_PL_2026-08-10 | https://korob.pl/product-pol-544515-Helikopter-do-skrecania-z-narzedziami.html,,🟡🔍 🔍 2026-08-10 ⚠️ DO-WERYFIKACJI (API),"orig_uzasadnienie: Zidentyfikowany dystrybutor/sprzedawca marki: ""Champ"" (nabijarka OR maszynka OR gilzy) hurtownia OR dystry | orig_uwagi: Weryfikacja: None | orig_next: Zweryfikować dane, produkty i status B2B przed kontaktem | user_orig_priorytet='C — weryfikacja i nurturing' | user_orig_score=80 | user_orig_segment='S1 — RYO/MYO, gilzy i nabijarki' | ex-A4 → B4 (no NIP, L1 research needed)",duży
,,,,,PL-A-XX-061,B4,Publiczność wybrała Inter-Vax,PL,Żnin,"ul. Dworcowa 29, 88-400 Żnin",,,https://www.inter-vax.pl,,autoserwis@inter-vax.pl,668 319 615,,,,,hurtownik,Champ,Champ,mix,,🔴,B2B only,3,średni,,,,intake_PL_2026-08-10 | https://www.inter-vax.pl/index.php/aktualnosci/266-publicznosc-wybrala-inter-vax.html,,🟡🔍 🔍 2026-08-10 ⚠️ DO-WERYFIKACJI (API),"orig_uzasadnienie: Zidentyfikowany dystrybutor/sprzedawca marki: ""Champ"" (nabijarka OR maszynka OR gilzy) hurtownia OR dystry | orig_uwagi: Weryfikacja: None | orig_next: Zweryfikować dane, produkty i status B2B przed kontaktem | user_orig_priorytet='C — weryfikacja i nurturing' | user_orig_score=80 | user_orig_segment='S1 — RYO/MYO, gilzy i nabijarki' | ex-A4 → B4 (no NIP, L1 research needed)",duży
,,,,,PL-A-XX-062,B4,Cennik,PL,Kraków,| Bank: BNP Paribas | Nr rachunku: 74 1750 1048 0000 0000 1373 6863 | Tales sp. z o.o. | ul. Półłanki 80 | 30-740 Kraków |,,,http://www.tales.pl,,,512-296-232,,,,,hurtownik,Champ,Champ,mix,,🔴,B2B only,3,średni,,,,intake_PL_2026-08-10 | http://www.tales.pl/cennik.html,,🟡🔍 🔍 2026-08-10 ⚠️ DO-WERYFIKACJI (API),"orig_uzasadnienie: Zidentyfikowany dystrybutor/sprzedawca marki: ""Champ"" (nabijarka OR maszynka OR gilzy) hurtownia OR dystry | orig_uwagi: Weryfikacja: None | orig_next: Zweryfikować dane, produkty i status B2B przed kontaktem | user_orig_priorytet='C — weryfikacja i nurturing' | user_orig_score=80 | user_orig_segment='S1 — RYO/MYO, gilzy i nabijarki' | ex-A4 → B4 (no NIP, L1 research needed)",duży
,,,,,PL-A-XX-065,B4,Andis Superliner model RT-1 angel maszynka trymer ...,PL,Międzyrzecz,Fryzomania Sp. z o.o. | 66-300 Międzyrzecz | Osiedle Centrum 3 | NIP 5961764356 | REGON 521830072 | KRS 0000968379,,,https://www.fryzomania.pl,,shop@fryzomania.pl,95 880 00 35,,,,,hurtownik,Angel,Angel,mix,,🔴,B2B only,3,średni,,,,intake_PL_2026-08-10 | https://www.fryzomania.pl/andis-superliner-model-rt-1-angel-maszynka-trymer-przewodowy-do-strzyzenia-wlosow.html?srsltid=AfmBOooXsEIXcF4Ey_CK_cJw-8FXOLWXbEH-ecynNJfzeqL3fwOYjI4C,,🟡🔍 🔍 2026-08-10 ⚠️ DO-WERYFIKACJI (API),"orig_uzasadnienie: Zidentyfikowany dystrybutor/sprzedawca marki: ""Angel"" (nabijarka OR maszynka OR gilzy) hurtownia OR dystry | orig_uwagi: Weryfikacja: None | orig_next: Zweryfikować dane, produkty i status B2B przed kontaktem | user_orig_priorytet='C — weryfikacja i nurturing' | user_orig_score=80 | user_orig_segment='S1 — RYO/MYO, gilzy i nabijarki' | ex-A4 → B4 (no NIP, L1 research needed)",duży
,,,,,PL-A-XX-066,B4,laparis-hurtownia.pl,PL,,| | | | | |,,,https://www.laparis-hurtownia.pl,,laparishurtownia@gmail.com,602184474,,,,,hurtownik,Angel,Angel,mix,,🔴,B2B only,3,średni,,,,intake_PL_2026-08-10 | https://www.laparis-hurtownia.pl/,,🟡🔍 🔍 2026-08-10 ⚠️ DO-WERYFIKACJI (API),"orig_uzasadnienie: Zidentyfikowany dystrybutor/sprzedawca marki: ""Angel"" (nabijarka OR maszynka OR gilzy) hurtownia OR dystry | orig_uwagi: Weryfikacja: None | orig_next: Zweryfikować dane, produkty i status B2B przed kontaktem | user_orig_priorytet='C — weryfikacja i nurturing' | user_orig_score=80 | user_orig_segment='S1 — RYO/MYO, gilzy i nabijarki' | ex-A4 → B4 (no NIP, L1 research needed)",duży
,,,,,PL-A-XX-067,B4,zestawienie urzadzen do karboksyterapii - biznes dla managera,PL,Warszawa,01-355 Warszawa,,,https://beinspiration.pl,,sklep@beinspiration.pl,609 110 800,,,,,hurtownik,Angel,Angel,mix,,🔴,B2B only,3,średni,,,,intake_PL_2026-08-10 | https://beinspiration.pl/zestawienie-urzadzen-do-karboksyterapii/,,🟡🔍 🔍 2026-08-10 ⚠️ DO-WERYFIKACJI (API),"orig_uzasadnienie: Zidentyfikowany dystrybutor/sprzedawca marki: ""Angel"" (nabijarka OR maszynka OR gilzy) hurtownia OR dystry | orig_uwagi: Weryfikacja: None | orig_next: Zweryfikować dane, produkty i status B2B przed kontaktem | user_orig_priorytet='C — weryfikacja i nurturing' | user_orig_score=80 | user_orig_segment='S1 — RYO/MYO, gilzy i nabijarki' | ex-A4 → B4 (no NIP, L1 research needed)",duży
,,,,,PL-A-XX-069,B4,"DYNAMIC, VIKING, FOREST GREEN, 30 ML",PL,Warszawa,04-188 Warszawa,,,https://arstattoo.pl,,realizacja@arstattoo.pl,+48 601 427 877,,,,,hurtownik,,,mix,,🔴,B2B only,3,średni,,,,"intake_PL_2026-08-10 | https://arstattoo.pl/dynamic-viking-forest-green-30-ml,3,14438,15123",,🔍 🔍 2026-08-10 ⚠️ DO-WERYFIKACJI (API),"orig_uzasadnienie: Zidentyfikowany dystrybutor/sprzedawca marki: ""Atomic"" (nabijarka OR maszynka OR gilzy) hurtownia OR dystr | orig_uwagi: Weryfikacja: None | orig_next: Zweryfikować dane, produkty i status B2B przed kontaktem | user_orig_priorytet='C — weryfikacja i nurturing' | user_orig_score=80 | user_orig_segment='S1 — RYO/MYO, gilzy i nabijarki' | ex-A4 → B4 (no NIP, L1 research needed)",duży
,,,,,PL-A-XX-070,B4,Amici Group: Sklep i Hurtownia Groomerska | Szkolenia ...,PL,Wrocław,53-234 Wrocław,,,https://amicigroup.pl,,szymongroomer@wp.pl,519 433 609,,,,,hurtownik,Korona,Korona,mix,,🔴,B2B only,3,średni,,,,intake_PL_2026-08-10 | https://amicigroup.pl/?srsltid=AfmBOoqXXQgMiT86CtxbQCGoEwnGT6561I52V9Iij7qyeOWuIWg-R02V,,🟡🔍 🔍 2026-08-10 ⚠️ DO-WERYFIKACJI (API),"orig_uzasadnienie: Zidentyfikowany dystrybutor/sprzedawca marki: ""Korona"" (nabijarka OR maszynka OR gilzy) hurtownia OR dystr | orig_uwagi: Weryfikacja: None | orig_next: Zweryfikować dane, produkty i status B2B przed kontaktem | user_orig_priorytet='C — weryfikacja i nurturing' | user_orig_score=80 | user_orig_segment='S1 — RYO/MYO, gilzy i nabijarki' | ex-A4 → B4 (no NIP, L1 research needed)",duży
,,,,,PL-A-XX-072,B4,"Kurjer Warszawski. R. 117, 1937, no 230 + dod. - CRISPA",PL,,,,,https://crispa.uw.edu.pl,,,,,,,,hurtownik,Matteo,Matteo,mix,,🔴,B2B only,3,średni,,,,intake_PL_2026-08-10 | https://crispa.uw.edu.pl/object/files/209536/display/JPEG,,🟡🔍 🔍 2026-08-10 ⚠️ DO-WERYFIKACJI (API),"orig_uzasadnienie: Zidentyfikowany dystrybutor/sprzedawca marki: ""Matteo"" (nabijarka OR maszynka OR gilzy) hurtownia OR dystr | orig_uwagi: Weryfikacja: None | orig_next: Zweryfikować dane, produkty i status B2B przed kontaktem | user_orig_priorytet='C — weryfikacja i nurturing' | user_orig_score=70 | user_orig_segment='S1 — RYO/MYO, gilzy i nabijarki' | ex-A4 → B4 (no NIP, L1 research needed)",duży
,,,,,PL-A-XX-073,B4,Biuletyn,PL,Warszawa,Kod pocztowy dla przesyłek kurierskich: 00-608 Warszawa,,,https://uprp.gov.pl,,centrum.kontaktowe@uprp.gov.plcontact.center,22 579 05 55,,,,,hurtownik,Matteo,Matteo,mix,,🔴,B2B only,3,średni,,,,intake_PL_2026-08-10 | https://uprp.gov.pl/sites/default/files/bup/2026/Znaki%20towarowe/03_9-13/zt09_2026.pdf,,🟡🔍 🔍 2026-08-10 ⚠️ DO-WERYFIKACJI (API),"orig_uzasadnienie: Zidentyfikowany dystrybutor/sprzedawca marki: ""Matteo"" (nabijarka OR maszynka OR gilzy) hurtownia OR dystr | orig_uwagi: Weryfikacja: None | orig_next: Zweryfikować dane, produkty i status B2B przed kontaktem | user_orig_priorytet='C — weryfikacja i nurturing' | user_orig_score=70 | user_orig_segment='S1 — RYO/MYO, gilzy i nabijarki' | ex-A4 → B4 (no NIP, L1 research needed)",duży
,,,,,PL-A-XX-074,B4,Winston,PL,,,,,https://przykasowe.pl,,przykasowe@interia.pl,720808444,,,,,hurtownik,Matteo,Matteo,mix,,🔴,B2B only,3,średni,,,,intake_PL_2026-08-10 | https://przykasowe.pl/374-winston,,🟡🔍 🔍 2026-08-10 ⚠️ DO-WERYFIKACJI (API),"orig_uzasadnienie: Zidentyfikowany dystrybutor/sprzedawca marki: ""Matteo"" (nabijarka OR maszynka OR gilzy) hurtownia OR dystr | orig_uwagi: Weryfikacja: None | orig_next: Zweryfikować dane, produkty i status B2B przed kontaktem | user_orig_priorytet='C — weryfikacja i nurturing' | user_orig_score=70 | user_orig_segment='S1 — RYO/MYO, gilzy i nabijarki' | ex-A4 → B4 (no NIP, L1 research needed)",duży
,,,,,PL-A-XX-076,B4,tu nie ma błędów.,PL,,,,,https://mieso.com.pl,,rzeznik@mieso.com.plk,794 250 794,,,,,hurtownik,Matteo,Matteo,mix,,🔴,B2B only,3,średni,,,,intake_PL_2026-08-10 | https://mieso.com.pl/pliki/wydania_internetowe/2026/322.pdf,,🟡🔍 🔍 2026-08-10 ⚠️ DO-WERYFIKACJI (API),"orig_uzasadnienie: Zidentyfikowany dystrybutor/sprzedawca marki: ""Matteo"" (nabijarka OR maszynka OR gilzy) hurtownia OR dystr | orig_uwagi: Weryfikacja: None | orig_next: Zweryfikować dane, produkty i status B2B przed kontaktem | user_orig_priorytet='C — weryfikacja i nurturing' | user_orig_score=70 | user_orig_segment='S1 — RYO/MYO, gilzy i nabijarki' | ex-A4 → B4 (no NIP, L1 research needed)",duży
,,,,,PL-A-XX-077,B4,ZYCIE BYTOMSKIE,PL,,,,,https://sbc.org.pl,,,,,,,,hurtownik,Matteo,Matteo,mix,,🔴,B2B only,3,średni,,,,intake_PL_2026-08-10 | https://sbc.org.pl/Content/290533/iv219997-2005-48-0001.pdf,,🟡🔍 🔍 2026-08-10 ⚠️ DO-WERYFIKACJI (API),"orig_uzasadnienie: Zidentyfikowany dystrybutor/sprzedawca marki: ""Matteo"" (nabijarka OR maszynka OR gilzy) hurtownia OR dystr | orig_uwagi: Weryfikacja: None | orig_next: Zweryfikować dane, produkty i status B2B przed kontaktem | user_orig_priorytet='C — weryfikacja i nurturing' | user_orig_score=70 | user_orig_segment='S1 — RYO/MYO, gilzy i nabijarki' | ex-A4 → B4 (no NIP, L1 research needed)",duży
,,,,,PL-A-XX-078,B4,Sigma 24-35 mm f/2.0 DG HSM,PL,mm f/2-2.8 DI III VXD Sony E,Obiektyw Tamron 35-150 mm f/2-2.8 DI III VXD Sony E,,,https://www.optyczne.pl,,,,,,,,hurtownik,Zorr,Zorr,mix,,🔴,B2B only,3,średni,,,,intake_PL_2026-08-10 | https://www.optyczne.pl/8497-news-Sigma_24-35_mm_f_2.0_DG_HSM.html,,🟡🔍 🔍 2026-08-10 ⚠️ DO-WERYFIKACJI (API),"orig_uzasadnienie: Zidentyfikowany dystrybutor/sprzedawca marki: ""Zorr"" (nabijarka OR maszynka OR gilzy) hurtownia OR dystryb | orig_uwagi: Weryfikacja: None | orig_next: Zweryfikować dane, produkty i status B2B przed kontaktem | user_orig_priorytet='C — weryfikacja i nurturing' | user_orig_score=80 | user_orig_segment='S1 — RYO/MYO, gilzy i nabijarki' | ex-A4 → B4 (no NIP, L1 research needed)",duży
,,,,,PL-A-XX-079,B4,PIAP_Niezbednik_Marketera_20...,PL,,,,,https://piap-org.pl,,,,,,,,hurtownik,Zorr,Zorr,mix,,🔴,B2B only,3,średni,,,,intake_PL_2026-08-10 | https://piap-org.pl/media/publications/files/PIAP_Niezbednik_Marketera_2023.pdf,,🟡🔍 🔍 2026-08-10 ⚠️ DO-WERYFIKACJI (API),"orig_uzasadnienie: Zidentyfikowany dystrybutor/sprzedawca marki: ""Zorr"" (nabijarka OR maszynka OR gilzy) hurtownia OR dystryb | orig_uwagi: Weryfikacja: None | orig_next: Zweryfikować dane, produkty i status B2B przed kontaktem | user_orig_priorytet='C — weryfikacja i nurturing' | user_orig_score=80 | user_orig_segment='S1 — RYO/MYO, gilzy i nabijarki' | ex-A4 → B4 (no NIP, L1 research needed)",duży
,,,,,PL-A-XX-080,B4,Posiedzenie Bady Naczelnej PSL,PL,Warszawa,00-950 Warszawa,,,http://mbc.cyfrowemazowsze.pl,,mbc@koszykowa.pl,22 537 40 92,,,,,hurtownik,Zorr,Zorr,mix,,🔴,B2B only,3,średni,,,,intake_PL_2026-08-10 | http://mbc.cyfrowemazowsze.pl/Content/60341/00062800%20-%20Gazeta%20Ludowa%201946%20nr%20232%20-%20P10125%20-%20Kopia.pdf,,🟡🔍 🔍 2026-08-10 ⚠️ DO-WERYFIKACJI (API),"orig_uzasadnienie: Zidentyfikowany dystrybutor/sprzedawca marki: ""Zorr"" (nabijarka OR maszynka OR gilzy) hurtownia OR dystryb | orig_uwagi: Weryfikacja: None | orig_next: Zweryfikować dane, produkty i status B2B przed kontaktem | user_orig_priorytet='C — weryfikacja i nurturing' | user_orig_score=80 | user_orig_segment='S1 — RYO/MYO, gilzy i nabijarki' | ex-A4 → B4 (no NIP, L1 research needed)",duży
,,,,,PL-A-XX-081,B4,GSL P 31737 IV,PL,,,,,https://bibliotekacyfrowa.pl,,,,,,,,hurtownik,Zorr,Zorr,mix,,🔴,B2B only,3,średni,,,,intake_PL_2026-08-10 | https://bibliotekacyfrowa.pl/Content/15766/PDF/document.pdf,,🟡🔍 🔍 2026-08-10 ⚠️ DO-WERYFIKACJI (API),"orig_uzasadnienie: Zidentyfikowany dystrybutor/sprzedawca marki: ""Zorr"" (nabijarka OR maszynka OR gilzy) hurtownia OR dystryb | orig_uwagi: Weryfikacja: None | orig_next: Zweryfikować dane, produkty i status B2B przed kontaktem | user_orig_priorytet='C — weryfikacja i nurturing' | user_orig_score=80 | user_orig_segment='S1 — RYO/MYO, gilzy i nabijarki' | ex-A4 → B4 (no NIP, L1 research needed)",duży
,,,,,PL-A-XX-082,B4,Wojna wybuchnie m >dzień!,PL,Toruń,"Biblioteka Uniwersytecka w Toruniu | ul. Gagarina 13, 87-100 Toruń, POLSKA | 87-100 Toruń",,,http://kpbc.umk.pl,,kpbc@umk.pl,56 611 2213,,,,,hurtownik,Zorr,Zorr,mix,,🔴,B2B only,3,średni,,,,intake_PL_2026-08-10 | http://kpbc.umk.pl/Content/210760/PDF/Czasopisma_POPC_009_209_nr_225_HD_009.pdf,,🟡🔍 🔍 2026-08-10 ⚠️ DO-WERYFIKACJI (API),"orig_uzasadnienie: Zidentyfikowany dystrybutor/sprzedawca marki: ""Zorr"" (nabijarka OR maszynka OR gilzy) hurtownia OR dystryb | orig_uwagi: Weryfikacja: None | orig_next: Zweryfikować dane, produkty i status B2B przed kontaktem | user_orig_priorytet='C — weryfikacja i nurturing' | user_orig_score=80 | user_orig_segment='S1 — RYO/MYO, gilzy i nabijarki' | ex-A4 → B4 (no NIP, L1 research needed)",duży
,,,,,PL-A-XX-083,B4,Informacja Prasowa Naczelnej Rady Odbudowy Warszawy ...,PL,Warsaw,| Main Library | of Warsaw University of Technology | pl. Politechniki 1 | 00-661 Warsaw,,,http://bcpw.bg.pw.edu.pl,,cyfr.bg@pw.edu.pl,,,,,,hurtownik,Zorr,Zorr,mix,,🔴,B2B only,3,średni,,,,intake_PL_2026-08-10 | http://bcpw.bg.pw.edu.pl/Content/8316/ip46.pdf,,🟡🔍 🔍 2026-08-10 ⚠️ DO-WERYFIKACJI (API),"orig_uzasadnienie: Zidentyfikowany dystrybutor/sprzedawca marki: ""Zorr"" (nabijarka OR maszynka OR gilzy) hurtownia OR dystryb | orig_uwagi: Weryfikacja: None | orig_next: Zweryfikować dane, produkty i status B2B przed kontaktem | user_orig_priorytet='C — weryfikacja i nurturing' | user_orig_score=80 | user_orig_segment='S1 — RYO/MYO, gilzy i nabijarki' | ex-A4 → B4 (no NIP, L1 research needed)",duży
,,,,,PL-A-XX-084,B4,www.cbw.pl,PL,,,,,https://zbrojownia.cbw.wp.mil.pl,,,,,,,,hurtownik,Zorr,Zorr,mix,,🔴,B2B only,3,średni,,,,intake_PL_2026-08-10 | https://zbrojownia.cbw.wp.mil.pl/Content/5059/04096_INW_380_1939_NR_12.pdf?handler=pdf,,🟡🔍 🔍 2026-08-10 ⚠️ DO-WERYFIKACJI (API),"orig_uzasadnienie: Zidentyfikowany dystrybutor/sprzedawca marki: ""Zorr"" (nabijarka OR maszynka OR gilzy) hurtownia OR dystryb | orig_uwagi: Weryfikacja: None | orig_next: Zweryfikować dane, produkty i status B2B przed kontaktem | user_orig_priorytet='C — weryfikacja i nurturing' | user_orig_score=80 | user_orig_segment='S1 — RYO/MYO, gilzy i nabijarki' | ex-A4 → B4 (no NIP, L1 research needed)",duży
,,,,,PL-A-XX-085,B4,Untitled - Kielce,PL,Kielce,"Witold Gombrowicz | Provincial Public Library | Ściegiennego 13 st. | 25-033 Kielce, Poland",,,http://sbc.wbp.kielce.pl,,sbc@wbp.kielce.pl,,,,,,hurtownik,Zorr,Zorr,mix,,🔴,B2B only,3,średni,,,,intake_PL_2026-08-10 | http://sbc.wbp.kielce.pl/Content/14581/PDF/S%C5%82owo%20Ludu%201977%20nr%20197.pdf,,🟡🔍 🔍 2026-08-10 ⚠️ DO-WERYFIKACJI (API),"orig_uzasadnienie: Zidentyfikowany dystrybutor/sprzedawca marki: ""Zorr"" (nabijarka OR maszynka OR gilzy) hurtownia OR dystryb | orig_uwagi: Weryfikacja: None | orig_next: Zweryfikować dane, produkty i status B2B przed kontaktem | user_orig_priorytet='C — weryfikacja i nurturing' | user_orig_score=80 | user_orig_segment='S1 — RYO/MYO, gilzy i nabijarki' | ex-A4 → B4 (no NIP, L1 research needed)",duży
,,,,,PL-A-XX-086,B4,JUBILEUSZOWY -60 STRON.,PL,Łódź,| Biblioteka Cyfrowa | Regionalia Ziemi Łódzkiej | przy Wojewódzkiej Bibliotece Publicznej w Łodzi | ul. Gdańska 100/102 | 90-508 Łódź,,,http://bc.wbp.lodz.pl,,kontakt@wbp.lodz.pl,42 663 03 36,,,,,hurtownik,Zorr,Zorr,mix,,🔴,B2B only,3,średni,,,,intake_PL_2026-08-10 | http://bc.wbp.lodz.pl/Content/26922/IlustrowanaRepublika1933Nr349.pdf,,🟡🔍 🔍 2026-08-10 ⚠️ DO-WERYFIKACJI (API),"orig_uzasadnienie: Zidentyfikowany dystrybutor/sprzedawca marki: ""Zorr"" (nabijarka OR maszynka OR gilzy) hurtownia OR dystryb | orig_uwagi: Weryfikacja: None | orig_next: Zweryfikować dane, produkty i status B2B przed kontaktem | user_orig_priorytet='C — weryfikacja i nurturing' | user_orig_score=80 | user_orig_segment='S1 — RYO/MYO, gilzy i nabijarki' | ex-A4 → B4 (no NIP, L1 research needed)",duży
,,,,,PL-A-XX-087,B4,Z miliony Niemcu® ® stanie oskarżenia,PL,Warszawa,00-950 Warszawa,,,http://cyfrowemazowsze.pl,,mbc@koszykowa.pl,22 537 40 92,,,,,hurtownik,Zorr,Zorr,mix,,🔴,B2B only,3,średni,,,,intake_PL_2026-08-10 | http://cyfrowemazowsze.pl/Content/59736/PDF/00062643%20-%20%C5%BBycie%20Warszawy%201946%20nr%2060%20-%20P10019.pdf,,🟡🔍 🔍 2026-08-10 ⚠️ DO-WERYFIKACJI (API),"orig_uzasadnienie: Zidentyfikowany dystrybutor/sprzedawca marki: ""Zorr"" (nabijarka OR maszynka OR gilzy) hurtownia OR dystryb | orig_uwagi: Weryfikacja: None | orig_next: Zweryfikować dane, produkty i status B2B przed kontaktem | user_orig_priorytet='C — weryfikacja i nurturing' | user_orig_score=80 | user_orig_segment='S1 — RYO/MYO, gilzy i nabijarki' | ex-A4 → B4 (no NIP, L1 research needed)",duży
,,,,,PL-A-XX-088,B4,Zobacz temat - Test obiektywu Sony Carl Zeiss Vario Sonnar 24-70 ...,PL,,,,,https://forum.optyczne.pl,,,"455
124081",,,,,hurtownik,Zorr,Zorr,mix,,🔴,B2B only,3,średni,,,,intake_PL_2026-08-10 | https://forum.optyczne.pl/printview.php?t=2266&start=0&sid=d85183612f45cd9f8df79e5d8443b499,,🟡🔍 🔍 2026-08-10 ⚠️ DO-WERYFIKACJI (API),"orig_uzasadnienie: Zidentyfikowany dystrybutor/sprzedawca marki: ""Zorr"" (nabijarka OR maszynka OR gilzy) hurtownia OR dystryb | orig_uwagi: Weryfikacja: None | orig_next: Zweryfikować dane, produkty i status B2B przed kontaktem | user_orig_priorytet='C — weryfikacja i nurturing' | user_orig_score=80 | user_orig_segment='S1 — RYO/MYO, gilzy i nabijarki' | ex-A4 → B4 (no NIP, L1 research needed)",duży
,,,,,PL-A-XX-089,B4,iFi Audio ZEN DAC 3 i ZEN Phono 3 ⸜ inauguracja ...,PL,,,,,https://highfidelitynews.pl,,marek.dyba@highfidelity.pl,,,,,,hurtownik,Zen,Zen,mix,,🔴,B2B only,3,średni,,,,intake_PL_2026-08-10 | https://highfidelitynews.pl/ifi-audio-zen-dac-3-zen-phono-3-premiera/,,🟡🔍 🔍 2026-08-10 ⚠️ DO-WERYFIKACJI (API),"orig_uzasadnienie: Zidentyfikowany dystrybutor/sprzedawca marki: ""Zen"" (nabijarka OR maszynka OR gilzy) hurtownia OR dystrybu | orig_uwagi: Weryfikacja: None | orig_next: Zweryfikować dane, produkty i status B2B przed kontaktem | user_orig_priorytet='C — weryfikacja i nurturing' | user_orig_score=80 | user_orig_segment='S1 — RYO/MYO, gilzy i nabijarki' | ex-A4 → B4 (no NIP, L1 research needed)",duży
,,,,,PL-A-XX-090,B4,Firma Handlowa Hurtownia Wielobranżowa KŁOS Beata Kunna,PL,,,,,https://oneplace.marketplanet.pl,,,,,,,,hurtownik,Zen,Zen,mix,,🔴,B2B only,3,średni,,,,intake_PL_2026-08-10 | https://oneplace.marketplanet.pl/baza-firm/-/bc/company/23224/firma-handlowa-hurtownia-wielobranzowa-k-os-beata-kunna,,🟡🔍 🔍 2026-08-10 ⚠️ DO-WERYFIKACJI (API),"orig_uzasadnienie: Zidentyfikowany dystrybutor/sprzedawca marki: ""Zen"" (nabijarka OR maszynka OR gilzy) hurtownia OR dystrybu | orig_uwagi: Weryfikacja: None | orig_next: Zweryfikować dane, produkty i status B2B przed kontaktem | user_orig_priorytet='C — weryfikacja i nurturing' | user_orig_score=80 | user_orig_segment='S1 — RYO/MYO, gilzy i nabijarki' | ex-A4 → B4 (no NIP, L1 research needed)",duży
,,,,,PL-A-XX-091,B4,Poznaj markę TEAZEN,PL,,,,,https://www.teazen.pl,,,,,,,,hurtownik,Zen,Zen,mix,,🔴,B2B only,3,średni,,,,intake_PL_2026-08-10 | https://www.teazen.pl/historia-teazen,,🟡🔍 🔍 2026-08-10 ⚠️ DO-WERYFIKACJI (API),"orig_uzasadnienie: Zidentyfikowany dystrybutor/sprzedawca marki: ""Zen"" (nabijarka OR maszynka OR gilzy) hurtownia OR dystrybu | orig_uwagi: Weryfikacja: None | orig_next: Zweryfikować dane, produkty i status B2B przed kontaktem | user_orig_priorytet='C — weryfikacja i nurturing' | user_orig_score=80 | user_orig_segment='S1 — RYO/MYO, gilzy i nabijarki' | ex-A4 → B4 (no NIP, L1 research needed)",duży
,,,,,PL-A-XX-092,B4,nowości w AGD 3dAGD,PL,Rybnik,"ul. Św. Józefa 24c, 44-217 Rybnik",,,https://hurtownia-qwerty.pl,,biuro@hurtownia-qwerty.pl,603 152 145,,,,,hurtownik,Premier,Premier,mix,,🔴,B2B only,3,średni,,,,intake_PL_2026-08-10 | https://hurtownia-qwerty.pl/pl/n/tag/nowosci-w-agd,,🟡🔍 🔍 2026-08-10 ⚠️ DO-WERYFIKACJI (API),"orig_uzasadnienie: Zidentyfikowany dystrybutor/sprzedawca marki: ""Premier"" (nabijarka OR maszynka OR gilzy) hurtownia OR dyst | orig_uwagi: Weryfikacja: None | orig_next: Zweryfikować dane, produkty i status B2B przed kontaktem | user_orig_priorytet='C — weryfikacja i nurturing' | user_orig_score=80 | user_orig_segment='S1 — RYO/MYO, gilzy i nabijarki' | ex-A4 → B4 (no NIP, L1 research needed)",duży
,,,,,PL-A-XX-095,B4,"""Mam dość tego"". Obwinia Putina i Trumpa",PL,,,,,https://tvn24.pl,,,,,,,,hurtownik,Premier,Premier,mix,,🔴,B2B only,3,średni,,,,intake_PL_2026-08-10 | https://tvn24.pl/swiat/premier-wielkiej-brytanii-keir-starmer-mam-dosc-obwinia-donalda-trumpa-i-wladimira-putina-st8992287,,🟡🔍 🔍 2026-08-10 ⚠️ DO-WERYFIKACJI (API),"orig_uzasadnienie: Zidentyfikowany dystrybutor/sprzedawca marki: ""Premier"" (nabijarka OR maszynka OR gilzy) hurtownia OR dyst | orig_uwagi: Weryfikacja: None | orig_next: Zweryfikować dane, produkty i status B2B przed kontaktem | user_orig_priorytet='C — weryfikacja i nurturing' | user_orig_score=80 | user_orig_segment='S1 — RYO/MYO, gilzy i nabijarki' | ex-A4 → B4 (no NIP, L1 research needed)",duży
,,,,,PL-A-XX-096,B4,"Premier: wejdziemy do koalicji, jeśli będzie oferta polskich ...",PL,Myślenice,MILMAG sp. z o.o. | ul. Sikorskiego 22/2 | 32-400 Myślenice,,,https://milmag.pl,,,+48 693 537 533,,,,,hurtownik,Premier,Premier,mix,,🔴,B2B only,3,średni,,,,intake_PL_2026-08-10 | https://milmag.pl/premier-wejdziemy-do-koalicji-jesli-bedzie-oferta-polskich-firm-niewiadow-polska-grupa-militarna-jestesmy-gotowi/,,🟡🔍 🔍 2026-08-10 ⚠️ DO-WERYFIKACJI (API),"orig_uzasadnienie: Zidentyfikowany dystrybutor/sprzedawca marki: ""Premier"" (nabijarka OR maszynka OR gilzy) hurtownia OR dyst | orig_uwagi: Weryfikacja: None | orig_next: Zweryfikować dane, produkty i status B2B przed kontaktem | user_orig_priorytet='C — weryfikacja i nurturing' | user_orig_score=80 | user_orig_segment='S1 — RYO/MYO, gilzy i nabijarki' | ex-A4 → B4 (no NIP, L1 research needed)",duży
,Ogólnopolska,,,,PL-A-XX-005,B4,PRODAP,PL,,,,,https://prodap.pl,,,,,,,,producent,PowerMatic,,mix,średni,🟢,B2B only,1,niski,,,,intake_PL_2026-08-10 | https://prodap.pl,,🔍 🔍⚠️ 🔧 2026-08-10 ⚠️ DO-WERYFIKACJI (API),"orig_uzasadnienie: Bezpośrednie dopasowanie do ryo/myo, gilz lub nabijarek; zasięg ponadregionalny. | orig_uwagi: Major dedicated distributor specifically for Powermatic injectors and replacement parts. | orig_next: E-mail handlowy + telefon follow-up w ciągu 48 godzin | user_orig_priorytet='A2 — kontakt w 7 dni' | user_orig_score=81 | user_orig_segment='S1 — RYO/MYO, gilzy i nabijarki' | A1 candidate NO-NIP — needs L1 research before merge | ex-A1 → B4 (PRODAP = maszyny rolnicze, NOT tobacco)",duży
MZ,mazowieckie,województwo,,,PL-A-MZ-004,B4,"Handel Hurtowy i Detaliczny, Beata Czyż w Radom",PL,Radom,,,,38250-pl.all.biz,,,+48 504 08-33-60,,,,,detalista,"PowerMatic, Dark Horse, OCB",Dark Horse,mix,średni,🟢,B2B only,3,średni,,,,intake_PL_2026-08-10 | 38250-pl.all.biz,,🟡🔍 🔍⚠️ 🔧 2026-08-10 ⚠️ DO-WERYFIKACJI (API),"orig_uzasadnienie: Bezpośrednie dopasowanie do ryo/myo, gilz lub nabijarek. | orig_uwagi: Model: Detalista-Z-Hurtem. Asortyment: Gilzy papierosowe (Mr Tobacco, DREK, Dark Horse), nabijarki do gilz (Powermatic 1, Powermatic 2, OCB Mikromatic Duo), akcesoria dla palaczy. Info: Powermatic 1, Powermatic 2, OCB Mikromatic Duo | Status źródłowy: Aktywny | orig_next: E-mail handlowy + telefon follow-up w ciągu 48 godzin | user_orig_priorytet='A2 — kontakt w 7 dni' | user_orig_score=80 | user_orig_segment='S1 — RYO/MYO, gilzy i nabijarki' | A1 candidate NO-NIP — needs L1 research before merge | ex-A1 → B4 (JDG, all.biz listing)",duży
,Nieustalony,,,,PL-A-XX-014,B4,Ubuy,PL,,Poland (Domain),,,https://www.ubuy.com.pl,,,,,,,,marketplace,PowerMatic,,mix,,🔴,,2,średni,,,,intake_PL_2026-08-10 | https://www.ubuy.com.pl,,🔍 🔍⚠️ 🔧 2026-08-10 ⚠️ DO-WERYFIKACJI (API),"orig_uzasadnienie: Bezpośrednie dopasowanie do ryo/myo, gilz lub nabijarek. | orig_uwagi: Status źródłowy: Aktywny | orig_next: Dodać do kampanii regionalnej i wykonać follow-up telefoniczny | user_orig_priorytet='B — kampania regionalna' | user_orig_score=66 | user_orig_segment='S1 — RYO/MYO, gilzy i nabijarki' | A1 candidate NO-NIP — needs L1 research before merge | ex-A1 → B4 (ubuy.com.pl = e-commerce platform)",duży
,Ogólnopolska,,,,PL-A-XX-019,B4,Allegro: konopny_sklep,PL,,,,,https://allegro.pl/uzytkownik/konopny_sklep,,,,,,,,marketplace,"PowerMatic, OCB",,mix,,🔴,,2,średni,,,,intake_PL_2026-08-10 | https://allegro.pl/uzytkownik/konopny_sklep,,🔍 🔍⚠️ 🔧 2026-08-10 ⚠️ DO-WERYFIKACJI (API),"orig_uzasadnienie: Bezpośrednie dopasowanie do ryo/myo, gilz lub nabijarek; zasięg ponadregionalny. | orig_uwagi: Sprzedaje OCB Mikromatic oraz Powermatic Mini. | Status źródłowy: Niezweryfikowany | orig_next: Dodać do kampanii regionalnej i wykonać follow-up telefoniczny | user_orig_priorytet='B — kampania regionalna' | user_orig_score=65 | user_orig_segment='S1 — RYO/MYO, gilzy i nabijarki' | A1 candidate NO-NIP — needs L1 research before merge | ex-A1 → B4 (Allegro seller)",duży
,Ogólnopolska,,,,PL-A-XX-005,B4,PRODAP,PL,,,,,https://prodap.pl,,,,,,,,producent,PowerMatic,,mix,średni,🟢,B2B only,1,niski,,,,intake_PL_2026-08-10 | https://prodap.pl,,🔍 🔍⚠️ 🔧 2026-08-10 ⚠️ DO-WERYFIKACJI (API),"orig_uzasadnienie: Bezpośrednie dopasowanie do ryo/myo, gilz lub nabijarek; zasięg ponadregionalny. | orig_uwagi: Major dedicated distributor specifically for Powermatic injectors and replacement parts. | orig_next: E-mail handlowy + telefon follow-up w ciągu 48 godzin | user_orig_priorytet='A2 — kontakt w 7 dni' | user_orig_score=81 | user_orig_segment='S1 — RYO/MYO, gilzy i nabijarki' | A1 candidate NO-NIP — needs L1 research before merge | ex-A1 → B4 (PRODAP = maszyny rolnicze, NOT tobacco)",duży
MZ,mazowieckie,województwo,,,PL-A-MZ-004,B4,"Handel Hurtowy i Detaliczny, Beata Czyż w Radom",PL,Radom,,,,38250-pl.all.biz,,,+48 504 08-33-60,,,,,detalista,"PowerMatic, Dark Horse, OCB",Dark Horse,mix,średni,🟢,B2B only,3,średni,,,,intake_PL_2026-08-10 | 38250-pl.all.biz,,🟡🔍 🔍⚠️ 🔧 2026-08-10 ⚠️ DO-WERYFIKACJI (API),"orig_uzasadnienie: Bezpośrednie dopasowanie do ryo/myo, gilz lub nabijarek. | orig_uwagi: Model: Detalista-Z-Hurtem. Asortyment: Gilzy papierosowe (Mr Tobacco, DREK, Dark Horse), nabijarki do gilz (Powermatic 1, Powermatic 2, OCB Mikromatic Duo), akcesoria dla palaczy. Info: Powermatic 1, Powermatic 2, OCB Mikromatic Duo | Status źródłowy: Aktywny | orig_next: E-mail handlowy + telefon follow-up w ciągu 48 godzin | user_orig_priorytet='A2 — kontakt w 7 dni' | user_orig_score=80 | user_orig_segment='S1 — RYO/MYO, gilzy i nabijarki' | A1 candidate NO-NIP — needs L1 research before merge | ex-A1 → B4 (JDG, all.biz listing)",duży
,Nieustalony,,,,PL-A-XX-014,B4,Ubuy,PL,,Poland (Domain),,,https://www.ubuy.com.pl,,,,,,,,marketplace,PowerMatic,,mix,,🔴,,2,średni,,,,intake_PL_2026-08-10 | https://www.ubuy.com.pl,,🔍 🔍⚠️ 🔧 2026-08-10 ⚠️ DO-WERYFIKACJI (API),"orig_uzasadnienie: Bezpośrednie dopasowanie do ryo/myo, gilz lub nabijarek. | orig_uwagi: Status źródłowy: Aktywny | orig_next: Dodać do kampanii regionalnej i wykonać follow-up telefoniczny | user_orig_priorytet='B — kampania regionalna' | user_orig_score=66 | user_orig_segment='S1 — RYO/MYO, gilzy i nabijarki' | A1 candidate NO-NIP — needs L1 research before merge | ex-A1 → B4 (ubuy.com.pl = e-commerce platform)",duży
,Ogólnopolska,,,,PL-A-XX-019,B4,Allegro: konopny_sklep,PL,,,,,https://allegro.pl/uzytkownik/konopny_sklep,,,,,,,,marketplace,"PowerMatic, OCB",,mix,,🔴,,2,średni,,,,intake_PL_2026-08-10 | https://allegro.pl/uzytkownik/konopny_sklep,,🔍 🔍⚠️ 🔧 2026-08-10 ⚠️ DO-WERYFIKACJI (API),"orig_uzasadnienie: Bezpośrednie dopasowanie do ryo/myo, gilz lub nabijarek; zasięg ponadregionalny. | orig_uwagi: Sprzedaje OCB Mikromatic oraz Powermatic Mini. | Status źródłowy: Niezweryfikowany | orig_next: Dodać do kampanii regionalnej i wykonać follow-up telefoniczny | user_orig_priorytet='B — kampania regionalna' | user_orig_score=65 | user_orig_segment='S1 — RYO/MYO, gilzy i nabijarki' | A1 candidate NO-NIP — needs L1 research before merge | ex-A1 → B4 (Allegro seller)",duży
PK,Plzeňský kraj,kraj,,,CZ-A-PK-001,A1,"FORTIS-DB, SPOL. S R.O.",CZ,Plzeň,"Úněšovská 2205/17, Bolevec, 323 00",CZ62586289,ARES IČO 62586289,https://eshop.fortisdb.cz,brak,info@fortisdb.cz,+420 377 220 600,brak,fortisdbcz,brak,,autoryzowany,PowerMatic V (jako dovozce/importer),nie,import (kraj nieznany),średni 🟡,hurtownia + eshop,5,brak,Jiří Dort,42.5% udziałowiec (od 15.03.2013),brak,ARES API + web search,ARES API + web search,2026-08-10,QS: 90/100 | 🔴🔍 2026-08-10 ✅ FROZEN (API),"⚠️ POTENCJALNA KOLIZJA Z WYŁĄCZNOŚCIĄ BILLS - importuje PowerMatic V w CZ. NALEŻY ZWERYFIKOWAĆ kanał importu. Właściciel od 2024: Moosmayr Holding GmbH (Austria) - 50% udziałów. IČO 62586289, NACE 46350. Realna firma od 1994. PL/ALP nie mają dostępu do tego dealera ⚠️ DO-WERYFIKACJI",duży
PR,Hlavní město Praha,kraj,,,CZ-A-PR-001,A4,PEAL A.S.,CZ,Praha 10,"U plynárny č.ev. 412/101, Michle, 101 00",CZ25775634,ARES IČO 25775634,https://www.peal.cz,brak,vedouci@peal.cz,+420 602 156 452,brak,brak,brak,,reseller,Don Pealo (marka własna),tak (Don Pealo),import (głównie Europa + świat),duży 🟢,hurtownia ogólnopolska CZ,5,brak,brak,Miroslav Kaštánek,Chairman,ARES API + web search,ARES API + web search,2026-08-10,QS: 90/100 | 🐋 2026-08-10 ✅ FROZEN (API),"🐋 JEDEN Z NAJWIĘKSZYCH w CZ. 5 oddziałów: Praha (HQ), Tábor, Plzeň, Ostrava, Liberec, Brno. Właściciel marki Don Pealo. Dystrybucja hurtowa wyrobów tytoniowych, akcesoria, napoje, HORECA, automaty papierosowe. Grupa PEAL jest też głównym udziałowcem Czech Tobacco Corporation A.S. Import z zagranicy ⚠️ DO-WERYFIKACJI",duży
JM,Jihomoravský kraj,kraj,,,CZ-A-JM-001,A4,MOSTEX IMPORT-EXPORT S.R.O.,CZ,Modřice (Brno-venkov),"Tyršova 847, 664 42",CZ64509923,ARES IČO 64509923,brak,brak,brak,+420 547 423 340,brak,brak,brak,,reseller,do weryfikacji,nie,import-export,mały 🟡,hurtownia,4,średni,brak,Dr. Josef Stanislav,brak,ARES API,ARES API,2026-08-10,QS: 80/100 | 🔍 2026-08-10 ✅ FROZEN (API),"Firma import-export z Brna, działa od 1996. NACE 461, 47190. Hurtownia. Czy ma w ofercie maszynki? Do weryfikacji ⚠️ DO-WERYFIKACJI",duży
PK,Plzeňský kraj,kraj,,,CZ-B-PK-001,B8,GGT CZ a.s.,CZ,Praha,"F.V.Veselého 2760/7, Praha 9 - Horní Počernice",26293609,ARES IČO 26293609,https://www.ggtabak.cz/,,,,,,,,,,,,,,,,,Josef Hloušek,Generální ředitel (CEO),hlousek@ggtabak.cz,ARES API + web search 2026-08-10,2026-08-10,QS: 80/100 | 2026-08-10 ✅ FROZEN (API),Starter set: web search 2026-08-10. Nip/rejestr do ustalenia.,
PR,Hlavní město Praha,kraj,,,CZ-B-PR-002,B8,Czech Tobacco Corporation a.s.,CZ,Pardubice,"17. listopadu 2753, Zelené Předměstí, 530 02",25283103,ARES IČO 25283103,https://www.ctc-as.cz/,,,,,,,,,,,,,,,,,Přemysl Opletal,Chairman of the Board,,ARES API + web search 2026-08-10,2026-08-10,QS: 80/100 | 2026-08-10 ✅ FROZEN (API),Starter set: web search 2026-08-10. Nip/rejestr do ustalenia.,
PR,Hlavní město Praha,kraj,,,CZ-B-PR-003,B8,PEAL a.s.,CZ,Praha,"U Plynárny 412/101, Praha 4 - Michle",25775634,ARES IČO 25775634,https://www.peal.cz/,,,,,,,,,,,,,,,,,,,,ARES API + web search 2026-08-10,2026-08-10,QS: 80/100 | 2026-08-10 ✅ FROZEN (API),Starter set: web search 2026-08-10. Nip/rejestr do ustalenia.,
PR,Hlavní město Praha,kraj,,,CZ-B-PR-004,B4,Imperial Tobacco CR s.r.o.,CZ,Praha,"Karla Engliše 3201/6, Praha 5 - Smíchov",01485733,ARES IČO 01485733,do ustalenia,,,+420 296 541 111,,,,,,,,,,,,,,Felix von Schwanewede,Country Manager (Manažer trhu pro ČR),,ARES API + web search 2026-08-10,2026-08-10,QS: 60/100 | 2026-08-10 ⚠️ DO-WERYFIKACJI (API),Starter set: web search 2026-08-10. Nip/rejestr do ustalenia.,
PR,Hlavní město Praha,kraj,,,CZ-B-PR-005,B4,Philip Morris ČR a.s.,CZ,Praha,"Vítězná 1, Kutná Hora",14803534,ARES IČO 14803534,do ustalenia,,,+420 266 702 111,,,,,,,,,,,,,,Fabio Costa,"Managing Director, Chairman of the Board",philipmorris.cz@pmi.com,ARES API + web search 2026-08-10,2026-08-10,QS: 80/100 | 2026-08-10 ✅ FROZEN (API),Starter set: web search 2026-08-10. Nip/rejestr do ustalenia.,
PR,Hlavní město Praha,kraj,,,CZ-B-PR-006,B4,British American Tobacco (Czech Republic) s.r.o.,CZ,Praha,"Karolinská 654/2, Karlín, 18600 Praha 8",61775339,ARES IČO 61775339,do ustalenia,,,+420 724 970 431,,,,,,,,,,,,,,Tomáš Tesař,manažer komunikace,prague_press@bat.com,ARES API + web search 2026-08-10,2026-08-10,QS: 80/100 | 2026-08-10 ✅ FROZEN (API),Starter set: web search 2026-08-10. Nip/rejestr do ustalenia.,
PR,Hlavní město Praha,kraj,,,CZ-B-PR-007,B4,"GECO, a.s.",CZ,Praha,"Olgy Havlové 2917/38, Žižkov, 13000 Praha 3",CZ63080737,ARES IČO 63080737,do ustalenia,,,+420 241 404 738,,,,,,,,,,,,,,Libor Chrobok,CEO / Chairman of the Board,mail.box@geco.cz,ARES API + web search 2026-08-10 (IČO fixed from 60471484 GECO KLEMPIZO → 63080737 GECO a.s.),2026-08-10,QS: 80/100 | 2026-08-10 ✅ FROZEN (API),Starter set: web search 2026-08-10. Nip/rejestr do ustalenia.,
XX,nieznany,nieznany,,,BG-B-XX-001,B8,Tobacco Distribution OOD,BG,Sofia,"bul. Knyaginya Maria Luiza 91B, Sofia",BG206015071,ЕИК 206015071,https://tobacco.bg/,,office@tobacco.bg,+359 879 336 630,https://linkedin.com/in/yani-georgiev,,,,,,,,,,,,,Yani Georgiev,Owner,,KRS API / CEIDG API + web search 2026-08-10,2026-08-10,QS: 90/100 | 2026-08-10 ✅ FROZEN (API),"Starter set: web search 2026-08-10. Nip/rejestr do ustalenia. | Лиценз за търговия с тютюневи изделия BG5800V012306. Главен дистрибутор на ELFBAR, RELX (BG). Hookah марки LIRRA, HOOKAIN, HOLSTER, DARKSIDE, ELEMENT. Собствена марка GENEX. | License BG5800V012306. Exclusive distributor of ELFBAR, RELX (BG), LIRRA/HOOKAIN/HOLSTER/DARKSIDE/ELEMENT hookah. Own brand GENEX. | License BG5800V012306. Exclusive distributor ELFBAR, RELX. Hookah brands LIRRA, HOOKAIN, HOLSTER, DARKSIDE, ELEMENT. Own brand GENEX.",
XX,nieznany,nieznany,,,BG-B-XX-002,B8,TTI Bulgaria EOOD (Pöschl),BG,Sofia,ul. Angelov vrah 22,do weryfikacji,do weryfikacji,https://ttibulgaria.com/,,office@ttibulgaria.com,+359 2 955 74 03,,,,,,,,,,,,,,Tenko Bankov,Managing Director,,ttibulgaria.com + web search 2026-08-10,2026-08-10,QS: 45/100 | 2026-08-10 ⏳ PENDING_API,"Starter set: web search 2026-08-10. Nip/rejestr do ustalenia. | Клон на Pöschl Tabak (Geisenhausen, DE), основан 2001. Ексклузивен дистрибутор на тютюн за енфие, цигари и лула. | Subsidiary of Poschl Tabak (Geisenhausen, DE), since 2001. Exclusive distributor of snuff/pipe tobacco. | Subsidiary of Poschl Tabak (Geisenhausen, DE), since 2001. Exclusive distributor of snuff/pipe tobacco.",
XX,nieznany,nieznany,,,BG-B-XX-003,B8,Tobacco Import LTD (Bolkan),BG,Sofia,biuro Sofia + Plovdiv,do weryfikacji,do weryfikacji,https://www.tobacco-import.com/,,,,,,,,,,,,,,,,,Vlad Gitsoaika,former Managing Director,vladg@mail.bg,"tobacco-import.com (whois: reg 2008-12-16, eNom, expires 2026-12-16) + web search 2026-08-10",2026-08-10,QS: 35/100 | 2026-08-10 ⏳ PENDING_API,"Starter set: web search 2026-08-10. Nip/rejestr do ustalenia. | Официален дистрибутор на Karelia cigarettes. 3 офиса (2 София + 1 Пловдив), 4 склада. Дъщерна фирма Bolkan A&D LTD. 17 000+ търговски обекта покритие. | Official distributor of Karelia cigarettes. 3 offices (2 Sofia + 1 Plovdiv), 4 warehouses. Daughter Bolkan A&D LTD. 17000+ outlets coverage. | Official distributor of Karelia cigarettes. 3 offices (2 Sofia + 1 Plovdiv), 4 warehouses. Daughter Bolkan A&D LTD. 17000+ outlets coverage.",
XX,nieznany,nieznany,,,BG-B-XX-004,B8,Tabako Trade OOD,BG,Sofia,"ul. Brezovsko shose 137, Plovdiv",BG160087391,ЕИК 160087391,https://tobaccotrade.bg/,,,,,,,,,,,,,,,,,Димитър Вълчев,Управител (Manager),,KRS API / CEIDG API + web search 2026-08-10,2026-08-10,QS: 80/100 | 2026-08-10 ✅ FROZEN (API),Starter set: web search 2026-08-10. Nip/rejestr do ustalenia. | КИД 2008: 4635 (търговия на едро с тютюневи изделия). Регистрирана 26.02.2007. Клон на Dafna Group. Директна дистрибуция на национално ниво. | KID 2008: 4635 (wholesale of tobacco). Registered 26.02.2007. Subsidiary of Dafna Group. National direct distribution. | KID 2008: 4635 (wholesale of tobacco). Registered 26.02.2007. Subsidiary of Dafna Group. National direct distribution.,
XX,nieznany,nieznany,,,BG-B-XX-005,B4,SEKE Kardzali,BG,Plovdiv,Kardzhali,do weryfikacji,do weryfikacji,do ustalenia,,,,,,,,,,,,,,,,,,,,kompass.bg web search 2026-08-10,2026-08-10,QS: 35/100 | 2026-08-10 ⏳ PENDING_API,Starter set: web search 2026-08-10. Nip/rejestr do ustalenia.,
XX,nieznany,nieznany,,,BG-B-XX-006,B4,KASIKA,BG,Haskovo,do ustalenia,do weryfikacji,do weryfikacji,do ustalenia,,,,,,,,,,,,,,,,,,,,kompass.bg web search 2026-08-10,2026-08-10,QS: 28/100 | 2026-08-10 ⏳ PENDING_API,Starter set: web search 2026-08-10. Nip/rejestr do ustalenia.,
XX,nieznany,nieznany,,,BG-B-XX-007,B4,M.TYLER LTD,BG,Sofia,do ustalenia,do weryfikacji,do weryfikacji,do ustalenia,,,,,,,,,,,,,,,,,,,,kompass.bg web search 2026-08-10,2026-08-10,QS: 28/100 | 2026-08-10 ⏳ PENDING_API,Starter set: web search 2026-08-10. Nip/rejestr do ustalenia.,
XX,nieznany,nieznany,,,BG-B-XX-008,B4,Imperial Tobacco Bulgaria,BG,Sofia,do ustalenia,do weryfikacji,do weryfikacji,do ustalenia,,,,,,,,,,,,,,,,,Hristo Tsachev,Head of FFO,,kompass.bg web search 2026-08-10,2026-08-10,QS: 28/100 | 2026-08-10 ⏳ PENDING_API,Starter set: web search 2026-08-10. Nip/rejestr do ustalenia.,
XX,nieznany,nieznany,,,BG-B-XX-009,B4,British American Tobacco Bulgaria,BG,Sofia,do ustalenia,do weryfikacji,do weryfikacji,do ustalenia,,,+359 2 976 98 90,Country Manager at BAT Bulgaria,,,,,,,,,,,,,Mila Marechkova,Country Manager Bulgaria,bgsofiareception@bat.com,kompass.bg web search 2026-08-10,2026-08-10,QS: 33/100 | 2026-08-10 ⏳ PENDING_API,Starter set: web search 2026-08-10. Nip/rejestr do ustalenia.,
XX,nieznany,nieznany,,,BG-B-XX-010,B4,Philip Morris Bulgaria,BG,Sofia,do ustalenia,do weryfikacji,do weryfikacji,do ustalenia,,,+359 2 806 31 00,,,,,,,,,,,,,,Denys Strobykin,General Manager,administration.pmbg@pmi.com,kompass.bg web search 2026-08-10,2026-08-10,QS: 33/100 | 2026-08-10 ⏳ PENDING_API,Starter set: web search 2026-08-10. Nip/rejestr do ustalenia.,
XX,nieznany,nieznany,,,BG-B-XX-011,B4,Japan Tobacco International Bulgaria,BG,Sofia,do ustalenia,do weryfikacji,do weryfikacji,do ustalenia,,,,https://linkedin.com/in/manos-koukourakis,,,,,,,,,,,,,Manos Koukourakis,General Manager,,kompass.bg web search 2026-08-10,2026-08-10,QS: 28/100 | 2026-08-10 ⏳ PENDING_API,Starter set: web search 2026-08-10. Nip/rejestr do ustalenia.,
XX,nieznany,nieznany,,,HR-B-XX-001,B8,Veletabak d.o.o.,HR,Zagreb,do ustalenia,do weryfikacji,do weryfikacji,https://www.veletabak.hr/,,,+385 1 7888 610,,,,,,,,,,,,,,Luka Saraf,Director,luka.saraf@veletabak.hr,web search 2026-08-10,2026-08-10,QS: 33/100 | 2026-08-10 ⏳ PENDING_API,Starter set: web search 2026-08-10. Nip/rejestr do ustalenia.,
XX,nieznany,nieznany,,,HR-B-XX-002,B8,TDR d.o.o. (BAT Adria),HR,Rovinj,"Obala Vladimira Nazora 1, 52210",do weryfikacji,do weryfikacji,https://tdr.hr/,,,052844000,,,,,,,,,,,,,,Zvonko Kolobara,Director,cro_pravniodjel@bat.com,web search 2026-08-10,2026-08-10,QS: 40/100 | 2026-08-10 ⏳ PENDING_API,Starter set: web search 2026-08-10. Nip/rejestr do ustalenia.,
XX,nieznany,nieznany,,,HR-B-XX-003,B8,Hrvatski duhani d.d. (BAT),HR,Virovitica,"Osječka 2, 33000",do weryfikacji,do weryfikacji,do ustalenia,,,033 730 660,,,,,,,,,,,,,,Aleksandra Grigić,Predsjednik uprave / President,hrvatski_duhani@bat.com,web search 2026-08-10,2026-08-10,QS: 40/100 | 2026-08-10 ⏳ PENDING_API,Starter set: web search 2026-08-10. Nip/rejestr do ustalenia.,
XX,nieznany,nieznany,,,HR-B-XX-004,B4,Imperial Tobacco Zagreb d.o.o.,HR,Zagreb,do ustalenia,do weryfikacji,do weryfikacji,do ustalenia,,,01/5494040,,,,,,,,,,,,,,Tomaz Maver,Director (Market Manager SLOVENIA&CROATIA),,kompass.hr web search 2026-08-10,2026-08-10,QS: 33/100 | 2026-08-10 ⏳ PENDING_API,Starter set: web search 2026-08-10. Nip/rejestr do ustalenia.,
XX,nieznany,nieznany,,,HR-B-XX-005,B4,Philip Morris Zagreb d.o.o.,HR,Zagreb,do ustalenia,do weryfikacji,do weryfikacji,do ustalenia,,,+385 1 616 6900,,,,,,,,,,,,,,Anita Letica,"General Manager Croatia & Slovenia, President of the Board",Anita.Letica@pmi.com,kompass.hr web search 2026-08-10,2026-08-10,QS: 33/100 | 2026-08-10 ⏳ PENDING_API,Starter set: web search 2026-08-10. Nip/rejestr do ustalenia.,
XX,nieznany,nieznany,,,HR-B-XX-006,B4,JT International Zagreb d.o.o.,HR,Zagreb,do ustalenia,do weryfikacji,do weryfikacji,do ustalenia,,,+385 1 6040801,,,,,,,,,,,,,,Simone Mammi,Direktor,,kompass.hr web search 2026-08-10,2026-08-10,QS: 33/100 | 2026-08-10 ⏳ PENDING_API,Starter set: web search 2026-08-10. Nip/rejestr do ustalenia.,
XX,nieznany,nieznany,,,HR-B-XX-007,B4,Pogon Kooltura d.o.o.,HR,Donji Stupnik,do ustalenia,do weryfikacji,do weryfikacji,do ustalenia,,,,,,,,,,,,,,,,,Željko Petrić,Direktor,,kompass.hr web search 2026-08-10,2026-08-10,QS: 28/100 | 2026-08-10 ⏳ PENDING_API,Starter set: web search 2026-08-10. Nip/rejestr do ustalenia.,
XX,nieznany,nieznany,,,HR-B-XX-008,B4,Shisha Trade d.o.o.,HR,Kaštel Štafilić,do ustalenia,do weryfikacji,do weryfikacji,do ustalenia,,,,,,,,,,,,,,,,,,,,kompass.hr web search 2026-08-10,2026-08-10,QS: 28/100 | 2026-08-10 ⏳ PENDING_API,Starter set: web search 2026-08-10. Nip/rejestr do ustalenia.,
XX,nieznany,nieznany,,,HR-B-XX-009,B4,AER Wholesale,HR,Umag,do ustalenia,do weryfikacji,do weryfikacji,do ustalenia,,,+39 02 947 501 07,,,,,,,,,,,,,,Matteo Lovisolo,Founder/CEO,info@aer-wsale.com,europages web search 2026-08-10,2026-08-10,QS: 33/100 | 2026-08-10 ⏳ PENDING_API,Starter set: web search 2026-08-10. Nip/rejestr do ustalenia.,
XX,nieznany,nieznany,,,HR-B-XX-010,B4,TDR D.O.O. (Rovinj Tobacco Factory),HR,Rovinj,do ustalenia,do weryfikacji,do weryfikacji,do ustalenia,,,052844000,,,,,,,,,,,,,,Zvonko Kolobara,Director,cro_pravniodjel@bat.com,europages web search 2026-08-10,2026-08-10,QS: 33/100 | 2026-08-10 ⏳ PENDING_API,Starter set: web search 2026-08-10. Nip/rejestr do ustalenia.,
XX,nieznany,nieznany,,,HR-B-XX-011,B4,HRVATSKI DUHANI D.D.,HR,Virovitica,do ustalenia,do weryfikacji,do weryfikacji,do ustalenia,,,033 730 660,,,,,,,,,,,,,,Renato Balen,Direktor,hrvatski_duhani@bat.com,europages web search 2026-08-10,2026-08-10,QS: 33/100 | 2026-08-10 ⏳ PENDING_API,Starter set: web search 2026-08-10. Nip/rejestr do ustalenia.,
XX,Harju maakond,maakond,"LT-B-KA-001,LV-B-XX-001",,EE-B-XX-001,B8,OÜ SANITEX,EE,Rae küla,"Graniidi 1, EE-75310",EE101376895,e-Äriregister 11931003,https://sanitex.eu,brak,brak,+372 622 6399,brak,sanitex,brak,,reseller,nie,nie,Europa + Azja,duży 🟢,hurtownia + logistyka,5,wysoki,brak,brak,brak,sanitex.eu,KRS API / CEIDG API + web search 2026-08-10,2026-08-10,QS: 85/100 | 🐋 2026-08-10 ✅ FROZEN (API),Siostra UAB SANITEX (LT). Wspólny właściciel. Razem z LT i LV = 1 partner na 3 kraje bałtyckie ⚠️ DO-WERYFIKACJI,mały
XX,Harju maakond,maakond,,,EE-B-XX-002,B8,Nicorex Baltic OÜ,EE,Tallinn,Harju maakond,EE101602462,e-Äriregister 11246738,do ustalenia,,,,,,,,,,,,,,,,,,,,KRS API / CEIDG API + web search 2026-08-10,2026-08-10,QS: 80/100 | 2026-08-10 ✅ FROZEN (API),Starter set: web search 2026-08-10. Nip/rejestr do ustalenia.,
XX,Harju maakond,maakond,,,EE-B-XX-003,B8,Coop Eesti Keskühistu,EE,Tallinn,"Harju maakond, Rae vald, Soodevahe küla, Suur-Sõjamäe tn 70",EE100200263,e-Äriregister 10093971,do ustalenia,,,,,,,,,,,,,,,,,,,,KRS API / CEIDG API + web search 2026-08-10,2026-08-10,QS: 80/100 | 2026-08-10 ✅ FROZEN (API),Starter set: web search 2026-08-10. Nip/rejestr do ustalenia.,
XX,Harju maakond,maakond,,,EE-B-XX-004,B8,Aktsiaselts Kaupmees & Ko,EE,Tallinn,"Harju maakond, Tallinn, Lasnamäe linnaosa, Sepise tn 7",EE100175783,e-Äriregister 10347466,do ustalenia,,,,,,,,,,,,,,,,,,,,KRS API / CEIDG API + web search 2026-08-10,2026-08-10,QS: 80/100 | 2026-08-10 ✅ FROZEN (API),Starter set: web search 2026-08-10. Nip/rejestr do ustalenia.,
XX,Harju maakond,maakond,,,EE-B-XX-005,B8,Eugesta Eesti OÜ,EE,Tallinn,"Harju maakond, Rae vald, Lehmja küla, Rukki tee 5",EE100048881,e-Äriregister 10028896,do ustalenia,,,,,,,,,,,,,,,,,,,,KRS API / CEIDG API + web search 2026-08-10,2026-08-10,QS: 80/100 | 2026-08-10 ✅ FROZEN (API),Starter set: web search 2026-08-10. Nip/rejestr do ustalenia.,
XX,Harju maakond,maakond,,,EE-B-XX-006,B8,Aktsiaselts Tallink Duty Free,EE,Tallinn,"Harju maakond, Tallinn, Kesklinna linnaosa, Sadama tn 7",EE100220641,e-Äriregister 10179520,do ustalenia,,,,,,,,,,,,,,,,,,,,KRS API / CEIDG API + web search 2026-08-10,2026-08-10,QS: 80/100 | 2026-08-10 ✅ FROZEN (API),Starter set: web search 2026-08-10. Nip/rejestr do ustalenia.,
XX,Harju maakond,maakond,,,EE-B-XX-007,B8,Philip Morris Eesti,EE,Tallinn,"Harju maakond, Tallinn, Kesklinna linnaosa, Maakri tn 23a",EE100272521,e-Äriregister 10030798,do ustalenia,,,,,,,,,,,,,,,,,,,,KRS API / CEIDG API + web search 2026-08-10,2026-08-10,QS: 80/100 | 2026-08-10 ✅ FROZEN (API),Starter set: web search 2026-08-10. Nip/rejestr do ustalenia.,
XX,Harju maakond,maakond,,,EE-B-XX-008,B4,CigarHouse.ee (Sigarimaja),EE,Tallinn,do ustalenia,do weryfikacji,do weryfikacji,https://cigarhouse.ee/,,,,,,,,,,,,,,,,,,,,web search 2026-08-10,2026-08-10,QS: 43/100 | 2026-08-10 ⚠️ DO-WERYFIKACJI (API),Starter set: web search 2026-08-10. Nip/rejestr do ustalenia.,
XX,Harju maakond,maakond,,,EE-B-XX-009,B4,Hinnapomm Eesti OÜ,EE,Tallinn,do ustalenia,do weryfikacji,do weryfikacji,https://hinnapomm.ee/,,,,,,,,,,,,,,,,,,,,web search 2026-08-10,2026-08-10,QS: 43/100 | 2026-08-10 ⚠️ DO-WERYFIKACJI (API),Starter set: web search 2026-08-10. Nip/rejestr do ustalenia.,
XX,Harju maakond,maakond,,,EE-B-XX-010,B4,Fruit Xpress OÜ,EE,Tallinn,"Harju maakond, Jõelähtme vald, Loo alevik, Niidu tee 1",EE101350167,e-Äriregister 11471375,do ustalenia,,,,,,,,,,,,,,,,,,,,KRS API / CEIDG API + web search 2026-08-10,2026-08-10,QS: 80/100 | 2026-08-10 ✅ FROZEN (API),Starter set: web search 2026-08-10. Nip/rejestr do ustalenia.,
XX,nieznany,nieznany,,,FR-B-XX-001,B8,Logista France,FR,Vincennes,"27 avenue des murs du parc, 94300",do weryfikacji,do weryfikacji,do ustalenia,,,,,,,,,,,,,,,,,,,,douane.gouv.fr 2026-08-10,2026-08-10,QS: 35/100 | 2026-08-10 ⏳ PENDING_API,Starter set: web search 2026-08-10. Nip/rejestr do ustalenia.,
XX,nieznany,nieznany,,,FR-B-XX-002,B8,COPROVA SAS,FR,Paris,"171 avenue Jean Jaurès, 75927",do weryfikacji,do weryfikacji,Direction.Generale@coprova.com,,,,,,,,,,,,,,,,,,,,douane.gouv.fr 2026-08-10,2026-08-10,QS: 35/100 | 2026-08-10 ⏳ PENDING_API,Starter set: web search 2026-08-10. Nip/rejestr do ustalenia.,
XX,nieznany,nieznany,,,FR-B-XX-003,B8,Davidoff of Geneva France,FR,Colombes,"42 avenue Kléber, 92700",do weryfikacji,do weryfikacji,do ustalenia,,,,,,,,,,,,,,,,,,,,douane.gouv.fr 2026-08-10,2026-08-10,QS: 35/100 | 2026-08-10 ⏳ PENDING_API,Starter set: web search 2026-08-10. Nip/rejestr do ustalenia.,
XX,nieznany,nieznany,,,FR-B-XX-004,B8,SODITAB SA (La SPF),FR,Paris,"11 rue Yvon Villarceau, 75116",do weryfikacji,do weryfikacji,soditab@laspf.com,,,,,,,,,,,,,,,,,,,,douane.gouv.fr 2026-08-10,2026-08-10,QS: 35/100 | 2026-08-10 ⏳ PENDING_API,Starter set: web search 2026-08-10. Nip/rejestr do ustalenia.,
XX,nieznany,nieznany,,,FR-B-XX-005,B4,Bouttier SAS,FR,Auch,"3 rue Van Gogh, Z.I. d'Engachies, 32020",do weryfikacji,do weryfikacji,bouttier@bouttier.fr,,,,,,,,,,,,,,,,,,,,nkm.fr 2026-08-10,2026-08-10,QS: 35/100 | 2026-08-10 ⏳ PENDING_API,Starter set: web search 2026-08-10. Nip/rejestr do ustalenia.,
XX,nieznany,nieznany,,,FR-B-XX-006,B4,Mercier SAS,FR,Châtenoy-le-Royal,"Zone verte, Route des Varennes, 71880",do weryfikacji,do weryfikacji,francis@mercier.fr,,,,,,,,,,,,,,,,,,,,nkm.fr 2026-08-10,2026-08-10,QS: 35/100 | 2026-08-10 ⏳ PENDING_API,Starter set: web search 2026-08-10. Nip/rejestr do ustalenia.,
XX,nieznany,nieznany,,,FR-B-XX-007,B4,PIPAL SA,FR,Illkirch-Graffenstaden,"8 rue Denis Papin, 67400",do weryfikacji,do weryfikacji,cdiana@pipal.fr,,,,,,,,,,,,,,,,,,,,nkm.fr 2026-08-10,2026-08-10,QS: 35/100 | 2026-08-10 ⏳ PENDING_API,Starter set: web search 2026-08-10. Nip/rejestr do ustalenia.,
XX,nieznany,nieznany,,,FR-B-XX-008,B4,SOCOPI SAS,FR,Le Rheu,"82 route Nationale, BP 65135, 35651",do weryfikacji,do weryfikacji,socopi@socopi.fr,,,,,,,,,,,,,,,,,,,,nkm.fr 2026-08-10,2026-08-10,QS: 35/100 | 2026-08-10 ⏳ PENDING_API,Starter set: web search 2026-08-10. Nip/rejestr do ustalenia.,
XX,nieznany,nieznany,,,FR-B-XX-009,B4,PW Distribution,FR,(do ustalenia),distributeur feuilles à rouler,do weryfikacji,do weryfikacji,https://www.pw-distribution.fr/,,,,,,,,,,,,,,,,,,,,web search 2026-08-10,2026-08-10,QS: 35/100 | 2026-08-10 ⏳ PENDING_API,Starter set: web search 2026-08-10. Nip/rejestr do ustalenia.,
XX,nieznany,nieznany,,,FR-B-XX-010,B4,Société des Pipes Butz-Choquin,FR,Saint-Claude,"2 ter rue du Plan du Moulin, 39205",do weryfikacji,do weryfikacji,butz-choquin@butz-choquin.com,,,,,,,,,,,,,,,,,,,,nkm.fr 2026-08-10,2026-08-10,QS: 35/100 | 2026-08-10 ⏳ PENDING_API,Starter set: web search 2026-08-10. Nip/rejestr do ustalenia.,
XX,nieznany,nieznany,,,FR-B-XX-011,B4,Grossiste Presse Tabac (GTP),FR,(do ustalenia),do ustalenia,do weryfikacji,do weryfikacji,https://www.grossiste-presse-tabac.fr/,,,,,,,,,,,,,,,,,,,,web search 2026-08-10,2026-08-10,QS: 28/100 | 2026-08-10 ⏳ PENDING_API,Starter set: web search 2026-08-10. Nip/rejestr do ustalenia.,
KA,Kauno apskritis,apskritis,"LV-B-XX-001,EE-B-XX-001",1992,LT-B-KA-001,B8,UAB SANITEX,LT,Kaunas,"Raudondvario pl. 131C, LT-47501",LT104434917,JAR 110443493,https://sanitex.eu,brak,brak,+370 37 401111,brak,sanitex,brak,,reseller,nie,nie,Europa + Azja,duży 🟢,hurtownia + logistyka,5,wysoki,Ramūnas Kairys,CEO/dyrektor,brak,rekvizitai.vz.lt + web search,KRS API / CEIDG API + web search 2026-08-10,2026-08-10,QS: 85/100 | 🐋 2026-08-10 ✅ FROZEN (API),"🐋 NAJWIĘKSZY hurtownia/dystrybutor na Litwie i Łotwie. 1239 pracowników, kapitał 4.4M EUR, 500+ producentów, 35k+ klientów. PKD 46.39.00 (hurt żywności/napojów/tytoniu niewyspecjalizowana). Rejestracja 1992. CEO Ramūnas Kairys. POSIADA SISTER FIRMS: SIA SANITEX (LV), OÜ SANITEX (EE) - 1 partner = 3 kraje bałtyckie ⚠️ DO-WERYFIKACJI",mały
XX,nieznany,nieznany,,,LT-B-XX-002,B8,Philip Morris Baltic UAB,LT,Vilnius,"Jogailos g. 4, LT-01116",do weryfikacji,do weryfikacji,do ustalenia,,,,,,,,,,,,,,,,,,,,nace.lursoft.lv 2026-08-10,2026-08-10,QS: 35/100 | 2026-08-10 ⏳ PENDING_API,Starter set: web search 2026-08-10. Nip/rejestr do ustalenia.,
XX,nieznany,nieznany,,,LT-B-XX-003,B8,Tridens UAB,LT,Vilnius,do ustalenia,do weryfikacji,do weryfikacji,https://tridens.lt/,,,,,,,,,,,,,,,,,,,,web search 2026-08-10,2026-08-10,QS: 28/100 | 2026-08-10 ⏳ PENDING_API,Starter set: web search 2026-08-10. Nip/rejestr do ustalenia.,
XX,nieznany,nieznany,,,LT-B-XX-004,B4,UAB Tabakininkas,LT,Vilnius,"Giedraičių g. 39-R53, LT-09302",do weryfikacji,do weryfikacji,do ustalenia,,,,,,,,,,,,,,,,,,,,nace.lursoft.lv 2026-08-10,2026-08-10,QS: 35/100 | 2026-08-10 ⏳ PENDING_API,Starter set: web search 2026-08-10. Nip/rejestr do ustalenia.,
XX,nieznany,nieznany,,,LT-B-XX-005,B4,UAB SparkTea,LT,Vilnius,"Perkūnkiemio g. 19, LT-12120",do weryfikacji,do weryfikacji,do ustalenia,,,,,,,,,,,,,,,,,,,,nace.lursoft.lv 2026-08-10,2026-08-10,QS: 35/100 | 2026-08-10 ⏳ PENDING_API,Starter set: web search 2026-08-10. Nip/rejestr do ustalenia.,
XX,nieznany,nieznany,,,LT-B-XX-006,B4,UAB Vape B2B,LT,Kaunas,"Jonavos g. 278, LT-44131",do weryfikacji,do weryfikacji,do ustalenia,,,,,,,,,,,,,,,,,,,,nace.lursoft.lv 2026-08-10,2026-08-10,QS: 35/100 | 2026-08-10 ⏳ PENDING_API,Starter set: web search 2026-08-10. Nip/rejestr do ustalenia.,
XX,nieznany,nieznany,,,LT-B-XX-007,B4,"UAB ""Europos tabakas""",LT,Panevėžys,"Medžiotojų g. 9, LT-37176",do weryfikacji,do weryfikacji,do ustalenia,,,,,,,,,,,,,,,,,,,,nace.lursoft.lv 2026-08-10,2026-08-10,QS: 35/100 | 2026-08-10 ⏳ PENDING_API,Starter set: web search 2026-08-10. Nip/rejestr do ustalenia.,
XX,nieznany,nieznany,,,LT-B-XX-008,B4,"UAB ""Europinis tabakas""",LT,Panevėžys,"Medžiotojų g. 9, LT-37176",do weryfikacji,do weryfikacji,do ustalenia,,,,,,,,,,,,,,,,,,,,nace.lursoft.lv 2026-08-10,2026-08-10,QS: 35/100 | 2026-08-10 ⏳ PENDING_API,Starter set: web search 2026-08-10. Nip/rejestr do ustalenia.,
XX,nieznany,nieznany,,,LT-B-XX-009,B4,Mr Distributors MB,LT,Klaipėda,"Vaidaugų g. 11-13, LT-95219",do weryfikacji,do weryfikacji,http://mrshop.lt,,,,,,,,,,,,,,,,,,,,rekvizitai.vz.lt 2026-08-10,2026-08-10,QS: 35/100 | 2026-08-10 ⏳ PENDING_API,Starter set: web search 2026-08-10. Nip/rejestr do ustalenia.,
XX,nieznany,nieznany,,,LT-B-XX-010,B4,UAB DF Baltic,LT,Vilnius,"Kalvarijų g. 125, LT-08221",do weryfikacji,do weryfikacji,do ustalenia,,,,,,,,,,,,,,,,,,,,nace.lursoft.lv 2026-08-10,2026-08-10,QS: 35/100 | 2026-08-10 ⏳ PENDING_API,Starter set: web search 2026-08-10. Nip/rejestr do ustalenia.,
XX,Ķekavas novads,novads,"LT-B-KA-001,EE-B-XX-001",,LV-B-XX-001,B8,SIA SANITEX,LV,Rāmava (Ķekavas novads),"Liepu aleja 4, LV-2111",LV40003166842,UR 40003166842,https://sanitex.eu,brak,brak,+371 670 48400,brak,sanitex,brak,,reseller,nie,nie,Europa + Azja,duży 🟢,hurtownia + logistyka,5,wysoki,brak,brak,brak,sanitex.eu,KRS API / CEIDG API + web search 2026-08-10,2026-08-10,QS: 85/100 | 🐋 2026-08-10 ✅ FROZEN (API),Siostra UAB SANITEX (LT). Wspólny właściciel. Razem = kanał na Litwę + Łotwę ⚠️ DO-WERYFIKACJI,mały
XX,nieznany,nieznany,,,LV-B-XX-002,B8,Tabakas Nams Grupa SIA (TNG),LV,Rīga,"Meistaru 5, Piņķi, LV-2107",do weryfikacji,do weryfikacji,https://tng.lv/,,,,,,,,,,,,,,,,,,,,web search 2026-08-10,2026-08-10,QS: 35/100 | 2026-08-10 ⏳ PENDING_API,Starter set: web search 2026-08-10. Nip/rejestr do ustalenia.,
XX,nieznany,nieznany,,,LV-B-XX-003,B8,Greis SIA,LV,Liepāja,"Cukura 27, LV-3414",do weryfikacji,do weryfikacji,do ustalenia,,,,,,,,,,,,,,,,,,,,firmas.lv 2026-08-10,2026-08-10,QS: 35/100 | 2026-08-10 ⏳ PENDING_API,Starter set: web search 2026-08-10. Nip/rejestr do ustalenia.,
XX,nieznany,nieznany,,,LV-B-XX-004,B4,Philip Morris Latvia SIA,LV,Rīga,"Krišjāņa Valdemara Street 62, LV-1013",do weryfikacji,do weryfikacji,do ustalenia,,,,,,,,,,,,,,,,,,,,pmi.com 2026-08-10,2026-08-10,QS: 35/100 | 2026-08-10 ⏳ PENDING_API,Starter set: web search 2026-08-10. Nip/rejestr do ustalenia.,
XX,nieznany,nieznany,,,LV-B-XX-005,B4,G & P Tobacco SIA,LV,Rīga,"Krišjāņa Barona 32, LV-1011",do weryfikacji,do weryfikacji,do ustalenia,,,,,,,,,,,,,,,,,,,,firmas.lv 2026-08-10,2026-08-10,QS: 35/100 | 2026-08-10 ⏳ PENDING_API,Starter set: web search 2026-08-10. Nip/rejestr do ustalenia.,
XX,nieznany,nieznany,,,LV-B-XX-006,B4,Imperial Tobacco Latvia,LV,Rīga,do ustalenia,do weryfikacji,do weryfikacji,do ustalenia,,,,,,,,,,,,,,,,,,,,firmas.lv 2026-08-10,2026-08-10,QS: 28/100 | 2026-08-10 ⏳ PENDING_API,Starter set: web search 2026-08-10. Nip/rejestr do ustalenia.,
XX,nieznany,nieznany,,,LV-B-XX-007,B4,JTI Latvia,LV,Rīga,do ustalenia,do weryfikacji,do weryfikacji,do ustalenia,,,,,,,,,,,,,,,,,,,,firmas.lv 2026-08-10,2026-08-10,QS: 28/100 | 2026-08-10 ⏳ PENDING_API,Starter set: web search 2026-08-10. Nip/rejestr do ustalenia.,
XX,nieznany,nieznany,,,LV-B-XX-008,B4,Rasta 1 SIA,LV,Rīga,"Krustpils iela 121A, Rīga",do weryfikacji,do weryfikacji,https://www.rasta1.eu/,,,,,,,,,,,,,,,,,,,,web search 2026-08-10,2026-08-10,QS: 35/100 | 2026-08-10 ⏳ PENDING_API,Starter set: web search 2026-08-10. Nip/rejestr do ustalenia.,
XX,nieznany,nieznany,,,LV-B-XX-009,B4,Tabakeria.lv,LV,Rīga,do ustalenia,do weryfikacji,do weryfikacji,https://tabakeria.lv/,,,,,,,,,,,,,,,,,,,,web search 2026-08-10,2026-08-10,QS: 28/100 | 2026-08-10 ⏳ PENDING_API,Starter set: web search 2026-08-10. Nip/rejestr do ustalenia.,
XX,nieznany,nieznany,,,LV-B-XX-010,B4,SIA Philip Morris,LV,Rīga,Zigfrīda Annas Meierovica bulvāris 16,do weryfikacji,do weryfikacji,do ustalenia,,,,,,,,,,,,,,,,,,,,firmas.lv 2026-08-10,2026-08-10,QS: 35/100 | 2026-08-10 ⏳ PENDING_API,Starter set: web search 2026-08-10. Nip/rejestr do ustalenia.,
XX,nieznany,nieznany,,,MD-B-XX-001,B8,Tutun CTC SA,MD,Chișinău,do ustalenia,do weryfikacji,do weryfikacji,do ustalenia,,,,,,,,,,,,,,,,,,,,kompass.md 2026-08-10,2026-08-10,QS: 28/100 | 2026-08-10 ⏳ PENDING_API,Starter set: web search 2026-08-10. Nip/rejestr do ustalenia.,
XX,nieznany,nieznany,,,MD-B-XX-002,B8,Tutun Premium SRL ICS,MD,Chișinău,do ustalenia,do weryfikacji,do weryfikacji,do ustalenia,,,,,,,,,,,,,,,,,,,,kompass.md 2026-08-10,2026-08-10,QS: 28/100 | 2026-08-10 ⏳ PENDING_API,Starter set: web search 2026-08-10. Nip/rejestr do ustalenia.,
XX,nieznany,nieznany,,,MD-B-XX-003,B8,JT International Trading SRL,MD,Chișinău,"Ialoveni, bd. Moscow 11/8",do weryfikacji,do weryfikacji,do ustalenia,,,,,,,,,,,,,,,,,,,,kompass.md 2026-08-10,2026-08-10,QS: 35/100 | 2026-08-10 ⏳ PENDING_API,Starter set: web search 2026-08-10. Nip/rejestr do ustalenia.,
XX,nieznany,nieznany,,,MD-B-XX-004,B8,International Tobacco SRL,MD,Orhei,"Republic of Moldova, Orhei city",do weryfikacji,do weryfikacji,https://internationaltobacco.md/,,,,,,,,,,,,,,,,,,,,web search 2026-08-10,2026-08-10,QS: 35/100 | 2026-08-10 ⏳ PENDING_API,Starter set: web search 2026-08-10. Nip/rejestr do ustalenia.,
XX,nieznany,nieznany,,,MD-B-XX-005,B4,Premier Dialog SRL (Casa del Tabaco),MD,Chișinău,"str. Columna, 170, MD2004",do weryfikacji,do weryfikacji,https://tabakmd.com,,,,,,,,,,,,,,,,,,,,web search 2026-08-10,2026-08-10,QS: 35/100 | 2026-08-10 ⏳ PENDING_API,Starter set: web search 2026-08-10. Nip/rejestr do ustalenia.,
XX,nieznany,nieznany,,,MD-B-XX-006,B4,Tobacco Global Corporation SRL,MD,Chișinău,"strada Uzinelor, MD-2023",do weryfikacji,do weryfikacji,do ustalenia,,,,,,,,,,,,,,,,,,,,trademo.com 2026-08-10,2026-08-10,QS: 35/100 | 2026-08-10 ⏳ PENDING_API,Starter set: web search 2026-08-10. Nip/rejestr do ustalenia.,
XX,nieznany,nieznany,,,MD-B-XX-007,B4,Parse - Tutun SRL,MD,Orhei,do ustalenia,do weryfikacji,do weryfikacji,do ustalenia,,,,,,,,,,,,,,,,,,,,kompass.md 2026-08-10,2026-08-10,QS: 28/100 | 2026-08-10 ⏳ PENDING_API,Starter set: web search 2026-08-10. Nip/rejestr do ustalenia.,
XX,nieznany,nieznany,,,MD-B-XX-008,B4,Olvic Impex SRL,MD,Chișinău,do ustalenia,do weryfikacji,do weryfikacji,do ustalenia,,,,,,,,,,,,,,,,,,,,kompass.md 2026-08-10,2026-08-10,QS: 28/100 | 2026-08-10 ⏳ PENDING_API,Starter set: web search 2026-08-10. Nip/rejestr do ustalenia.,
XX,nieznany,nieznany,,,MD-B-XX-009,B4,Comolco SRL,MD,Chișinău,do ustalenia,do weryfikacji,do weryfikacji,do ustalenia,,,,,,,,,,,,,,,,,,,,kompass.md 2026-08-10,2026-08-10,QS: 28/100 | 2026-08-10 ⏳ PENDING_API,Starter set: web search 2026-08-10. Nip/rejestr do ustalenia.,
XX,nieznany,nieznany,,,MD-B-XX-010,B4,Philip Morris Sales & Marketing SRL,MD,Chișinău,str. Nicolae Dimo 21/3,do weryfikacji,do weryfikacji,do ustalenia,,,,,,,,,,,,,,,,,,,,trademo.com 2026-08-10,2026-08-10,QS: 35/100 | 2026-08-10 ⏳ PENDING_API,Starter set: web search 2026-08-10. Nip/rejestr do ustalenia.,
XX,nieznany,nieznany,,,RO-B-XX-001,B8,Tobacco Trading International RO SRL (Pöschl),RO,Oradea,"Strada Sovata, Nr 14, 410290",do weryfikacji,do weryfikacji,https://ttiro.ro/,,,,,,,,,,,,,,,,,,,,web search 2026-08-10,2026-08-10,QS: 35/100 | 2026-08-10 ⏳ PENDING_API,Starter set: web search 2026-08-10. Nip/rejestr do ustalenia.,
XX,nieznany,nieznany,,,RO-B-XX-002,B8,Brands International,RO,București,do ustalenia,do weryfikacji,do weryfikacji,https://www.brandsinternational.ro/,,,,,,,,,,,,,,,,,,,,web search 2026-08-10,2026-08-10,QS: 28/100 | 2026-08-10 ⏳ PENDING_API,Starter set: web search 2026-08-10. Nip/rejestr do ustalenia.,
XX,nieznany,nieznany,,,RO-B-XX-003,B4,JPB Trade SRL,RO,București,sector 1,do weryfikacji,do weryfikacji,do ustalenia,,,,,,,,,,,,,,,,,,,,kompass.ro 2026-08-10,2026-08-10,QS: 28/100 | 2026-08-10 ⏳ PENDING_API,Starter set: web search 2026-08-10. Nip/rejestr do ustalenia.,
XX,nieznany,nieznany,,,RO-B-XX-004,B4,Coliseum SA,RO,Craiova,do ustalenia,do weryfikacji,do weryfikacji,do ustalenia,,,,,,,,,,,,,,,,,,,,kompass.ro 2026-08-10,2026-08-10,QS: 28/100 | 2026-08-10 ⏳ PENDING_API,Starter set: web search 2026-08-10. Nip/rejestr do ustalenia.,
XX,nieznany,nieznany,,,RO-B-XX-005,B4,Angrosistul SRL,RO,Buzău,do ustalenia,do weryfikacji,do weryfikacji,do ustalenia,,,,,,,,,,,,,,,,,,,,kompass.ro 2026-08-10,2026-08-10,QS: 28/100 | 2026-08-10 ⏳ PENDING_API,Starter set: web search 2026-08-10. Nip/rejestr do ustalenia.,
XX,nieznany,nieznany,,,RO-B-XX-006,B4,Vincom Distribution SRL,RO,Brașov,do ustalenia,do weryfikacji,do weryfikacji,do ustalenia,,,,,,,,,,,,,,,,,,,,kompass.ro 2026-08-10,2026-08-10,QS: 28/100 | 2026-08-10 ⏳ PENDING_API,Starter set: web search 2026-08-10. Nip/rejestr do ustalenia.,
XX,nieznany,nieznany,,,RO-B-XX-007,B4,Luxury Gifts SRL,RO,București,do ustalenia,do weryfikacji,do weryfikacji,https://scluxurygifts.ro/,,,,,,,,,,,,,,,,,,,,web search 2026-08-10,2026-08-10,QS: 28/100 | 2026-08-10 ⏳ PENDING_API,Starter set: web search 2026-08-10. Nip/rejestr do ustalenia.,
XX,nieznany,nieznany,,,RO-B-XX-008,B4,Tobacco International Import Export SRL,RO,București,sector 6,do weryfikacji,do weryfikacji,do ustalenia,,,,,,,,,,,,,,,,,,,,kompass.ro 2026-08-10,2026-08-10,QS: 28/100 | 2026-08-10 ⏳ PENDING_API,Starter set: web search 2026-08-10. Nip/rejestr do ustalenia.,
XX,nieznany,nieznany,,,RO-B-XX-009,B4,TDG Prodimpex SRL,RO,Buzău,do ustalenia,do weryfikacji,do weryfikacji,do ustalenia,,,,,,,,,,,,,,,,,,,,kompass.ro 2026-08-10,2026-08-10,QS: 28/100 | 2026-08-10 ⏳ PENDING_API,Starter set: web search 2026-08-10. Nip/rejestr do ustalenia.,
XX,nieznany,nieznany,,,RO-B-XX-010,B4,PrimoNet (Primonet),RO,București,do ustalenia,do weryfikacji,do weryfikacji,https://primonet.ro/,,,,,,,,,,,,,,,,,,,,web search 2026-08-10,2026-08-10,QS: 28/100 | 2026-08-10 ⏳ PENDING_API,Starter set: web search 2026-08-10. Nip/rejestr do ustalenia.,
XX,nieznany,nieznany,,,RO-B-XX-011,B4,Corretto Roastery SRL,RO,Constanța,do ustalenia,do weryfikacji,do weryfikacji,do ustalenia,,,,,,,,,,,,,,,,,,,,kompass.ro 2026-08-10,2026-08-10,QS: 28/100 | 2026-08-10 ⏳ PENDING_API,Starter set: web search 2026-08-10. Nip/rejestr do ustalenia.,
XX,nieznany,nieznany,,,SK-B-XX-001,B8,DL Lauko s.r.o.,SK,Bratislava,do ustalenia,do weryfikacji,do weryfikacji,https://www.lauko.sk/,,,,,,,,,,,,,,,,,,,,web search 2026-08-10,2026-08-10,QS: 28/100 | 2026-08-10 ⏳ PENDING_API,Starter set: web search 2026-08-10. Nip/rejestr do ustalenia.,
XX,nieznany,nieznany,,,SK-B-XX-002,B8,GGT a.s. (Slovakia),SK,Bratislava,"Stará Vajnorská 9, 83104",do weryfikacji,do weryfikacji,https://ggtshop.sk/,,,,,,,,,,,,,,,,,,,,web search 2026-08-10,2026-08-10,QS: 35/100 | 2026-08-10 ⏳ PENDING_API,Starter set: web search 2026-08-10. Nip/rejestr do ustalenia.,
XX,nieznany,nieznany,,,SK-B-XX-003,B8,M+M Tabak (M+M Tabak s.r.o.),SK,Nitra,distribution Nitra + Prešov,do weryfikacji,do weryfikacji,https://www.mplusm.sk/,,,,,,,,,,,,,,,,,,,,web search 2026-08-10,2026-08-10,QS: 35/100 | 2026-08-10 ⏳ PENDING_API,Starter set: web search 2026-08-10. Nip/rejestr do ustalenia.,
XX,nieznany,nieznany,,,SK-B-XX-004,B4,Imperial Tobacco Slovakia a.s.,SK,Bratislava,do ustalenia,do weryfikacji,do weryfikacji,do ustalenia,,,,,,,,,,,,,,,,,,,,kompass.sk 2026-08-10,2026-08-10,QS: 28/100 | 2026-08-10 ⏳ PENDING_API,Starter set: web search 2026-08-10. Nip/rejestr do ustalenia.,
XX,nieznany,nieznany,,,SK-B-XX-005,B4,Philip Morris Slovakia s.r.o.,SK,Bratislava,"Galvaniho 15/A, 82104",do weryfikacji,do weryfikacji,do ustalenia,,,,,,,,,,,,,,,,,,,,kompass.sk 2026-08-10,2026-08-10,QS: 35/100 | 2026-08-10 ⏳ PENDING_API,Starter set: web search 2026-08-10. Nip/rejestr do ustalenia.,
XX,nieznany,nieznany,,,SK-B-XX-006,B4,JTI Slovak Republic s.r.o.,SK,Bratislava,"Obchodná 2, 81106",do weryfikacji,do weryfikacji,do ustalenia,,,,,,,,,,,,,,,,,,,,kompass.sk 2026-08-10,2026-08-10,QS: 35/100 | 2026-08-10 ⏳ PENDING_API,Starter set: web search 2026-08-10. Nip/rejestr do ustalenia.,
XX,nieznany,nieznany,,,SK-B-XX-007,B4,Mediapress Bratislava spol. s r.o.,SK,Bratislava,do ustalenia,do weryfikacji,do weryfikacji,do ustalenia,,,,,,,,,,,,,,,,,,,,kompass.sk 2026-08-10,2026-08-10,QS: 28/100 | 2026-08-10 ⏳ PENDING_API,Starter set: web search 2026-08-10. Nip/rejestr do ustalenia.,
XX,nieznany,nieznany,,,SK-B-XX-008,B4,Continental Tobacco Slovakia s.r.o.,SK,Rimavská Sobota,"Tomašovská 42, 97901",do weryfikacji,do weryfikacji,do ustalenia,,,,,,,,,,,,,,,,,,,,kompass.sk 2026-08-10,2026-08-10,QS: 35/100 | 2026-08-10 ⏳ PENDING_API,Starter set: web search 2026-08-10. Nip/rejestr do ustalenia.,
XX,nieznany,nieznany,,,SK-B-XX-009,B4,MOSTEX spol. s r.o. (import fajok),SK,Bratislava,do ustalenia,do weryfikacji,do weryfikacji,do ustalenia,,,,,,,,,,,,,,,,,,,,kompass.sk 2026-08-10,2026-08-10,QS: 28/100 | 2026-08-10 ⏳ PENDING_API,Starter set: web search 2026-08-10. Nip/rejestr do ustalenia.,
XX,nieznany,nieznany,,,SK-B-XX-010,B4,Geco s.r.o. (Slovakia),SK,Bratislava,"Stará Vajnorská 17, 83104",do weryfikacji,do weryfikacji,http://www.geco.sk,,,,,,,,,,,,,,,,,,,,kompass.sk 2026-08-10,2026-08-10,QS: 35/100 | 2026-08-10 ⏳ PENDING_API,Starter set: web search 2026-08-10. Nip/rejestr do ustalenia.,
XX,nieznany,nieznany,,,SK-B-XX-011,B4,MY & MI s.r.o.,SK,Bratislava,"Vajnorská 3A, 83104",do weryfikacji,do weryfikacji,https://myami.sk/,,,,,,,,,,,,,,,,,,,,kompass.sk 2026-08-10,2026-08-10,QS: 35/100 | 2026-08-10 ⏳ PENDING_API,Starter set: web search 2026-08-10. Nip/rejestr do ustalenia.,
XX,nieznany,nieznany,,,SI-B-XX-001,B8,Tobačna Grosist d.o.o. (Imperial Brands),SI,Ljubljana,"Cesta 24. junija 90, 1231 Ljubljana Črnuče",do weryfikacji,do weryfikacji,https://www.tobacna-grosist.si/,,,,,,,,,,,,,,,,,,,,web search 2026-08-10,2026-08-10,QS: 35/100 | 2026-08-10 ⏳ PENDING_API,Starter set: web search 2026-08-10. Nip/rejestr do ustalenia.,
XX,nieznany,nieznany,,,SI-B-XX-002,B8,Tobačna Ljubljana d.o.o. (Imperial Brands),SI,Ljubljana,"Cesta 24. junija 90, 1231 Ljubljana",do weryfikacji,do weryfikacji,https://tobacna.si/,,,,,,,,,,,,,,,,,,,,web search 2026-08-10,2026-08-10,QS: 35/100 | 2026-08-10 ⏳ PENDING_API,Starter set: web search 2026-08-10. Nip/rejestr do ustalenia.,
XX,nieznany,nieznany,,,SI-B-XX-003,B8,Tobačna 3DVA d.o.o.,SI,Ljubljana,"Cesta 24. junija 90, 1231 Ljubljana",do weryfikacji,do weryfikacji,do ustalenia,,,,,,,,,,,,,,,,,,,,web search 2026-08-10,2026-08-10,QS: 35/100 | 2026-08-10 ⏳ PENDING_API,Starter set: web search 2026-08-10. Nip/rejestr do ustalenia.,
XX,nieznany,nieznany,,,SI-B-XX-004,B4,Philip Morris Ljubljana trgovsko podjetje d.o.o.,SI,Ljubljana,Letališka cesta 29 A,do weryfikacji,do weryfikacji,do ustalenia,,,,,,,,,,,,,,,,,,,,TIS web search 2026-08-10,2026-08-10,QS: 35/100 | 2026-08-10 ⏳ PENDING_API,Starter set: web search 2026-08-10. Nip/rejestr do ustalenia.,
XX,nieznany,nieznany,,,SI-B-XX-005,B4,Camelot d.o.o.,SI,Ljubljana,"Trg republike 2, 1000",do weryfikacji,do weryfikacji,01 425 42 58,,,,,,,,,,,,,,,,,,,,TIS web search 2026-08-10,2026-08-10,QS: 35/100 | 2026-08-10 ⏳ PENDING_API,Starter set: web search 2026-08-10. Nip/rejestr do ustalenia.,
XX,nieznany,nieznany,,,SI-B-XX-006,B4,Meta - Miklavžina k.d.,SI,Velenje,"Stari trg 24, 3320",do weryfikacji,do weryfikacji,03 586 92 51,,,,,,,,,,,,,,,,,,,,TIS web search 2026-08-10,2026-08-10,QS: 35/100 | 2026-08-10 ⏳ PENDING_API,Starter set: web search 2026-08-10. Nip/rejestr do ustalenia.,
XX,nieznany,nieznany,,,SI-B-XX-007,B4,OTP Trgovina s tobakom d.o.o.,SI,Ljubljana,"Vojkova cesta 50, 1000",do weryfikacji,do weryfikacji,01 589 70 80,,,,,,,,,,,,,,,,,,,,TIS web search 2026-08-10,2026-08-10,QS: 35/100 | 2026-08-10 ⏳ PENDING_API,Starter set: web search 2026-08-10. Nip/rejestr do ustalenia.,
XX,nieznany,nieznany,,,SI-B-XX-008,B4,Saatbau Proizvodnja d.o.o.,SI,Hajdoše,"Hajdoše 46 A, 2288 Hajdina",do weryfikacji,do weryfikacji,041 669 178,,,,,,,,,,,,,,,,,,,,TIS web search 2026-08-10,2026-08-10,QS: 35/100 | 2026-08-10 ⏳ PENDING_API,Starter set: web search 2026-08-10. Nip/rejestr do ustalenia.,
XX,nieznany,nieznany,,,SI-B-XX-009,B4,Trafika Zajc I&M Rabbit d.o.o.,SI,Domžale,"Čufarjeva ulica 18, Vir, 1230",do weryfikacji,do weryfikacji,01 729 22 60,,,,,,,,,,,,,,,,,,,,TIS web search 2026-08-10,2026-08-10,QS: 35/100 | 2026-08-10 ⏳ PENDING_API,Starter set: web search 2026-08-10. Nip/rejestr do ustalenia.,
XX,nieznany,nieznany,,,SI-B-XX-010,B4,Phoenix Kranj d.o.o. (Trafika Breza),SI,Kranj,"Stritarjeva ulica 1, 4000",do weryfikacji,do weryfikacji,04 201 14 44,,,,,,,,,,,,,,,,,,,,TIS web search 2026-08-10,2026-08-10,QS: 35/100 | 2026-08-10 ⏳ PENDING_API,Starter set: web search 2026-08-10. Nip/rejestr do ustalenia.,
